ds,y,yhat1,trend,season_yearly,season_weekly
2023-06-18,,42.138153076171875,32.73128128051758,9.372718811035156,0.03415101766586304
2023-06-19,,42.16835021972656,32.731510162353516,9.40170955657959,0.03512951359152794
2023-06-20,,42.19190216064453,32.73174285888672,9.425760269165039,0.034396570175886154
2023-06-21,,42.2139778137207,32.73197555541992,9.445754051208496,0.03625147417187691
2023-06-22,,41.89646911621094,32.73220443725586,9.462542533874512,-0.29827752709388733
2023-06-23,,42.24502944946289,32.7324333190918,9.476946830749512,0.0356491394340992
2023-06-24,,42.34511184692383,32.732666015625,9.48974323272705,0.1226998120546341
2023-06-25,,42.26870346069336,32.7328987121582,9.501653671264648,0.03415101766586304
2023-06-26,,42.28160858154297,32.73312759399414,9.513350486755371,0.03512951359152794
2023-06-27,,42.29319381713867,32.733360290527344,9.525439262390137,0.034396570175886154
2023-06-28,,42.30829620361328,32.73358917236328,9.538455963134766,0.03625147417187691
2023-06-29,,41.98841094970703,32.733821868896484,9.552865982055664,-0.29827752709388733
2023-06-30,,42.33876037597656,32.73405075073242,9.569058418273926,0.0356491394340992
2023-07-01,,42.444332122802734,32.734283447265625,9.587347030639648,0.1226998120546341
2023-07-02,,42.37662124633789,32.73451614379883,9.607956886291504,0.03415101766586304
2023-07-03,,42.400909423828125,32.734745025634766,9.631034851074219,0.03512951359152794
2023-07-04,,42.426021575927734,32.7349739074707,9.656651496887207,0.034396570175886154
2023-07-05,,42.45624542236328,32.735206604003906,9.684786796569824,0.03625147417187691
2023-07-06,,42.15250778198242,32.73543930053711,9.715348243713379,-0.29827752709388733
2023-07-07,,42.51947784423828,32.73566818237305,9.748162269592285,0.0356491394340992
2023-07-08,,42.64158248901367,32.735897064208984,9.782983779907227,0.1226998120546341
2023-07-09,,42.58978271484375,32.73612976074219,9.819500923156738,0.03415101766586304
2023-07-10,,42.62881851196289,32.73636245727539,9.85732650756836,0.03512951359152794
2023-07-11,,42.667015075683594,32.73659133911133,9.896026611328125,0.034396570175886154
2023-07-12,,42.708187103271484,32.73682403564453,9.935111045837402,0.03625147417187691
2023-07-13,,42.41281509399414,32.73705291748047,9.974037170410156,-0.29827752709388733
2023-07-14,,42.785160064697266,32.73728561401367,10.012223243713379,0.0356491394340992
2023-07-15,,42.909278869628906,32.73751449584961,10.049064636230469,0.1226998120546341
2023-07-16,,42.8558235168457,32.73774719238281,10.08392333984375,0.03415101766586304
2023-07-17,,42.889259338378906,32.73797607421875,10.1161527633667,0.03512951359152794
2023-07-18,,42.917694091796875,32.73820877075195,10.145090103149414,0.034396570175886154
2023-07-19,,42.944766998291016,32.73843765258789,10.170075416564941,0.03625147417187691
2023-07-20,,42.630855560302734,32.738670349121094,10.190460205078125,-0.29827752709388733
2023-07-21,,42.98016357421875,32.7389030456543,10.20561408996582,0.0356491394340992
2023-07-22,,43.076751708984375,32.739131927490234,10.214920043945312,0.1226998120546341
2023-07-23,,42.9913215637207,32.73936462402344,10.217805862426758,0.03415101766586304
2023-07-24,,42.98845291137695,32.739593505859375,10.213727951049805,0.03512951359152794
2023-07-25,,42.976417541503906,32.73982620239258,10.202195167541504,0.034396570175886154
2023-07-26,,42.959068298339844,32.740055084228516,10.182761192321777,0.03625147417187691
2023-07-27,,42.59706115722656,32.74028778076172,10.155049324035645,-0.29827752709388733
2023-07-28,,42.894893646240234,32.740516662597656,10.118727684020996,0.0356491394340992
2023-07-29,,42.93699264526367,32.74074935913086,10.073546409606934,0.1226998120546341
2023-07-30,,42.79444885253906,32.7409782409668,10.019319534301758,0.03415101766586304
2023-07-31,,42.732269287109375,32.7412109375,9.955930709838867,0.03512951359152794
2023-08-01,,42.65918731689453,32.74143981933594,9.88334846496582,0.034396570175886154
2023-08-02,,42.57952880859375,32.74167251586914,9.801604270935059,0.03625147417187691
2023-08-03,,42.154441833496094,32.741905212402344,9.710813522338867,-0.29827752709388733
2023-08-04,,42.388954162597656,32.74213409423828,9.61117172241211,0.0356491394340992
2023-08-05,,42.368003845214844,32.74236297607422,9.502939224243164,0.1226998120546341
2023-08-06,,42.16320037841797,32.74259567260742,9.386452674865723,0.03415101766586304
2023-08-07,,42.04008102416992,32.742828369140625,9.262124061584473,0.03512951359152794
2023-08-08,,41.907875061035156,32.74305725097656,9.130420684814453,0.034396570175886154
2023-08-09,,41.771419525146484,32.743289947509766,8.991878509521484,0.03625147417187691
2023-08-10,,41.292327880859375,32.7435188293457,8.847088813781738,-0.29827752709388733
2023-08-11,,41.47609329223633,32.743751525878906,8.696691513061523,0.0356491394340992
2023-08-12,,41.408050537109375,32.743980407714844,8.541370391845703,0.1226998120546341
2023-08-13,,41.16020965576172,32.74421310424805,8.38184928894043,0.03415101766586304
2023-08-14,,40.99845886230469,32.74444580078125,8.218884468078613,0.03512951359152794
2023-08-15,,40.83232116699219,32.74467468261719,8.053248405456543,0.034396570175886154
2023-08-16,,40.666893005371094,32.744903564453125,7.885735988616943,0.03625147417187691
2023-08-17,,40.16400146484375,32.74513626098633,7.717145919799805,-0.29827752709388733
2023-08-18,,40.32929229736328,32.74536895751953,7.548275947570801,0.0356491394340992
2023-08-19,,40.24821472167969,32.74559783935547,7.379915714263916,0.1226998120546341
2023-08-20,,39.992820739746094,32.745826721191406,7.212839603424072,0.03415101766586304
2023-08-21,,39.828983306884766,32.74605941772461,7.047795295715332,0.03512951359152794
2023-08-22,,39.66618728637695,32.74629211425781,6.885499954223633,0.034396570175886154
2023-08-23,,39.509403228759766,32.74652099609375,6.726631164550781,0.03625147417187691
2023-08-24,,39.020294189453125,32.74674987792969,6.571818828582764,-0.29827752709388733
2023-08-25,,39.20427703857422,32.74698257446289,6.421641826629639,0.0356491394340992
2023-08-26,,39.14653396606445,32.747215270996094,6.276618480682373,0.1226998120546341
2023-08-27,,38.91880416870117,32.74744415283203,6.137206554412842,0.03415101766586304
2023-08-28,,38.78659439086914,32.747676849365234,6.003790378570557,0.03512951359152794
2023-08-29,,38.65898895263672,32.74790954589844,5.876683712005615,0.034396570175886154
2023-08-30,,38.5405158996582,32.748138427734375,5.756126403808594,0.03625147417187691
2023-08-31,,38.092369079589844,32.74836730957031,5.642277717590332,-0.29827752709388733
2023-09-01,,38.31946563720703,32.748600006103516,5.535215377807617,0.0356491394340992
2023-09-02,,38.30646896362305,32.74883270263672,5.434938430786133,0.1226998120546341
2023-09-03,,38.124576568603516,32.749061584472656,5.341363430023193,0.03415101766586304
2023-09-04,,38.03874588012695,32.749290466308594,5.2543253898620605,0.03512951359152794
2023-09-05,,37.95750427246094,32.7495231628418,5.173583030700684,0.034396570175886154
2023-09-06,,37.88481903076172,32.749755859375,5.098814010620117,0.03625147417187691
2023-09-07,,37.4813346862793,32.74998474121094,5.029627799987793,-0.29827752709388733
2023-09-08,,37.75142288208008,32.750213623046875,4.965559482574463,0.0356491394340992
2023-09-09,,37.77922439575195,32.75044631958008,4.906078815460205,0.1226998120546341
2023-09-10,,37.63542556762695,32.75067901611328,4.8505988121032715,0.03415101766586304
2023-09-11,,37.58451461791992,32.75090789794922,4.79847526550293,0.03512951359152794
2023-09-12,,37.53455352783203,32.751136779785156,4.749016761779785,0.034396570175886154
2023-09-13,,37.489112854003906,32.75136947631836,4.70149040222168,0.03625147417187691
2023-09-14,,37.10845184326172,32.75160217285156,4.655129432678223,-0.29827752709388733
2023-09-15,,37.39662170410156,32.7518310546875,4.609139919281006,0.0356491394340992
2023-09-16,,37.43747329711914,32.7520637512207,4.562708854675293,0.1226998120546341
2023-09-17,,37.30146026611328,32.752296447753906,4.5150146484375,0.03415101766586304
2023-09-18,,37.25288391113281,32.752525329589844,4.465230464935303,0.03512951359152794
2023-09-19,,37.19968795776367,32.75275421142578,4.412537097930908,0.034396570175886154
2023-09-20,,37.14536666870117,32.752986907958984,4.35612678527832,0.03625147417187691
2023-09-21,,36.75015640258789,32.75321960449219,4.2952141761779785,-0.29827752709388733
2023-09-22,,37.01814270019531,32.753448486328125,4.2290449142456055,0.0356491394340992
2023-09-23,,37.03327560424805,32.75367736816406,4.156898498535156,0.1226998120546341
2023-09-24,,36.86616134643555,32.753910064697266,4.078100204467773,0.03415101766586304
2023-09-25,,36.78129577636719,32.75414276123047,3.992023468017578,0.03512951359152794
2023-09-26,,36.68687057495117,32.754371643066406,3.8981006145477295,0.034396570175886154
2023-09-27,,36.5866813659668,32.75460433959961,3.795825242996216,0.03625147417187691
2023-09-28,,36.14131546020508,32.75483322143555,3.6847586631774902,-0.29827752709388733
2023-09-29,,36.355247497558594,32.75506591796875,3.5645320415496826,0.0356491394340992
2023-09-30,,36.31284713745117,32.75529479980469,3.4348537921905518,0.1226998120546341
2023-10-01,,36.08518981933594,32.75552749633789,3.295509099960327,0.03415101766586304
2023-10-02,,35.937252044677734,32.75575637817383,3.146364450454712,0.03512951359152794
2023-10-03,,35.77775192260742,32.75598907470703,2.9873673915863037,0.034396570175886154
2023-10-04,,35.611019134521484,32.75621795654297,2.818549394607544,0.03625147417187691
2023-10-05,,35.09819793701172,32.75645065307617,2.640022039413452,-0.29827752709388733
2023-10-06,,35.24431228637695,32.756683349609375,2.451979875564575,0.0356491394340992
2023-10-07,,35.13431167602539,32.75691223144531,2.254697322845459,0.1226998120546341
2023-10-08,,34.839820861816406,32.757144927978516,2.048525094985962,0.03415101766586304
2023-10-09,,34.62639617919922,32.75737380981445,1.8338907957077026,0.03512951359152794
2023-10-10,,34.40329360961914,32.757606506347656,1.6112900972366333,0.034396570175886154
2023-10-11,,34.17537307739258,32.757835388183594,1.3812859058380127,0.03625147417187691
2023-10-12,,33.60429382324219,32.7580680847168,1.144501805305481,-0.29827752709388733
2023-10-13,,33.6955680847168,32.758296966552734,0.9016194343566895,0.0356491394340992
2023-10-14,,33.53459548950195,32.75852966308594,0.6533665060997009,0.1226998120546341
2023-10-15,,33.19342803955078,32.758758544921875,0.40051770210266113,0.03415101766586304
2023-10-16,,32.93800354003906,32.75899124145508,0.143882617354393,0.03512951359152794
2023-10-17,,32.67791748046875,32.759220123291016,-0.11569971591234207,0.034396570175886154
2023-10-18,,32.418338775634766,32.75945281982422,-0.37736594676971436,0.03625147417187691
2023-10-19,,31.8211669921875,32.75968551635742,-0.6402396559715271,-0.29827752709388733
2023-10-20,,31.892127990722656,32.75991439819336,-0.9034363031387329,0.0356491394340992
2023-10-21,,31.716777801513672,32.7601432800293,-1.166068196296692,0.1226998120546341
2023-10-22,,31.367267608642578,32.7603759765625,-1.4272592067718506,0.03415101766586304
2023-10-23,,31.10959243774414,32.7606086730957,-1.686143398284912,0.03512951359152794
2023-10-24,,30.85335922241211,32.76083755493164,-1.9418772459030151,0.034396570175886154
2023-10-25,,30.603675842285156,32.761070251464844,-2.1936452388763428,0.03625147417187691
2023-10-26,,30.022354125976562,32.76129913330078,-2.4406659603118896,-0.29827752709388733
2023-10-27,,30.114986419677734,32.761531829833984,-2.6821959018707275,0.0356491394340992
2023-10-28,,29.966922760009766,32.76176071166992,-2.9175381660461426,0.1226998120546341
2023-10-29,,29.650096893310547,32.761993408203125,-3.1460464000701904,0.03415101766586304
2023-10-30,,29.43022918701172,32.76222610473633,-3.36712646484375,0.03512951359152794
2023-10-31,,29.21660614013672,32.762454986572266,-3.5802459716796875,0.034396570175886154
2023-11-01,,29.014007568359375,32.7626838684082,-3.7849295139312744,0.03625147417187691
2023-11-02,,28.483867645263672,32.762916564941406,-3.9807698726654053,-0.29827752709388733
2023-11-03,,28.63137435913086,32.76314926147461,-4.167422294616699,0.0356491394340992
2023-11-04,,28.541465759277344,32.76337814331055,-4.344611644744873,0.1226998120546341
2023-11-05,,28.285633087158203,32.763607025146484,-4.512127876281738,0.03415101766586304
2023-11-06,,28.129140853881836,32.76383972167969,-4.669830799102783,0.03512951359152794
2023-11-07,,27.980823516845703,32.76407241821289,-4.817644119262695,0.034396570175886154
2023-11-08,,27.844993591308594,32.76430130004883,-4.955559253692627,0.03625147417187691
2023-11-09,,27.38262176513672,32.764530181884766,-5.083632469177246,-0.29827752709388733
2023-11-10,,27.598438262939453,32.76476287841797,-5.201975345611572,0.0356491394340992
2023-11-11,,27.57693099975586,32.76499557495117,-5.310763359069824,0.1226998120546341
2023-11-12,,27.38915252685547,32.76522445678711,-5.410221576690674,0.03415101766586304
2023-11-13,,27.29995346069336,32.76545715332031,-5.500632286071777,0.03512951359152794
2023-11-14,,27.217769622802734,32.76568603515625,-5.582314491271973,0.034396570175886154
2023-11-15,,27.146533966064453,32.76591873168945,-5.655636310577393,0.03625147417187691
2023-11-16,,26.74687385559082,32.76614761352539,-5.720997333526611,-0.29827752709388733
2023-11-17,,27.023197174072266,32.766380310058594,-5.77883243560791,0.0356491394340992
2023-11-18,,27.05971336364746,32.7666130065918,-5.829597473144531,0.1226998120546341
2023-11-19,,26.92721939086914,32.766841888427734,-5.873773574829102,0.03415101766586304
2023-11-20,,26.89034652709961,32.76707077026367,-5.9118547439575195,0.03512951359152794
2023-11-21,,26.85736083984375,32.767303466796875,-5.944340705871582,0.034396570175886154
2023-11-22,,26.832046508789062,32.76753616333008,-5.971741199493408,0.03625147417187691
2023-11-23,,26.47492218017578,32.767765045166016,-5.994563579559326,-0.29827752709388733
2023-11-24,,26.790340423583984,32.76799392700195,-6.013305187225342,0.0356491394340992
2023-11-25,,26.862472534179688,32.768226623535156,-6.028454303741455,0.1226998120546341
2023-11-26,,26.762126922607422,32.76845932006836,-6.040482997894287,0.03415101766586304
2023-11-27,,26.753971099853516,32.7686882019043,-6.04984712600708,0.03512951359152794
2023-11-28,,26.746341705322266,32.7689208984375,-6.056974411010742,0.034396570175886154
2023-11-29,,26.74313735961914,32.76914978027344,-6.062265396118164,0.03625147417187691
2023-11-30,,26.405006408691406,32.76938247680664,-6.066096782684326,-0.29827752709388733
2023-12-01,,26.736454010009766,32.76961135864258,-6.06880521774292,0.0356491394340992
2023-12-02,,26.82184600830078,32.76984405517578,-6.07069730758667,0.1226998120546341
2023-12-03,,26.73218536376953,32.77007293701172,-6.072040557861328,0.03415101766586304
2023-12-04,,26.732364654541016,32.77030563354492,-6.073070049285889,0.03512951359152794
2023-12-05,,26.7309513092041,32.77053451538086,-6.073980331420898,0.034396570175886154
2023-12-06,,26.73208999633789,32.77076721191406,-6.074930191040039,0.03625147417187691
2023-12-07,,26.396682739257812,32.770999908447266,-6.076038360595703,-0.29827752709388733
2023-12-08,,26.7294864654541,32.7712287902832,-6.077390670776367,0.0356491394340992
2023-12-09,,26.815120697021484,32.771461486816406,-6.079039573669434,0.1226998120546341
2023-12-10,,26.724842071533203,32.771690368652344,-6.080999374389648,0.03415101766586304
2023-12-11,,26.723793029785156,32.77192306518555,-6.083257675170898,0.03512951359152794
2023-12-12,,26.72077178955078,32.772151947021484,-6.085775852203369,0.034396570175886154
2023-12-13,,26.720149993896484,32.77238464355469,-6.088487148284912,0.03625147417187691
2023-12-14,,26.38303565979004,32.772613525390625,-6.091302394866943,-0.29827752709388733
2023-12-15,,26.714378356933594,32.77284622192383,-6.094115257263184,0.0356491394340992
2023-12-16,,26.798969268798828,32.773075103759766,-6.096805095672607,0.1226998120546341
2023-12-17,,26.708221435546875,32.77330780029297,-6.09923791885376,0.03415101766586304
2023-12-18,,26.7073974609375,32.773536682128906,-6.101272106170654,0.03512951359152794
2023-12-19,,26.705402374267578,32.77376937866211,-6.102763652801514,0.034396570175886154
2023-12-20,,26.706684112548828,32.77400207519531,-6.103568077087402,0.03625147417187691
2023-12-21,,26.372413635253906,32.77423095703125,-6.103539943695068,-0.29827752709388733
2023-12-22,,26.707565307617188,32.77445983886719,-6.102546691894531,0.0356491394340992
2023-12-23,,26.79692840576172,32.77469253540039,-6.100462913513184,0.1226998120546341
2023-12-24,,26.71190071105957,32.774925231933594,-6.097175121307373,0.03415101766586304
2023-12-25,,26.717695236206055,32.77515411376953,-6.092588901519775,0.03512951359152794
2023-12-26,,26.72315788269043,32.775386810302734,-6.086623668670654,0.034396570175886154
2023-12-27,,26.732643127441406,32.77561569213867,-6.079224109649658,0.03625147417187691
2023-12-28,,26.40721321105957,32.775848388671875,-6.0703558921813965,-0.29827752709388733
2023-12-29,,26.751720428466797,32.77607727050781,-6.060006141662598,0.0356491394340992
2023-12-30,,26.85081672668457,32.776309967041016,-6.048190593719482,0.1226998120546341
2023-12-31,,26.775737762451172,32.77653884887695,-6.034951210021973,0.03415101766586304
2024-01-01,,26.791553497314453,32.776771545410156,-6.020349502563477,0.03512951359152794
2024-01-02,,26.806922912597656,32.777000427246094,-6.004477024078369,0.034396570175886154
2024-01-03,,26.826030731201172,32.7772331237793,-5.987452030181885,0.03625147417187691
2024-01-04,,26.50977325439453,32.7774658203125,-5.9694132804870605,-0.29827752709388733
2024-01-05,,26.86281967163086,32.77769470214844,-5.950523376464844,0.0356491394340992
2024-01-06,,26.96965980529785,32.777923583984375,-5.930965423583984,0.1226998120546341
2024-01-07,,26.901365280151367,32.77815628051758,-5.910940647125244,0.03415101766586304
2024-01-08,,26.9228515625,32.77838897705078,-5.890666484832764,0.03512951359152794
2024-01-09,,26.942642211914062,32.77861785888672,-5.870372772216797,0.034396570175886154
2024-01-10,,26.964797973632812,32.778846740722656,-5.850302219390869,0.03625147417187691
2024-01-11,,26.650102615356445,32.77907943725586,-5.8306989669799805,-0.29827752709388733
2024-01-12,,27.003143310546875,32.77931213378906,-5.811816215515137,0.0356491394340992
2024-01-13,,27.10833740234375,32.779541015625,-5.7939043045043945,0.1226998120546341
2024-01-14,,27.036714553833008,32.7797737121582,-5.777209281921387,0.03415101766586304
2024-01-15,,27.053165435791016,32.78000259399414,-5.761969566345215,0.03512951359152794
2024-01-16,,27.06621551513672,32.780235290527344,-5.748414993286133,0.034396570175886154
2024-01-17,,27.079957962036133,32.78046417236328,-5.736758708953857,0.03625147417187691
2024-01-18,,26.75522232055664,32.780696868896484,-5.727194786071777,-0.29827752709388733
2024-01-19,,27.0966796875,32.78092956542969,-5.719897747039795,0.0356491394340992
2024-01-20,,27.1888427734375,32.781158447265625,-5.715015888214111,0.1226998120546341
2024-01-21,,27.102863311767578,32.78138732910156,-5.712674617767334,0.03415101766586304
2024-01-22,,27.10378646850586,32.781620025634766,-5.712963104248047,0.03512951359152794
2024-01-23,,27.100305557250977,32.78185272216797,-5.7159423828125,0.034396570175886154
2024-01-24,,27.096691131591797,32.782081604003906,-5.721640586853027,0.03625147417187691
2024-01-25,,26.753986358642578,32.782310485839844,-5.730049133300781,-0.29827752709388733
2024-01-26,,27.077068328857422,32.78254318237305,-5.741123676300049,0.0356491394340992
2024-01-27,,27.150691986083984,32.78277587890625,-5.754782199859619,0.1226998120546341
2024-01-28,,27.046247482299805,32.78300476074219,-5.770908832550049,0.03415101766586304
2024-01-29,,27.02901840209961,32.783233642578125,-5.789348125457764,0.03512951359152794
2024-01-30,,27.007949829101562,32.78346633911133,-5.809915065765381,0.034396570175886154
2024-01-31,,26.987567901611328,32.78369903564453,-5.832382678985596,0.03625147417187691
2024-02-01,,26.629150390625,32.78392791748047,-5.856500148773193,-0.29827752709388733
2024-02-02,,26.937828063964844,32.78416061401367,-5.8819804191589355,0.0356491394340992
2024-02-03,,26.998577117919922,32.78438949584961,-5.908514022827148,0.1226998120546341
2024-02-04,,26.883007049560547,32.78462219238281,-5.935763835906982,0.03415101766586304
2024-02-05,,26.856605529785156,32.78485107421875,-5.963375568389893,0.03512951359152794
2024-02-06,,26.828502655029297,32.78508377075195,-5.990978240966797,0.034396570175886154
2024-02-07,,26.803382873535156,32.785316467285156,-6.01818323135376,0.03625147417187691
2024-02-08,,26.442665100097656,32.785545349121094,-6.044600486755371,-0.29827752709388733
2024-02-09,,26.751590728759766,32.78577423095703,-6.069833755493164,0.0356491394340992
2024-02-10,,26.815223693847656,32.786006927490234,-6.0934834480285645,0.1226998120546341
2024-02-11,,26.70522689819336,32.78623962402344,-6.115163326263428,0.03415101766586304
2024-02-12,,26.687103271484375,32.786468505859375,-6.134494304656982,0.03512951359152794
2024-02-13,,26.66998291015625,32.78669738769531,-6.1511125564575195,0.034396570175886154
2024-02-14,,26.658512115478516,32.786930084228516,-6.164672374725342,0.03625147417187691
2024-02-15,,26.31402587890625,32.78716278076172,-6.174858570098877,-0.29827752709388733
2024-02-16,,26.641660690307617,32.787391662597656,-6.181380271911621,0.0356491394340992
2024-02-17,,26.726341247558594,32.78762435913086,-6.183983325958252,0.1226998120546341
2024-02-18,,26.639556884765625,32.7878532409668,-6.182448387145996,0.03415101766586304
2024-02-19,,26.646617889404297,32.7880859375,-6.176598072052002,0.03512951359152794
2024-02-20,,26.656415939331055,32.7883186340332,-6.166297435760498,0.034396570175886154
2024-02-21,,26.67333984375,32.78854751586914,-6.15146017074585,0.03625147417187691
2024-02-22,,26.35845184326172,32.78877639770508,-6.132046699523926,-0.29827752709388733
2024-02-23,,26.71658706665039,32.78900909423828,-6.1080708503723145,0.0356491394340992
2024-02-24,,26.832345962524414,32.789241790771484,-6.079594612121582,0.1226998120546341
2024-02-25,,26.77688980102539,32.78947067260742,-6.046732425689697,0.03415101766586304
2024-02-26,,26.8151798248291,32.789703369140625,-6.009650707244873,0.03512951359152794
2024-02-27,,26.855758666992188,32.78993225097656,-5.968570232391357,0.034396570175886154
2024-02-28,,26.902660369873047,32.790164947509766,-5.9237565994262695,0.03625147417187691
2024-02-29,,26.616592407226562,32.7903938293457,-5.875524520874023,-0.29827752709388733
2024-03-01,,27.002037048339844,32.790626525878906,-5.824238300323486,0.0356491394340992
2024-03-02,,27.14325714111328,32.79085922241211,-5.770299911499023,0.1226998120546341
2024-03-03,,27.1110897064209,32.79108810424805,-5.714148998260498,0.03415101766586304
2024-03-04,,27.170183181762695,32.791316986083984,-5.656264781951904,0.03512951359152794
2024-03-05,,27.228790283203125,32.79154968261719,-5.597153663635254,0.034396570175886154
2024-03-06,,27.29068946838379,32.79178237915039,-5.537343502044678,0.03625147417187691
2024-03-07,,27.016347885131836,32.79201126098633,-5.4773850440979,-0.29827752709388733
2024-03-08,,27.410049438476562,32.792240142822266,-5.41784143447876,0.0356491394340992
2024-03-09,,27.555889129638672,32.79247283935547,-5.35928201675415,0.1226998120546341
2024-03-10,,27.524578094482422,32.79270553588867,-5.3022780418396,0.03415101766586304
2024-03-11,,27.58067512512207,32.79293441772461,-5.247389316558838,0.03512951359152794
2024-03-12,,27.63239288330078,32.79316329956055,-5.195167541503906,0.034396570175886154
2024-03-13,,27.68350601196289,32.79339599609375,-5.146143913269043,0.03625147417187691
2024-03-14,,27.394527435302734,32.79362869262695,-5.100822448730469,-0.29827752709388733
2024-03-15,,27.76983642578125,32.79385757446289,-5.059671878814697,0.0356491394340992
2024-03-16,,27.893665313720703,32.794090270996094,-5.0231242179870605,0.1226998120546341
2024-03-17,,27.8369083404541,32.7943229675293,-4.99156379699707,0.03415101766586304
2024-03-18,,27.864356994628906,32.794551849365234,-4.965322494506836,0.03512951359152794
2024-03-19,,27.88450050354004,32.79478073120117,-4.944677352905273,0.034396570175886154
2024-03-20,,27.901424407958984,32.795013427734375,-4.929839134216309,0.03625147417187691
2024-03-21,,27.576011657714844,32.79524612426758,-4.92095422744751,-0.29827752709388733
2024-03-22,,27.91302490234375,32.795475006103516,-4.918098449707031,0.0356491394340992
2024-03-23,,27.99713134765625,32.79570388793945,-4.921272277832031,0.1226998120546341
2024-03-24,,27.89969253540039,32.795936584472656,-4.93039608001709,0.03415101766586304
2024-03-25,,27.88597869873047,32.79616928100586,-4.945318222045898,0.03512951359152794
2024-03-26,,27.86499786376953,32.7963981628418,-4.965798854827881,0.034396570175886154
2024-03-27,,27.841358184814453,32.796627044677734,-4.991523265838623,0.03625147417187691
2024-03-28,,27.476490020751953,32.79685974121094,-5.022093772888184,-0.29827752709388733
2024-03-29,,27.775705337524414,32.79709243774414,-5.057035446166992,0.0356491394340992
2024-03-30,,27.824230194091797,32.79732131958008,-5.0957932472229,0.1226998120546341
2024-03-31,,27.69396209716797,32.797550201416016,-5.137739658355713,0.03415101766586304
2024-04-01,,27.650737762451172,32.79778289794922,-5.182176113128662,0.03512951359152794
2024-04-02,,27.604076385498047,32.79801559448242,-5.228335380554199,0.034396570175886154
2024-04-03,,27.559106826782227,32.79824447631836,-5.275390625,0.03625147417187691
2024-04-04,,27.177738189697266,32.79847717285156,-5.3224592208862305,-0.29827752709388733
2024-04-05,,27.46575164794922,32.798709869384766,-5.368606090545654,0.0356491394340992
2024-04-06,,27.50878143310547,32.7989387512207,-5.4128570556640625,0.1226998120546341
2024-04-07,,27.379119873046875,32.79916763305664,-5.454200267791748,0.03415101766586304
2024-04-08,,27.342933654785156,32.799400329589844,-5.491598129272461,0.03512951359152794
2024-04-09,,27.310033798217773,32.79963302612305,-5.523994445800781,0.034396570175886154
2024-04-10,,27.285791397094727,32.799861907958984,-5.55032205581665,0.03625147417187691
2024-04-11,,26.932300567626953,32.80009078979492,-5.569513320922852,-0.29827752709388733
2024-04-12,,27.255462646484375,32.800323486328125,-5.580509662628174,0.0356491394340992
2024-04-13,,27.340984344482422,32.80055618286133,-5.582268714904785,0.1226998120546341
2024-04-14,,27.261157989501953,32.800785064697266,-5.573776721954346,0.03415101766586304
2024-04-15,,27.282089233398438,32.8010139465332,-5.554055690765381,0.03512951359152794
2024-04-16,,27.3134765625,32.801246643066406,-5.522170066833496,0.034396570175886154
2024-04-17,,27.360488891601562,32.80147933959961,-5.477241039276123,0.03625147417187691
2024-04-18,,27.084980010986328,32.80170822143555,-5.418450832366943,-0.29827752709388733
2024-04-19,,27.492534637451172,32.80194091796875,-5.34505558013916,0.0356491394340992
2024-04-20,,27.668489456176758,32.80216979980469,-5.256382465362549,0.1226998120546341
2024-04-21,,27.684703826904297,32.80240249633789,-5.151849269866943,0.03415101766586304
2024-04-22,,27.806800842285156,32.80263137817383,-5.030961990356445,0.03512951359152794
2024-04-23,,27.94393539428711,32.80286407470703,-4.893326759338379,0.034396570175886154
2024-04-24,,28.10070037841797,32.803096771240234,-4.7386474609375,0.03625147417187691
2024-04-25,,27.938312530517578,32.80332565307617,-4.566734790802002,-0.29827752709388733
2024-04-26,,28.46169662475586,32.80355453491211,-4.377508640289307,0.0356491394340992
2024-04-27,,28.755489349365234,32.80378723144531,-4.170999526977539,0.1226998120546341
2024-04-28,,28.890819549560547,32.804019927978516,-3.9473509788513184,0.03415101766586304
2024-04-29,,29.13256072998047,32.80424880981445,-3.706817150115967,0.03512951359152794
2024-04-30,,29.389110565185547,32.804481506347656,-3.4497666358947754,0.034396570175886154
2024-05-01,,29.664287567138672,32.804710388183594,-3.1766767501831055,0.03625147417187691
2024-05-02,,29.6185302734375,32.8049430847168,-2.8881332874298096,-0.29827752709388733
2024-05-03,,30.255996704101562,32.805171966552734,-2.5848264694213867,0.0356491394340992
2024-05-04,,30.66055679321289,32.80540466308594,-2.2675464153289795,0.1226998120546341
2024-05-05,,30.902606964111328,32.805633544921875,-1.9371795654296875,0.03415101766586304
2024-05-06,,31.246295928955078,32.80586624145508,-1.5946991443634033,0.03512951359152794
2024-05-07,,31.59933090209961,32.806095123291016,-1.2411611080169678,0.034396570175886154
2024-05-08,,31.964881896972656,32.80632781982422,-0.8776968717575073,0.03625147417187691
2024-05-09,,32.002777099609375,32.806556701660156,-0.5055034160614014,-0.29827752709388733
2024-05-10,,32.71660232543945,32.80678939819336,-0.12583471834659576,0.0356491394340992
2024-05-11,,33.189727783203125,32.80702209472656,0.2600058317184448,0.1226998120546341
2024-05-12,,33.49208068847656,32.8072509765625,0.6506776213645935,0.03415101766586304
2024-05-13,,33.887420654296875,32.8074836730957,1.0448089838027954,0.03512951359152794
2024-05-14,,34.28312301635742,32.80771255493164,1.4410139322280884,0.034396570175886154
2024-05-15,,34.68209457397461,32.807945251464844,1.8378958702087402,0.03625147417187691
2024-05-16,,34.74395751953125,32.80817413330078,2.2340614795684814,-0.29827752709388733
2024-05-17,,35.47218322753906,32.808406829833984,2.6281309127807617,0.0356491394340992
2024-05-18,,35.95008087158203,32.80863571166992,3.018747568130493,0.1226998120546341
2024-05-19,,36.24760437011719,32.808868408203125,3.4045867919921875,0.03415101766586304
2024-05-20,,36.628597259521484,32.80909729003906,3.7843706607818604,0.03512951359152794
2024-05-21,,37.00059509277344,32.809329986572266,4.1568708419799805,0.034396570175886154
2024-05-22,,37.36673355102539,32.80956268310547,4.5209221839904785,0.03625147417187691
2024-05-23,,37.386940002441406,32.809791564941406,4.87542724609375,-0.29827752709388733
2024-05-24,,38.065040588378906,32.810020446777344,5.219369411468506,0.0356491394340992
2024-05-25,,38.484764099121094,32.81025314331055,5.551812648773193,0.1226998120546341
2024-05-26,,38.716548919677734,32.81048583984375,5.871915340423584,0.03415101766586304
2024-05-27,,39.0247688293457,32.81071472167969,6.178925037384033,0.03512951359152794
2024-05-28,,39.31753921508789,32.810943603515625,6.47219705581665,0.034396570175886154
2024-05-29,,39.59861373901367,32.81117630004883,6.751187324523926,0.03625147417187691
2024-05-30,,39.528587341308594,32.81140899658203,7.015456199645996,-0.29827752709388733
2024-05-31,,40.111961364746094,32.81163787841797,7.264674663543701,0.0356491394340992
2024-06-01,,40.433189392089844,32.81187057495117,7.498620986938477,0.1226998120546341
2024-06-02,,40.56343460083008,32.81209945678711,7.717182159423828,0.03415101766586304
2024-06-03,,40.7678108215332,32.81233215332031,7.920350551605225,0.03512951359152794
2024-06-04,,40.95518493652344,32.81256103515625,8.108227729797363,0.034396570175886154
2024-06-05,,41.13005447387695,32.81279373168945,8.281009674072266,0.03625147417187691
2024-06-06,,40.95374298095703,32.813026428222656,8.438994407653809,-0.29827752709388733
2024-06-07,,41.431480407714844,32.813255310058594,8.582573890686035,0.0356491394340992
2024-06-08,,41.64841079711914,32.81348419189453,8.712224960327148,0.1226998120546341
2024-06-09,,41.676368713378906,32.813716888427734,8.828499794006348,0.03415101766586304
2024-06-10,,41.78111267089844,32.81394958496094,8.932032585144043,0.03512951359152794
2024-06-11,,41.87209701538086,32.814178466796875,9.02352237701416,0.034396570175886154
2024-06-12,,41.95438003540039,32.81440734863281,9.103716850280762,0.03625147417187691
2024-06-13,,41.68978500366211,32.814640045166016,9.173421859741211,-0.29827752709388733
2024-06-14,,42.08399963378906,32.81487274169922,9.233479499816895,0.0356491394340992
2024-06-15,,42.22256088256836,32.815101623535156,9.284761428833008,0.1226998120546341
2024-06-16,,42.17764663696289,32.815330505371094,9.328165054321289,0.03415101766586304
2024-06-17,,42.21528625488281,32.8155632019043,9.364594459533691,0.03512951359152794
2024-06-18,,42.24515151977539,32.8157958984375,9.394960403442383,0.034396570175886154
2024-06-19,,42.272438049316406,32.81602478027344,9.420162200927734,0.03625147417187691
2024-06-20,,41.959068298339844,32.81625747680664,9.441088676452637,-0.29827752709388733
2024-06-21,,42.31073760986328,32.81648635864258,9.458600997924805,0.0356491394340992
2024-06-22,,42.41294479370117,32.81671905517578,9.473527908325195,0.1226998120546341
2024-06-23,,42.33775329589844,32.81694793701172,9.486654281616211,0.03415101766586304
2024-06-24,,42.35103225708008,32.81718063354492,9.4987211227417,0.03512951359152794
2024-06-25,,42.362220764160156,32.817413330078125,9.510412216186523,0.034396570175886154
2024-06-26,,42.376243591308594,32.81764221191406,9.52234935760498,0.03625147417187691
2024-06-27,,42.054683685302734,32.81787109375,9.535087585449219,-0.29827752709388733
2024-06-28,,42.402862548828125,32.8181037902832,9.54910945892334,0.0356491394340992
2024-06-29,,42.505859375,32.818336486816406,9.564825057983398,0.1226998120546341
2024-06-30,,42.435279846191406,32.818565368652344,9.582564353942871,0.03415101766586304
2024-07-01,,42.456504821777344,32.81879806518555,9.602577209472656,0.03512951359152794
2024-07-02,,42.47845458984375,32.819026947021484,9.625029563903809,0.034396570175886154
2024-07-03,,42.505516052246094,32.81925964355469,9.650008201599121,0.03625147417187691
2024-07-04,,42.19873046875,32.819488525390625,9.677520751953125,-0.29827752709388733
2024-07-05,,42.56285858154297,32.81972122192383,9.707487106323242,0.0356491394340992
2024-07-06,,42.68240737915039,32.819950103759766,9.739758491516113,0.1226998120546341
2024-07-07,,42.628440856933594,32.82018280029297,9.774106979370117,0.03415101766586304
2024-07-08,,42.665775299072266,32.820411682128906,9.81023120880127,0.03512951359152794
2024-07-09,,42.70281219482422,32.82064437866211,9.847769737243652,0.034396570175886154
2024-07-10,,42.74342346191406,32.82087326049805,9.886295318603516,0.03625147417187691
2024-07-11,,42.44816207885742,32.82110595703125,9.925333023071289,-0.29827752709388733
2024-07-12,,42.82133865356445,32.82133865356445,9.964350700378418,0.0356491394340992
2024-07-13,,42.94704818725586,32.82156753540039,10.002779006958008,0.1226998120546341
2024-07-14,,42.89596176147461,32.821800231933594,10.040014266967773,0.03415101766586304
2024-07-15,,42.93259048461914,32.82202911376953,10.075432777404785,0.03512951359152794
2024-07-16,,42.96503829956055,32.822261810302734,10.108379364013672,0.034396570175886154
2024-07-17,,42.996944427490234,32.82249069213867,10.138199806213379,0.03625147417187691
2024-07-18,,42.68867874145508,32.822723388671875,10.16423511505127,-0.29827752709388733
2024-07-19,,43.04443359375,32.82295227050781,10.185831069946289,0.0356491394340992
2024-07-20,,43.14823532104492,32.823184967041016,10.202350616455078,0.1226998120546341
2024-07-21,,43.07073974609375,32.82341384887695,10.213174819946289,0.03415101766586304
2024-07-22,,43.07649230957031,32.823646545410156,10.217716217041016,0.03512951359152794
2024-07-23,,43.073699951171875,32.82387924194336,10.215426445007324,0.034396570175886154
2024-07-24,,43.066162109375,32.8241081237793,10.205801963806152,0.03625147417187691
2024-07-25,,42.71444320678711,32.824337005615234,10.188383102416992,-0.29827752709388733
2024-07-26,,43.02299118041992,32.82456970214844,10.162771224975586,0.0356491394340992
2024-07-27,,43.07612991333008,32.82480239868164,10.128628730773926,0.1226998120546341
2024-07-28,,42.94486618041992,32.82503128051758,10.085683822631836,0.03415101766586304
2024-07-29,,42.89412307739258,32.825260162353516,10.033731460571289,0.03512951359152794
2024-07-30,,42.83252716064453,32.82549285888672,9.972640991210938,0.034396570175886154
2024-07-31,,42.76432800292969,32.82572555541992,9.902355194091797,0.03625147417187691
2024-08-01,,42.35057067871094,32.82595443725586,9.822891235351562,-0.29827752709388733
2024-08-02,,42.59618377685547,32.82618713378906,9.734349250793457,0.0356491394340992
2024-08-03,,42.58601379394531,32.826416015625,9.6368989944458,0.1226998120546341
2024-08-04,,42.39158248901367,32.8266487121582,9.53078556060791,0.03415101766586304
2024-08-05,,42.27833557128906,32.82687759399414,9.416327476501465,0.03512951359152794
2024-08-06,,42.15542221069336,32.827110290527344,9.293915748596191,0.034396570175886154
2024-08-07,,42.02760314941406,32.82734298706055,9.164009094238281,0.03625147417187691
2024-08-08,,41.556419372558594,32.827571868896484,9.02712345123291,-0.29827752709388733
2024-08-09,,41.747291564941406,32.82780075073242,8.883838653564453,0.0356491394340992
2024-08-10,,41.68551254272461,32.828033447265625,8.73477840423584,0.1226998120546341
2024-08-11,,41.44303894042969,32.82826614379883,8.580622673034668,0.03415101766586304
2024-08-12,,41.28570556640625,32.828495025634766,8.422082901000977,0.03512951359152794
2024-08-13,,41.12302780151367,32.8287239074707,8.259906768798828,0.034396570175886154
2024-08-14,,40.96007537841797,32.828956604003906,8.094864845275879,0.03625147417187691
2024-08-15,,40.458656311035156,32.82918930053711,7.927746772766113,-0.29827752709388733
2024-08-16,,40.62441635131836,32.82941818237305,7.759349822998047,0.0356491394340992
2024-08-17,,40.542823791503906,32.829647064208984,7.590476036071777,0.1226998120546341
2024-08-18,,40.285945892333984,32.82987976074219,7.421915531158447,0.03415101766586304
2024-08-19,,40.11968994140625,32.83011245727539,7.254447937011719,0.03512951359152794
2024-08-20,,39.95356369018555,32.83034133911133,7.088827133178711,0.034396570175886154
2024-08-21,,39.7926025390625,32.83057403564453,6.925778865814209,0.03625147417187691
2024-08-22,,39.298519134521484,32.83080291748047,6.765991687774658,-0.29827752709388733
2024-08-23,,39.47679138183594,32.83103561401367,6.610108375549316,0.0356491394340992
2024-08-24,,39.41268539428711,32.83126449584961,6.45872163772583,0.1226998120546341
2024-08-25,,39.178016662597656,32.83149719238281,6.312365531921387,0.03415101766586304
2024-08-26,,39.038368225097656,32.831729888916016,6.171511173248291,0.03512951359152794
2024-08-27,,38.90291976928711,32.83195877075195,6.036563873291016,0.034396570175886154
2024-08-28,,38.77629470825195,32.83218765258789,5.907855033874512,0.03625147417187691
2024-08-29,,38.319786071777344,32.832420349121094,5.785641670227051,-0.29827752709388733
2024-08-30,,38.53840637207031,32.8326530456543,5.670104503631592,0.0356491394340992
2024-08-31,,38.51692581176758,32.832881927490234,5.561344146728516,0.1226998120546341
2024-09-01,,38.326637268066406,32.83311080932617,5.459374904632568,0.03415101766586304
2024-09-02,,38.23261260986328,32.833343505859375,5.364136695861816,0.03512951359152794
2024-09-03,,38.143455505371094,32.83357620239258,5.275484561920166,0.034396570175886154
2024-09-04,,38.06325149536133,32.833805084228516,5.193195343017578,0.03625147417187691
2024-09-05,,37.65272521972656,32.83403778076172,5.116966724395752,-0.29827752709388733
2024-09-06,,37.916343688964844,32.834266662597656,5.046425819396973,0.0356491394340992
2024-09-07,,37.938323974609375,32.83449935913086,4.981124401092529,0.1226998120546341
2024-09-08,,37.7894287109375,32.8347282409668,4.9205498695373535,0.03415101766586304
2024-09-09,,37.73421859741211,32.8349609375,4.864128112792969,0.03512951359152794
2024-09-10,,37.68082046508789,32.83518981933594,4.811229228973389,0.034396570175886154
2024-09-11,,37.63284683227539,32.83542251586914,4.761171340942383,0.03625147417187691
2024-09-12,,37.250606536865234,32.83565139770508,4.71323299407959,-0.29827752709388733
2024-09-13,,37.53818893432617,32.83588409423828,4.666653156280518,0.0356491394340992
2024-09-14,,37.57946014404297,32.836116790771484,4.6206464767456055,0.1226998120546341
2024-09-15,,37.44490051269531,32.83634567260742,4.574403285980225,0.03415101766586304
2024-09-16,,37.398807525634766,32.836578369140625,4.527101516723633,0.03512951359152794
2024-09-17,,37.34912109375,32.83680725097656,4.477917194366455,0.034396570175886154
2024-09-18,,37.29931640625,32.837039947509766,4.426027297973633,0.03625147417187691
2024-09-19,,36.909610748291016,32.8372688293457,4.3706207275390625,-0.29827752709388733
2024-09-20,,37.18405532836914,32.837501525878906,4.310906410217285,0.0356491394340992
2024-09-21,,37.20655059814453,32.837730407714844,4.246120452880859,0.1226998120546341
2024-09-22,,37.047645568847656,32.83796310424805,4.175533771514893,0.03415101766586304
2024-09-23,,36.97178268432617,32.838191986083984,4.098458766937256,0.03512951359152794
2024-09-24,,36.88707733154297,32.83842468261719,4.014257431030273,0.034396570175886154
2024-09-25,,36.7972526550293,32.838653564453125,3.9223456382751465,0.03625147417187691
2024-09-26,,36.36281204223633,32.83888626098633,3.822202682495117,-0.29827752709388733
2024-09-27,,36.588138580322266,32.83911895751953,3.7133705615997314,0.0356491394340992
2024-09-28,,36.55751419067383,32.83934783935547,3.5954649448394775,0.1226998120546341
2024-09-29,,36.34189987182617,32.839576721191406,3.468172311782837,0.03415101766586304
2024-09-30,,36.206199645996094,32.83980941772461,3.3312604427337646,0.03512951359152794
2024-10-01,,36.05901336669922,32.84004211425781,3.1845734119415283,0.034396570175886154
2024-10-02,,35.904563903808594,32.84027099609375,3.0280404090881348,0.03625147417187691
2024-10-03,,35.403892517089844,32.84050369262695,2.8616695404052734,-0.29827752709388733
2024-10-04,,35.56193542480469,32.84073257446289,2.6855545043945312,0.0356491394340992
2024-10-05,,35.46353530883789,32.840965270996094,2.499868869781494,0.1226998120546341
2024-10-06,,35.180213928222656,32.84119415283203,2.304866075515747,0.03415101766586304
2024-10-07,,34.97743606567383,32.841426849365234,2.1008799076080322,0.03512951359152794
2024-10-08,,34.76436996459961,32.84165954589844,1.8883168697357178,0.034396570175886154
2024-10-09,,34.545799255371094,32.841888427734375,1.667657494544983,0.03625147417187691
2024-10-10,,33.98329162597656,32.84211730957031,1.4394478797912598,-0.29827752709388733
2024-10-11,,34.08229446411133,32.842350006103516,1.2042971849441528,0.0356491394340992
2024-10-12,,33.92815399169922,32.84258270263672,0.9628724455833435,0.1226998120546341
2024-10-13,,33.59285354614258,32.842811584472656,0.7158910036087036,0.03415101766586304
2024-10-14,,33.342288970947266,32.843040466308594,0.4641169607639313,0.03512951359152794
2024-10-15,,33.08601760864258,32.8432731628418,0.20835080742835999,0.034396570175886154
2024-10-16,,32.82918167114258,32.843505859375,-0.05057432875037193,0.03625147417187691
2024-10-17,,32.2336540222168,32.84373474121094,-0.31180185079574585,-0.29827752709388733
2024-10-18,,32.30515670776367,32.843963623046875,-0.5744566321372986,0.0356491394340992
2024-10-19,,32.129241943359375,32.84419631958008,-0.8376551866531372,0.1226998120546341
2024-10-20,,31.77806854248047,32.84442901611328,-1.1005111932754517,0.03415101766586304
2024-10-21,,31.51764678955078,32.84465789794922,-1.362144112586975,0.03512951359152794
2024-10-22,,31.257598876953125,32.84489059448242,-1.6216846704483032,0.034396570175886154
2024-10-23,,31.003089904785156,32.845123291015625,-1.8782840967178345,0.03625147417187691
2024-10-24,,30.41595458984375,32.84535217285156,-2.1311185359954834,-0.29827752709388733
2024-10-25,,30.501834869384766,32.8455810546875,-2.37939715385437,0.0356491394340992
2024-10-26,,30.346145629882812,32.8458137512207,-2.6223671436309814,0.1226998120546341
2024-10-27,,30.020877838134766,32.846046447753906,-2.859318971633911,0.03415101766586304
2024-10-28,,29.791812896728516,32.846275329589844,-3.089592933654785,0.03512951359152794
2024-10-29,,29.568317413330078,32.84650421142578,-3.3125829696655273,0.034396570175886154
2024-10-30,,29.35525131225586,32.846736907958984,-3.5277388095855713,0.03625147417187691
2024-10-31,,28.814117431640625,32.84696960449219,-3.7345731258392334,-0.29827752709388733
2024-11-01,,28.95018768310547,32.847198486328125,-3.9326586723327637,0.0356491394340992
2024-11-02,,28.848491668701172,32.84742736816406,-4.121636867523193,0.1226998120546341
2024-11-03,,28.58060073852539,32.847660064697266,-4.30121374130249,0.03415101766586304
2024-11-04,,28.41185760498047,32.84789276123047,-4.471164703369141,0.03512951359152794
2024-11-05,,28.251190185546875,32.848121643066406,-4.6313300132751465,0.034396570175886154
2024-11-06,,28.102983474731445,32.848350524902344,-4.781620025634766,0.03625147417187691
2024-11-07,,27.6283016204834,32.84858322143555,-4.922006607055664,-0.29827752709388733
2024-11-08,,27.831932067871094,32.84881591796875,-5.0525312423706055,0.0356491394340992
2024-11-09,,27.798450469970703,32.84904479980469,-5.173293590545654,0.1226998120546341
2024-11-10,,27.598979949951172,32.84927749633789,-5.284450531005859,0.03415101766586304
2024-11-11,,27.49842071533203,32.849510192871094,-5.3862175941467285,0.03512951359152794
2024-11-12,,27.4052734375,32.84973907470703,-5.4788618087768555,0.034396570175886154
2024-11-13,,27.32352638244629,32.84996795654297,-5.562694072723389,0.03625147417187691
2024-11-14,,26.913854598999023,32.85020065307617,-5.638069152832031,-0.29827752709388733
2024-11-15,,27.18069839477539,32.850433349609375,-5.705381393432617,0.0356491394340992
2024-11-16,,27.20830726623535,32.85066223144531,-5.765055179595947,0.1226998120546341
2024-11-17,,27.0674991607666,32.85089111328125,-5.8175435066223145,0.03415101766586304
2024-11-18,,27.022933959960938,32.85112380981445,-5.863320827484131,0.03512951359152794
2024-11-19,,26.982873916625977,32.851356506347656,-5.9028778076171875,0.034396570175886154
2024-11-20,,26.951122283935547,32.851585388183594,-5.936716079711914,0.03625147417187691
2024-11-21,,26.588199615478516,32.8518180847168,-5.965340614318848,-0.29827752709388733
2024-11-22,,26.8984375,32.852046966552734,-5.989259243011475,0.0356491394340992
2024-11-23,,26.96600341796875,32.85227966308594,-6.008974552154541,0.1226998120546341
2024-11-24,,26.861682891845703,32.852508544921875,-6.0249762535095215,0.03415101766586304
2024-11-25,,26.850128173828125,32.85274124145508,-6.037741661071777,0.03512951359152794
2024-11-26,,26.839637756347656,32.852970123291016,-6.047731876373291,0.034396570175886154
2024-11-27,,26.834075927734375,32.85320281982422,-6.055379390716553,0.03625147417187691
2024-11-28,,26.494060516357422,32.853431701660156,-6.061093807220459,-0.29827752709388733
2024-11-29,,26.82405662536621,32.85366439819336,-6.0652570724487305,0.0356491394340992
2024-11-30,,26.90837860107422,32.85389709472656,-6.0682148933410645,0.1226998120546341
2024-12-01,,26.8179931640625,32.8541259765625,-6.070284366607666,0.03415101766586304
2024-12-02,,26.817745208740234,32.8543586730957,-6.071742534637451,0.03512951359152794
2024-12-03,,26.81615447998047,32.85458755493164,-6.072831630706787,0.034396570175886154
2024-12-04,,26.817317962646484,32.854820251464844,-6.07375431060791,0.03625147417187691
2024-12-05,,26.48208999633789,32.85504913330078,-6.074681758880615,-0.29827752709388733
2024-12-06,,26.815189361572266,32.855281829833984,-6.075740814208984,0.0356491394340992
2024-12-07,,26.90118408203125,32.85551071166992,-6.0770263671875,0.1226998120546341
2024-12-08,,26.811294555664062,32.855743408203125,-6.0785980224609375,0.03415101766586304
2024-12-09,,26.810623168945312,32.85597229003906,-6.080480575561523,0.03512951359152794
2024-12-10,,26.807933807373047,32.856204986572266,-6.082667350769043,0.034396570175886154
2024-12-11,,26.80756187438965,32.8564338684082,-6.085124969482422,0.03625147417187691
2024-12-12,,26.470592498779297,32.856666564941406,-6.087796211242676,-0.29827752709388733
2024-12-13,,26.801952362060547,32.85689926147461,-6.0905938148498535,0.0356491394340992
2024-12-14,,26.886409759521484,32.85712814331055,-6.093418598175049,0.1226998120546341
2024-12-15,,26.79535675048828,32.857357025146484,-6.096150875091553,0.03415101766586304
2024-12-16,,26.794055938720703,32.85758972167969,-6.098660945892334,0.03512951359152794
2024-12-17,,26.79140853881836,32.85782241821289,-6.100808143615723,0.034396570175886154
2024-12-18,,26.791854858398438,32.85805130004883,-6.1024489402771,0.03625147417187691
2024-12-19,,26.456565856933594,32.85828399658203,-6.103438377380371,-0.29827752709388733
2024-12-20,,26.790529251098633,32.85851287841797,-6.10363245010376,0.0356491394340992
2024-12-21,,26.878551483154297,32.85874557495117,-6.102893352508545,0.1226998120546341
2024-12-22,,26.79203224182129,32.85897445678711,-6.10109281539917,0.03415101766586304
2024-12-23,,26.796218872070312,32.85920715332031,-6.098116397857666,0.03512951359152794
2024-12-24,,26.79997444152832,32.859439849853516,-6.093860626220703,0.034396570175886154
2024-12-25,,26.80767059326172,32.85966873168945,-6.088247776031494,0.03625147417187691
2024-12-26,,26.480411529541016,32.85989761352539,-6.081210613250732,-0.29827752709388733
2024-12-27,,26.82306671142578,32.860130310058594,-6.072711944580078,0.0356491394340992
2024-12-28,,26.920330047607422,32.8603630065918,-6.062732696533203,0.1226998120546341
2024-12-29,,26.843460083007812,32.860591888427734,-6.0512824058532715,0.03415101766586304
2024-12-30,,26.857561111450195,32.86082077026367,-6.03839111328125,0.03512951359152794
2024-12-31,,26.871326446533203,32.861053466796875,-6.02412223815918,0.034396570175886154
2025-01-01,,26.888978958129883,32.86128616333008,-6.0085577964782715,0.03625147417187691
2025-01-02,,26.571428298950195,32.861515045166016,-5.9918084144592285,-0.29827752709388733
2025-01-03,,26.923385620117188,32.86174392700195,-5.974009990692139,0.0356491394340992
2025-01-04,,27.029361724853516,32.861976623535156,-5.955316066741943,0.1226998120546341
2025-01-05,,26.960453033447266,32.86220932006836,-5.935907363891602,0.03415101766586304
2025-01-06,,26.98158836364746,32.8624382019043,-5.915979385375977,0.03512951359152794
2025-01-07,,27.001319885253906,32.8626708984375,-5.895745277404785,0.034396570175886154
2025-01-08,,27.02371597290039,32.86289978027344,-5.875436305999756,0.03625147417187691
2025-01-09,,26.70956802368164,32.86313247680664,-5.85528564453125,-0.29827752709388733
2025-01-10,,27.06346893310547,32.86336135864258,-5.835542678833008,0.0356491394340992
2025-01-11,,27.169837951660156,32.86359405517578,-5.816455841064453,0.1226998120546341
2025-01-12,,27.09969711303711,32.863826751708984,-5.798278331756592,0.03415101766586304
2025-01-13,,27.117931365966797,32.86405563354492,-5.781254768371582,0.03512951359152794
2025-01-14,,27.133052825927734,32.86428451538086,-5.76563024520874,0.034396570175886154
2025-01-15,,27.14913558959961,32.86451721191406,-5.751634120941162,0.03625147417187691
2025-01-16,,26.82698631286621,32.864749908447266,-5.7394843101501465,-0.29827752709388733
2025-01-17,,27.171249389648438,32.8649787902832,-5.729378700256348,0.0356491394340992
2025-01-18,,27.266408920288086,32.86520767211914,-5.721499919891357,0.1226998120546341
2025-01-19,,27.183589935302734,32.865440368652344,-5.716002941131592,0.03415101766586304
2025-01-20,,27.187786102294922,32.86567306518555,-5.713016510009766,0.03512951359152794
2025-01-21,,27.187660217285156,32.865901947021484,-5.712640285491943,0.034396570175886154
2025-01-22,,27.187440872192383,32.86613082885742,-5.7149434089660645,0.03625147417187691
2025-01-23,,26.848125457763672,32.866363525390625,-5.719961643218994,-0.29827752709388733
2025-01-24,,27.174549102783203,32.86659622192383,-5.727694511413574,0.0356491394340992
2025-01-25,,27.251415252685547,32.866825103759766,-5.738109588623047,0.1226998120546341
2025-01-26,,27.15007781982422,32.86705780029297,-5.751131057739258,0.03415101766586304
2025-01-27,,27.135765075683594,32.867286682128906,-5.766654014587402,0.03512951359152794
2025-01-28,,27.11738395690918,32.86751937866211,-5.784531593322754,0.034396570175886154
2025-01-29,,27.099414825439453,32.86774826049805,-5.804585933685303,0.03625147417187691
2025-01-30,,26.74310302734375,32.86798095703125,-5.826600551605225,-0.29827752709388733
2025-01-31,,27.053529739379883,32.86821365356445,-5.850330829620361,0.0356491394340992
2025-02-01,,27.115642547607422,32.86844253540039,-5.875499725341797,0.1226998120546341
2025-02-02,,27.001022338867188,32.86867141723633,-5.90179967880249,0.03415101766586304
2025-02-03,,26.97513198852539,32.86890411376953,-5.928903102874756,0.03512951359152794
2025-02-04,,26.94707489013672,32.869136810302734,-5.956458568572998,0.034396570175886154
2025-02-05,,26.921518325805664,32.86936569213867,-5.984098434448242,0.03625147417187691
2025-02-06,,26.559879302978516,32.869598388671875,-6.011439800262451,-0.29827752709388733
2025-02-07,,26.86738395690918,32.86982727050781,-6.038092613220215,0.0356491394340992
2025-02-08,,26.929100036621094,32.870059967041016,-6.063657283782959,0.1226998120546341
2025-02-09,,26.816699981689453,32.87028884887695,-6.087739944458008,0.03415101766586304
2025-02-10,,26.79570198059082,32.870521545410156,-6.109949588775635,0.03512951359152794
2025-02-11,,26.775245666503906,32.870750427246094,-6.129902362823486,0.034396570175886154
2025-02-12,,26.7600040435791,32.8709831237793,-6.147230625152588,0.03625147417187691
2025-02-13,,26.411346435546875,32.871212005615234,-6.161587715148926,-0.29827752709388733
2025-02-14,,26.734447479248047,32.87144470214844,-6.172645568847656,0.0356491394340992
2025-02-15,,26.814266204833984,32.871673583984375,-6.180108547210693,0.1226998120546341
2025-02-16,,26.72234344482422,32.87190628051758,-6.183714389801025,0.03415101766586304
2025-02-17,,26.724037170410156,32.87213897705078,-6.183230876922607,0.03512951359152794
2025-02-18,,26.728290557861328,32.87236785888672,-6.178473472595215,0.034396570175886154
2025-02-19,,26.73955535888672,32.87260055541992,-6.169294357299805,0.03625147417187691
2025-02-20,,26.41895294189453,32.87282943725586,-6.155598163604736,-0.29827752709388733
2025-02-21,,26.771381378173828,32.87306213378906,-6.1373291015625,0.0356491394340992
2025-02-22,,26.881500244140625,32.873291015625,-6.114490032196045,0.1226998120546341
2025-02-23,,26.82054328918457,32.8735237121582,-6.087130069732666,0.03415101766586304
2025-02-24,,26.853532791137695,32.87375259399414,-6.055350303649902,0.03512951359152794
2025-02-25,,26.889076232910156,32.873985290527344,-6.01930570602417,0.034396570175886154
2025-02-26,,26.93126678466797,32.87421417236328,-5.979201316833496,0.03625147417187691
2025-02-27,,26.64087677001953,32.874446868896484,-5.935293197631836,-0.29827752709388733
2025-02-28,,27.022441864013672,32.87467956542969,-5.887884616851807,0.0356491394340992
2025-03-01,,27.160282135009766,32.874908447265625,-5.837325572967529,0.1226998120546341
2025-03-02,,27.125280380249023,32.87513732910156,-5.7840094566345215,0.03415101766586304
2025-03-03,,27.18212890625,32.875370025634766,-5.728369235992432,0.03512951359152794
2025-03-04,,27.23912811279297,32.87560272216797,-5.670871257781982,0.034396570175886154
2025-03-05,,27.300067901611328,32.875831604003906,-5.6120171546936035,0.03625147417187691
2025-03-06,,27.025453567504883,32.876060485839844,-5.552331447601318,-0.29827752709388733
2025-03-07,,27.41958236694336,32.87629318237305,-5.492358684539795,0.0356491394340992
2025-03-08,,27.566566467285156,32.87652587890625,-5.432659149169922,0.1226998120546341
2025-03-09,,27.537105560302734,32.87675476074219,-5.3737993240356445,0.03415101766586304
2025-03-10,,27.59576416015625,32.87698745727539,-5.316352367401123,0.03512951359152794
2025-03-11,,27.650733947753906,32.87721633911133,-5.260882377624512,0.034396570175886154
2025-03-12,,27.70575714111328,32.87744903564453,-5.207943439483643,0.03625147417187691
2025-03-13,,27.421329498291016,32.87767791748047,-5.158071517944336,-0.29827752709388733
2025-03-14,,27.80177879333496,32.87791061401367,-5.11177921295166,0.0356491394340992
2025-03-15,,27.931297302246094,32.878143310546875,-5.069543361663818,0.1226998120546341
2025-03-16,,27.880714416503906,32.87837219238281,-5.031807899475098,0.03415101766586304
2025-03-17,,27.914766311645508,32.87860107421875,-4.998966693878174,0.03512951359152794
2025-03-18,,27.94186019897461,32.87883377075195,-4.971367359161377,0.034396570175886154
2025-03-19,,27.966014862060547,32.879066467285156,-4.949300765991211,0.03625147417187691
2025-03-20,,27.64802360534668,32.879295349121094,-4.932994365692139,-0.29827752709388733
2025-03-21,,27.99256134033203,32.87952423095703,-4.92261266708374,0.0356491394340992
2025-03-22,,28.084213256835938,32.879756927490234,-4.918246746063232,0.1226998120546341
2025-03-23,,27.994224548339844,32.87998962402344,-4.919915676116943,0.03415101766586304
2025-03-24,,27.987783432006836,32.880218505859375,-4.9275641441345215,0.03512951359152794
2025-03-25,,27.97378921508789,32.88044738769531,-4.9410552978515625,0.034396570175886154
2025-03-26,,27.95676040649414,32.880680084228516,-4.9601731300354,0.03625147417187691
2025-03-27,,27.59801483154297,32.88091278076172,-4.984620571136475,-0.29827752709388733
2025-03-28,,27.90277099609375,32.881141662597656,-5.014021396636963,0.0356491394340992
2025-03-29,,27.956153869628906,32.88137435913086,-5.047919750213623,0.1226998120546341
2025-03-30,,27.829978942871094,32.8816032409668,-5.085778713226318,0.03415101766586304
2025-03-31,,27.789974212646484,32.8818359375,-5.1269917488098145,0.03512951359152794
2025-04-01,,27.745588302612305,32.88206481933594,-5.170874118804932,0.034396570175886154
2025-04-02,,27.701871871948242,32.88229751586914,-5.216678142547607,0.03625147417187691
2025-04-03,,27.320659637451172,32.882530212402344,-5.2635908126831055,-0.29827752709388733
2025-04-04,,27.607666015625,32.88275909423828,-5.3107404708862305,0.0356491394340992
2025-04-05,,27.648481369018555,32.88298797607422,-5.357207775115967,0.1226998120546341
2025-04-06,,27.515344619750977,32.88322067260742,-5.402027130126953,0.03415101766586304
2025-04-07,,27.474388122558594,32.883453369140625,-5.4441938400268555,0.03512951359152794
2025-04-08,,27.435401916503906,32.88368225097656,-5.4826765060424805,0.034396570175886154
2025-04-09,,27.40374183654785,32.8839111328125,-5.516422748565674,0.03625147417187691
2025-04-10,,27.041500091552734,32.8841438293457,-5.54436731338501,-0.29827752709388733
2025-04-11,,27.354581832885742,32.884376525878906,-5.56544303894043,0.0356491394340992
2025-04-12,,27.42871856689453,32.884605407714844,-5.578586101531982,0.1226998120546341
2025-04-13,,27.33623695373535,32.88483810424805,-5.582752227783203,0.03415101766586304
2025-04-14,,27.343280792236328,32.885066986083984,-5.576915740966797,0.03512951359152794
2025-04-15,,27.359603881835938,32.88529968261719,-5.560091018676758,0.034396570175886154
2025-04-16,,27.39044952392578,32.885528564453125,-5.5313310623168945,0.03625147417187691
2025-04-17,,27.097742080688477,32.88576126098633,-5.489742755889893,-0.29827752709388733
2025-04-18,,27.487150192260742,32.885990142822266,-5.43449068069458,0.0356491394340992
2025-04-19,,27.64411163330078,32.88622283935547,-5.364811897277832,0.1226998120546341
2025-04-20,,27.640586853027344,32.886451721191406,-5.28001594543457,0.03415101766586304
2025-04-21,,27.74231719970703,32.88668441772461,-5.179497718811035,0.03512951359152794
2025-04-22,,27.858570098876953,32.88691711425781,-5.062741756439209,0.034396570175886154
2025-04-23,,27.99407386779785,32.88714599609375,-4.929324150085449,0.03625147417187691
2025-04-24,,27.81017303466797,32.88737869262695,-4.778927326202393,-0.29827752709388733
2025-04-25,,28.31192398071289,32.88760757446289,-4.611334323883057,0.0356491394340992
2025-04-26,,28.58409881591797,32.887840270996094,-4.426438808441162,0.1226998120546341
2025-04-27,,28.697978973388672,32.88806915283203,-4.224240779876709,0.03415101766586304
2025-04-28,,28.918575286865234,32.888301849365234,-4.004857540130615,0.03512951359152794
2025-04-29,,29.154415130615234,32.88853073120117,-3.7685155868530273,0.034396570175886154
2025-04-30,,29.409461975097656,32.888763427734375,-3.5155534744262695,0.03625147417187691
2025-05-01,,29.34429168701172,32.88899230957031,-3.24642276763916,-0.29827752709388733
2025-05-02,,29.963191986083984,32.889225006103516,-2.961682081222534,0.0356491394340992
2025-05-03,,30.35015869140625,32.88945388793945,-2.6619958877563477,0.1226998120546341
2025-05-04,,30.575706481933594,32.889686584472656,-2.3481297492980957,0.03415101766586304
2025-05-05,,30.904102325439453,32.88991928100586,-2.020946741104126,0.03512951359152794
2025-05-06,,31.243144989013672,32.8901481628418,-1.6813985109329224,0.034396570175886154
2025-05-07,,31.596107482910156,32.890377044677734,-1.3305217027664185,0.03625147417187691
2025-05-08,,31.622901916503906,32.89060974121094,-0.9694289565086365,-0.29827752709388733
2025-05-09,,32.327186584472656,32.89084243774414,-0.5993021726608276,0.0356491394340992
2025-05-10,,32.792388916015625,32.89107131958008,-0.2213822603225708,0.1226998120546341
2025-05-11,,33.08849334716797,32.89130401611328,0.16303981840610504,0.03415101766586304
2025-05-12,,33.47929382324219,32.89153289794922,0.5526309013366699,0.03512951359152794
2025-05-13,,33.872188568115234,32.89176559448242,0.946027398109436,0.034396570175886154
2025-05-14,,34.27009201049805,32.89199447631836,1.3418450355529785,0.03625147417187691
2025-05-15,,34.332637786865234,32.89222717285156,1.738688588142395,-0.29827752709388733
2025-05-16,,35.063270568847656,32.892459869384766,2.1351635456085205,0.0356491394340992
2025-05-17,,35.54527282714844,32.8926887512207,2.5298850536346436,0.1226998120546341
2025-05-18,,35.84856033325195,32.89291763305664,2.92149019241333,0.03415101766586304
2025-05-19,,36.23692321777344,32.893150329589844,3.308645725250244,0.03512951359152794
2025-05-20,,36.61783981323242,32.89338302612305,3.690060615539551,0.034396570175886154
2025-05-21,,36.99435806274414,32.893611907958984,4.064493656158447,0.03625147417187691
2025-05-22,,37.02632522583008,32.89384078979492,4.430761337280273,-0.29827752709388733
2025-05-23,,37.71747589111328,32.894073486328125,4.787753582000732,0.0356491394340992
2025-05-24,,38.151432037353516,32.89430618286133,5.134427070617676,0.1226998120546341
2025-05-25,,38.39851760864258,32.894535064697266,5.469828128814697,0.03415101766586304
2025-05-26,,38.722984313964844,32.8947639465332,5.793088436126709,0.03512951359152794
2025-05-27,,39.03282928466797,32.894996643066406,6.10343599319458,0.034396570175886154
2025-05-28,,39.33168029785156,32.89522933959961,6.400198459625244,0.03625147417187691
2025-05-29,,39.27998352050781,32.89545822143555,6.682803630828857,-0.29827752709388733
2025-05-30,,39.88212585449219,32.89569091796875,6.950788974761963,0.0356491394340992
2025-05-31,,40.222415924072266,32.89592361450195,7.203794956207275,0.1226998120546341
2025-06-01,,40.37187957763672,32.89615249633789,7.441574573516846,0.03415101766586304
2025-06-02,,40.595497131347656,32.89638137817383,7.663986682891846,0.03512951359152794
2025-06-03,,40.802005767822266,32.89661407470703,7.870997905731201,0.034396570175886154
2025-06-04,,40.99578094482422,32.896846771240234,8.06268310546875,0.03625147417187691
2025-06-05,,40.8380126953125,32.89707565307617,8.239214897155762,-0.29827752709388733
2025-06-06,,41.333824157714844,32.89730453491211,8.400866508483887,0.0356491394340992
2025-06-07,,41.56824493408203,32.89753723144531,8.548005104064941,0.1226998120546341
2025-06-08,,41.613006591796875,32.897769927978516,8.6810884475708,0.03415101766586304
2025-06-09,,41.73377990722656,32.89799880981445,8.800651550292969,0.03512951359152794
2025-06-10,,41.839935302734375,32.89822769165039,8.907307624816895,0.034396570175886154
2025-06-11,,41.93645095825195,32.898460388183594,9.001738548278809,0.03625147417187691
2025-06-12,,41.68510055541992,32.8986930847168,9.084683418273926,-0.29827752709388733
2025-06-13,,42.09150695800781,32.898921966552734,9.156933784484863,0.0356491394340992
2025-06-14,,42.241172790527344,32.89915084838867,9.219322204589844,0.1226998120546341
2025-06-15,,42.20625305175781,32.899383544921875,9.27271556854248,0.03415101766586304
2025-06-16,,42.25274658203125,32.89961624145508,9.318002700805664,0.03512951359152794
2025-06-17,,42.29033279418945,32.899845123291016,9.356090545654297,0.034396570175886154
2025-06-18,,42.32421875,32.90007781982422,9.38788890838623,0.03625147417187691
2025-06-19,,42.016326904296875,32.90031051635742,9.414297103881836,-0.29827752709388733
2025-06-20,,42.372398376464844,32.90053939819336,9.436210632324219,0.0356491394340992
2025-06-21,,42.47796630859375,32.9007682800293,9.454496383666992,0.1226998120546341
2025-06-22,,42.405147552490234,32.9010009765625,9.469993591308594,0.03415101766586304
2025-06-23,,42.41986083984375,32.9012336730957,9.483498573303223,0.03512951359152794
2025-06-24,,42.43162536621094,32.90146255493164,9.495765686035156,0.034396570175886154
2025-06-25,,42.4454345703125,32.90169143676758,9.507491111755371,0.03625147417187691
2025-06-26,,42.122955322265625,32.90192413330078,9.519309043884277,-0.29827752709388733
2025-06-27,,42.4696044921875,32.902156829833984,9.531800270080566,0.0356491394340992
2025-06-28,,42.5705451965332,32.90238571166992,9.54546070098877,0.1226998120546341
2025-06-29,,42.49748611450195,32.902618408203125,9.560718536376953,0.03415101766586304
2025-06-30,,42.51590347290039,32.90284729003906,9.577924728393555,0.03512951359152794
2025-07-01,,42.53482437133789,32.903079986572266,9.597350120544434,0.034396570175886154
2025-07-02,,42.55874252319336,32.9033088684082,9.619180679321289,0.03625147417187691
2025-07-03,,42.2487907409668,32.903541564941406,9.643524169921875,-0.29827752709388733
2025-07-04,,42.60982894897461,32.903770446777344,9.670408248901367,0.0356491394340992
2025-07-05,,42.72647476196289,32.90400314331055,9.699772834777832,0.1226998120546341
2025-07-06,,42.66987228393555,32.904232025146484,9.731487274169922,0.03415101766586304
2025-07-07,,42.70493698120117,32.90446472167969,9.765340805053711,0.03512951359152794
2025-07-08,,42.740142822265625,32.90469741821289,9.80105209350586,0.034396570175886154
2025-07-09,,42.779449462890625,32.90492630004883,9.838274955749512,0.03625147417187691
2025-07-10,,42.48347854614258,32.90515899658203,9.876598358154297,-0.29827752709388733
2025-07-11,,42.85659408569336,32.90538787841797,9.915555000305176,0.0356491394340992
2025-07-12,,42.982948303222656,32.90562057495117,9.954628944396973,0.1226998120546341
2025-07-13,,42.933258056640625,32.90584945678711,9.993258476257324,0.03415101766586304
2025-07-14,,42.97206115722656,32.90608215332031,10.030851364135742,0.03512951359152794
2025-07-15,,43.00749206542969,32.90631103515625,10.06678295135498,0.034396570175886154
2025-07-16,,43.0432014465332,32.90654373168945,10.100408554077148,0.03625147417187691
2025-07-17,,42.739566802978516,32.90677261352539,10.131072998046875,-0.29827752709388733
2025-07-18,,43.10076904296875,32.907005310058594,10.158116340637207,0.0356491394340992
2025-07-19,,43.210819244384766,32.90723419189453,10.18088436126709,0.1226998120546341
2025-07-20,,43.140350341796875,32.907466888427734,10.198731422424316,0.03415101766586304
2025-07-21,,43.153865814208984,32.90769958496094,10.21103572845459,0.03512951359152794
2025-07-22,,43.15952682495117,32.907928466796875,10.21720027923584,0.034396570175886154
2025-07-23,,43.16107940673828,32.90815734863281,10.216670036315918,0.03625147417187691
2025-07-24,,42.819034576416016,32.908390045166016,10.208922386169434,-0.29827752709388733
2025-07-25,,43.137760162353516,32.90862274169922,10.193490028381348,0.0356491394340992
2025-07-26,,43.201515197753906,32.908851623535156,10.169962882995605,0.1226998120546341
2025-07-27,,43.081214904785156,32.90908432006836,10.137980461120605,0.03415101766586304
2025-07-28,,43.04169845581055,32.9093132019043,10.097258567810059,0.03512951359152794
2025-07-29,,42.991512298583984,32.9095458984375,10.04757308959961,0.034396570175886154
2025-07-30,,42.93479919433594,32.90977478027344,9.988774299621582,0.03625147417187691
2025-07-31,,42.53251647949219,32.91000747680664,9.920787811279297,-0.29827752709388733
2025-08-01,,42.78950500488281,32.910240173339844,9.84361743927002,0.0356491394340992
2025-08-02,,42.790496826171875,32.91046905517578,9.757330894470215,0.1226998120546341
2025-08-03,,42.606937408447266,32.91069793701172,9.66208553314209,0.03415101766586304
2025-08-04,,42.50416946411133,32.91093063354492,9.558109283447266,0.03512951359152794
2025-08-05,,42.39126205444336,32.911163330078125,9.44570255279541,0.034396570175886154
2025-08-06,,42.27288818359375,32.91139221191406,9.32524299621582,0.03625147417187691
2025-08-07,,41.810508728027344,32.91162109375,9.197161674499512,-0.29827752709388733
2025-08-08,,42.00947189331055,32.9118537902832,9.061968803405762,0.0356491394340992
2025-08-09,,41.955013275146484,32.912086486816406,8.920226097106934,0.1226998120546341
2025-08-10,,41.71901321411133,32.912315368652344,8.77254867553711,0.03415101766586304
2025-08-11,,41.56727600097656,32.91254425048828,8.619600296020508,0.03512951359152794
2025-08-12,,41.409263610839844,32.912776947021484,8.462087631225586,0.034396570175886154
2025-08-13,,41.2500114440918,32.91300964355469,8.300749778747559,0.03625147417187691
2025-08-14,,40.751312255859375,32.913238525390625,8.136350631713867,-0.29827752709388733
2025-08-15,,40.91879653930664,32.91347122192383,7.969677925109863,0.0356491394340992
2025-08-16,,40.837928771972656,32.913700103759766,7.80152702331543,0.1226998120546341
2025-08-17,,40.580780029296875,32.91393280029297,7.632696151733398,0.03415101766586304
2025-08-18,,40.41327667236328,32.914161682128906,7.463983058929443,0.03512951359152794
2025-08-19,,40.244956970214844,32.91439437866211,7.296169757843018,0.034396570175886154
2025-08-20,,40.080894470214844,32.91462707519531,7.1300177574157715,0.03625147417187691
2025-08-21,,39.58283996582031,32.91485595703125,6.966262340545654,-0.29827752709388733
2025-08-22,,39.75633239746094,32.91508483886719,6.805596828460693,0.0356491394340992
2025-08-23,,39.68669891357422,32.91531753540039,6.648679733276367,0.1226998120546341
2025-08-24,,39.44581604003906,32.915550231933594,6.496116638183594,0.03415101766586304
2025-08-25,,39.29936218261719,32.91577911376953,6.348455429077148,0.03512951359152794
2025-08-26,,39.156593322753906,32.91600799560547,6.206185340881348,0.034396570175886154
2025-08-27,,39.022220611572266,32.91624069213867,6.069726943969727,0.03625147417187691
2025-08-28,,38.55762481689453,32.916473388671875,5.939431190490723,-0.29827752709388733
2025-08-29,,38.76792907714844,32.91670227050781,5.815575122833252,0.0356491394340992
2025-08-30,,38.73799133300781,32.916934967041016,5.6983561515808105,0.1226998120546341
2025-08-31,,38.53921127319336,32.91716384887695,5.587896823883057,0.03415101766586304
2025-09-01,,38.43675994873047,32.917396545410156,5.484232425689697,0.03512951359152794
2025-09-02,,38.3393440246582,32.917625427246094,5.387321472167969,0.034396570175886154
2025-09-03,,38.25115203857422,32.9178581237793,5.297040939331055,0.03625147417187691
2025-09-04,,37.8329963684082,32.918087005615234,5.2131853103637695,-0.29827752709388733
2025-09-05,,38.08944320678711,32.91831970214844,5.135474681854248,0.0356491394340992
2025-09-06,,38.104801177978516,32.918548583984375,5.063551425933838,0.1226998120546341
2025-09-07,,37.94991683959961,32.91878128051758,4.996984958648682,0.03415101766586304
2025-09-08,,37.88942337036133,32.91901397705078,4.935280799865723,0.03512951359152794
2025-09-09,,37.83151626586914,32.91924285888672,4.877878665924072,0.034396570175886154
2025-09-10,,37.779884338378906,32.919471740722656,4.824159622192383,0.03625147417187691
2025-09-11,,37.3948860168457,32.91970443725586,4.773458003997803,-0.29827752709388733
2025-09-12,,37.68064498901367,32.91993713378906,4.725059509277344,0.0356491394340992
2025-09-13,,37.7210807800293,32.920166015625,4.678214073181152,0.1226998120546341
2025-09-14,,37.58668899536133,32.9203987121582,4.632138729095459,0.03415101766586304
2025-09-15,,37.54179000854492,32.92062759399414,4.586030960083008,0.03512951359152794
2025-09-16,,37.494327545166016,32.920860290527344,4.539071559906006,0.034396570175886154
2025-09-17,,37.447776794433594,32.92108917236328,4.490435600280762,0.03625147417187691
2025-09-18,,37.06234359741211,32.921321868896484,4.439298629760742,-0.29827752709388733
2025-09-19,,37.342044830322266,32.92155075073242,4.384846210479736,0.0356491394340992
2025-09-20,,37.37076187133789,32.921783447265625,4.326281547546387,0.1226998120546341
2025-09-21,,37.218997955322266,32.92201232910156,4.2628326416015625,0.03415101766586304
2025-09-22,,37.15113830566406,32.922245025634766,4.19376277923584,0.03512951359152794
2025-09-23,,37.07524490356445,32.9224739074707,4.11837100982666,0.034396570175886154
2025-09-24,,36.994964599609375,32.922706604003906,4.036008358001709,0.03625147417187691
2025-09-25,,36.570735931396484,32.92293930053711,3.946075677871704,-0.29827752709388733
2025-09-26,,36.806854248046875,32.92316818237305,3.848036766052246,0.0356491394340992
2025-09-27,,36.787513732910156,32.92340087890625,3.74141526222229,0.1226998120546341
2025-09-28,,36.58359146118164,32.92362976074219,3.625810384750366,0.03415101766586304
2025-09-29,,36.45988082885742,32.92386245727539,3.500890016555786,0.03512951359152794
2025-09-30,,36.32489013671875,32.92409133911133,3.3664000034332275,0.034396570175886154
2025-10-01,,36.1827392578125,32.92432403564453,3.2221670150756836,0.03625147417187691
2025-10-02,,35.694374084472656,32.92455291748047,3.0680978298187256,-0.29827752709388733
2025-10-03,,35.86461639404297,32.92478561401367,2.9041812419891357,0.0356491394340992
2025-10-04,,35.778202056884766,32.92501449584961,2.7304890155792236,0.1226998120546341
2025-10-05,,35.50657272338867,32.92524719238281,2.5471746921539307,0.03415101766586304
2025-10-06,,35.31508255004883,32.925479888916016,2.35447359085083,0.03512951359152794
2025-10-07,,35.1128044128418,32.92570877075195,2.1526975631713867,0.034396570175886154
2025-10-08,,34.90442657470703,32.92593765258789,1.9422370195388794,0.03625147417187691
2025-10-09,,34.351444244384766,32.926170349121094,1.7235523462295532,-0.29827752709388733
2025-10-10,,34.459228515625,32.9264030456543,1.4971755743026733,0.0356491394340992
2025-10-11,,34.31303024291992,32.926631927490234,1.263700008392334,0.1226998120546341
2025-10-12,,33.98479080200195,32.92686080932617,1.0237783193588257,0.03415101766586304
2025-10-13,,33.74033737182617,32.927093505859375,0.7781167030334473,0.03512951359152794
2025-10-14,,33.48918914794922,32.92732620239258,0.5274669528007507,0.034396570175886154
2025-10-15,,33.236427307128906,32.927555084228516,0.27262166142463684,0.03625147417187691
2025-10-16,,32.64391326904297,32.92778778076172,0.01440637931227684,-0.29827752709388733
2025-10-17,,32.71733856201172,32.928016662597656,-0.24632684886455536,0.0356491394340992
2025-10-18,,32.542240142822266,32.92824935913086,-0.5087073445320129,0.1226998120546341
2025-10-19,,32.19077682495117,32.9284782409668,-0.7718527913093567,0.03415101766586304
2025-10-20,,31.92896270751953,32.9287109375,-1.0348775386810303,0.03512951359152794
2025-10-21,,31.666439056396484,32.9289436340332,-1.2968978881835938,0.034396570175886154
2025-10-22,,31.40837860107422,32.92917251586914,-1.5570424795150757,0.03625147417187691
2025-10-23,,30.816669464111328,32.92940139770508,-1.814455509185791,-0.29827752709388733
2025-10-24,,30.896976470947266,32.92963409423828,-2.0683064460754395,0.0356491394340992
2025-10-25,,30.73476791381836,32.929866790771484,-2.3177967071533203,0.1226998120546341
2025-10-26,,30.402084350585938,32.93009567260742,-2.562161684036255,0.03415101766586304
2025-10-27,,30.164772033691406,32.93032455444336,-2.8006818294525146,0.03512951359152794
2025-10-28,,29.932270050048828,32.93055725097656,-3.0326850414276123,0.034396570175886154
2025-10-29,,29.709491729736328,32.930789947509766,-3.2575490474700928,0.03625147417187691
2025-10-30,,29.15802764892578,32.9310188293457,-3.474712610244751,-0.29827752709388733
2025-10-31,,29.28322982788086,32.93124771118164,-3.683668851852417,0.0356491394340992
2025-11-01,,29.170204162597656,32.931480407714844,-3.8839783668518066,0.1226998120546341
2025-11-02,,28.89059829711914,32.93171310424805,-4.075263500213623,0.03415101766586304
2025-11-03,,28.709857940673828,32.931941986083984,-4.2572150230407715,0.03512951359152794
2025-11-04,,28.53697967529297,32.93217468261719,-4.42958927154541,0.034396570175886154
2025-11-05,,28.376445770263672,32.932403564453125,-4.592212677001953,0.03625147417187691
2025-11-06,,27.88938331604004,32.93263626098633,-4.744975566864014,-0.29827752709388733
2025-11-07,,28.080677032470703,32.932865142822266,-4.887837886810303,0.0356491394340992
2025-11-08,,28.034976959228516,32.93309783935547,-5.020820617675781,0.1226998120546341
2025-11-09,,27.823469161987305,32.93333053588867,-5.1440110206604,0.03415101766586304
2025-11-10,,27.711139678955078,32.93355941772461,-5.257550239562988,0.03512951359152794
2025-11-11,,27.606544494628906,32.93378829956055,-5.361642837524414,0.034396570175886154
2025-11-12,,27.51373291015625,32.93402099609375,-5.456539630889893,0.03625147417187691
2025-11-13,,27.093433380126953,32.93425369262695,-5.54254150390625,-0.29827752709388733
2025-11-14,,27.350135803222656,32.93448257446289,-5.619996070861816,0.0356491394340992
2025-11-15,,27.368125915527344,32.93471145629883,-5.689285755157471,0.1226998120546341
2025-11-16,,27.21826934814453,32.93494415283203,-5.750827789306641,0.03415101766586304
2025-11-17,,27.165237426757812,32.935176849365234,-5.805068492889404,0.03512951359152794
2025-11-18,,27.117324829101562,32.93540573120117,-5.852479457855225,0.034396570175886154
2025-11-19,,27.078346252441406,32.935638427734375,-5.893544673919678,0.03625147417187691
2025-11-20,,26.708826065063477,32.93586730957031,-5.928764343261719,-0.29827752709388733
2025-11-21,,27.013103485107422,32.936100006103516,-5.958644866943359,0.0356491394340992
2025-11-22,,27.075336456298828,32.93632888793945,-5.983694076538086,0.1226998120546341
2025-11-23,,26.96630096435547,32.936561584472656,-6.00441312789917,0.03415101766586304
2025-11-24,,26.95062255859375,32.936790466308594,-6.021297931671143,0.03512951359152794
2025-11-25,,26.936588287353516,32.9370231628418,-6.034830570220947,0.034396570175886154
2025-11-26,,26.92803192138672,32.937252044677734,-6.045472145080566,0.03625147417187691
2025-11-27,,26.58554458618164,32.93748474121094,-6.0536651611328125,-0.29827752709388733
2025-11-28,,26.91353988647461,32.93771743774414,-6.0598249435424805,0.0356491394340992
2025-11-29,,26.99630355834961,32.93794631958008,-6.064343452453613,0.1226998120546341
2025-11-30,,26.90475845336914,32.93817901611328,-6.067571640014648,0.03415101766586304
2025-12-01,,26.903703689575195,32.93840789794922,-6.069835662841797,0.03512951359152794
2025-12-02,,26.901615142822266,32.93864059448242,-6.0714216232299805,0.034396570175886154
2025-12-03,,26.902542114257812,32.938873291015625,-6.072582244873047,0.03625147417187691
2025-12-04,,26.56729507446289,32.93910217285156,-6.0735297203063965,-0.29827752709388733
2025-12-05,,26.90053939819336,32.9393310546875,-6.074442386627197,0.0356491394340992
2025-12-06,,26.986804962158203,32.9395637512207,-6.075457572937012,0.1226998120546341
2025-12-07,,26.897262573242188,32.93979263305664,-6.0766801834106445,0.03415101766586304
2025-12-08,,26.89698028564453,32.940025329589844,-6.0781755447387695,0.03512951359152794
2025-12-09,,26.894672393798828,32.94025421142578,-6.07997989654541,0.034396570175886154
2025-12-10,,26.89464569091797,32.940486907958984,-6.082093715667725,0.03625147417187691
2025-12-11,,26.557952880859375,32.94071960449219,-6.084488868713379,-0.29827752709388733
2025-12-12,,26.889484405517578,32.940948486328125,-6.0871124267578125,0.0356491394340992
2025-12-13,,26.97399139404297,32.94117736816406,-6.089888095855713,0.1226998120546341
2025-12-14,,26.88284683227539,32.941410064697266,-6.092716693878174,0.03415101766586304
2025-12-15,,26.88128662109375,32.94164276123047,-6.095484256744385,0.03512951359152794
2025-12-16,,26.87820816040039,32.941871643066406,-6.098062515258789,0.034396570175886154
2025-12-17,,26.878040313720703,32.94210433959961,-6.100314140319824,0.03625147417187691
2025-12-18,,26.541961669921875,32.94233703613281,-6.102094650268555,-0.29827752709388733
2025-12-19,,26.874954223632812,32.94256591796875,-6.103260040283203,0.0356491394340992
2025-12-20,,26.961830139160156,32.94279479980469,-6.103665351867676,0.1226998120546341
2025-12-21,,26.874004364013672,32.94302749633789,-6.103172302246094,0.03415101766586304
2025-12-22,,26.876739501953125,32.943260192871094,-6.101648807525635,0.03512951359152794
2025-12-23,,26.878910064697266,32.94348907470703,-6.098975658416748,0.034396570175886154
2025-12-24,,26.88492202758789,32.94371795654297,-6.095048904418945,0.03625147417187691
2025-12-25,,26.555889129638672,32.94395065307617,-6.089782238006592,-0.29827752709388733
2025-12-26,,26.896724700927734,32.944183349609375,-6.08310604095459,0.0356491394340992
2025-12-27,,26.992137908935547,32.94441223144531,-6.074975490570068,0.1226998120546341
2025-12-28,,26.913429260253906,32.94464111328125,-6.065365314483643,0.03415101766586304
2025-12-29,,26.925724029541016,32.94487380981445,-6.054280757904053,0.03512951359152794
2025-12-30,,26.937755584716797,32.945106506347656,-6.041746616363525,0.034396570175886154
2025-12-31,,26.953773498535156,32.945335388183594,-6.027814865112305,0.03625147417187691
2026-01-01,,26.634723663330078,32.94556427001953,-6.0125651359558105,-0.29827752709388733
2026-01-02,,26.985347747802734,32.945796966552734,-5.996099948883057,0.0356491394340992
2026-01-03,,27.090179443359375,32.94602966308594,-5.978549003601074,0.1226998120546341
2026-01-04,,27.020347595214844,32.946258544921875,-5.960063457489014,0.03415101766586304
2026-01-05,,27.040802001953125,32.94649124145508,-5.9408159255981445,0.03512951359152794
2026-01-06,,27.06011962890625,32.94672393798828,-5.920998573303223,0.034396570175886154
2026-01-07,,27.082382202148438,32.94695281982422,-5.900821208953857,0.03625147417187691
2026-01-08,,26.76839828491211,32.947181701660156,-5.880507469177246,-0.29827752709388733
2026-01-09,,27.122770309448242,32.94741439819336,-5.860294818878174,0.0356491394340992
2026-01-10,,27.22991943359375,32.94764709472656,-5.840426445007324,0.1226998120546341
2026-01-11,,27.160873413085938,32.9478759765625,-5.821152210235596,0.03415101766586304
2026-01-12,,27.180511474609375,32.94810485839844,-5.8027238845825195,0.03512951359152794
2026-01-13,,27.197345733642578,32.94833755493164,-5.7853899002075195,0.034396570175886154
2026-01-14,,27.21542739868164,32.948570251464844,-5.769392490386963,0.03625147417187691
2026-01-15,,26.895553588867188,32.94879913330078,-5.754968166351318,-0.29827752709388733
2026-01-16,,27.242341995239258,32.94902801513672,-5.742337703704834,0.0356491394340992
2026-01-17,,27.340259552001953,32.94926071166992,-5.73170280456543,0.1226998120546341
2026-01-18,,27.260391235351562,32.949493408203125,-5.723251819610596,0.03415101766586304
2026-01-19,,27.26770782470703,32.94972229003906,-5.717145919799805,0.03512951359152794
2026-01-20,,27.270830154418945,32.949954986572266,-5.713521480560303,0.034396570175886154
2026-01-21,,27.27395248413086,32.9501838684082,-5.712485313415527,0.03625147417187691
2026-01-22,,26.938024520874023,32.950416564941406,-5.714113712310791,-0.29827752709388733
2026-01-23,,27.267841339111328,32.950645446777344,-5.7184529304504395,0.0356491394340992
2026-01-24,,27.34807014465332,32.95087814331055,-5.725508689880371,0.1226998120546341
2026-01-25,,27.250003814697266,32.95111083984375,-5.735257148742676,0.03415101766586304
2026-01-26,,27.238832473754883,32.95133972167969,-5.747636318206787,0.03512951359152794
2026-01-27,,27.223421096801758,32.951568603515625,-5.762545108795166,0.034396570175886154
2026-01-28,,27.20820426940918,32.95180130004883,-5.779850006103516,0.03625147417187691
2026-01-29,,26.8543758392334,32.95203399658203,-5.799378871917725,-0.29827752709388733
2026-01-30,,27.16698455810547,32.95226287841797,-5.820925712585449,0.0356491394340992
2026-01-31,,27.230941772460938,32.95249557495117,-5.844252586364746,0.1226998120546341
2026-02-01,,27.117786407470703,32.95272445678711,-5.869089126586914,0.03415101766586304
2026-02-02,,27.09294891357422,32.95295715332031,-5.895136833190918,0.03512951359152794
2026-02-03,,27.065509796142578,32.95318603515625,-5.922071933746338,0.034396570175886154
2026-02-04,,27.040122985839844,32.95341873168945,-5.94954776763916,0.03625147417187691
2026-02-05,,26.67816925048828,32.95364761352539,-5.977202415466309,-0.29827752709388733
2026-02-06,,26.984874725341797,32.953880310058594,-6.004654407501221,0.0356491394340992
2026-02-07,,27.045291900634766,32.95410919189453,-6.031516075134277,0.1226998120546341
2026-02-08,,26.931102752685547,32.954341888427734,-6.057390213012695,0.03415101766586304
2026-02-09,,26.907821655273438,32.95457077026367,-6.08188009262085,0.03512951359152794
2026-02-10,,26.884605407714844,32.954803466796875,-6.104593753814697,0.034396570175886154
2026-02-11,,26.86614227294922,32.95503616333008,-6.125145435333252,0.03625147417187691
2026-02-12,,26.513824462890625,32.955265045166016,-6.143163204193115,-0.29827752709388733
2026-02-13,,26.83285140991211,32.95549774169922,-6.158294200897217,0.0356491394340992
2026-02-14,,26.908218383789062,32.955726623535156,-6.170206546783447,0.1226998120546341
2026-02-15,,26.81151580810547,32.95595932006836,-6.178594589233398,0.03415101766586304
2026-02-16,,26.808130264282227,32.9561882019043,-6.183187961578369,0.03512951359152794
2026-02-17,,26.807071685791016,32.9564208984375,-6.183745384216309,0.034396570175886154
2026-02-18,,26.812828063964844,32.95664978027344,-6.180071830749512,0.03625147417187691
2026-02-19,,26.486595153808594,32.95688247680664,-6.172009468078613,-0.29827752709388733
2026-02-20,,26.83331298828125,32.95711135864258,-6.159448623657227,0.0356491394340992
2026-02-21,,26.93771743774414,32.95734405517578,-6.142326354980469,0.1226998120546341
2026-02-22,,26.87110137939453,32.957576751708984,-6.120626926422119,0.03415101766586304
2026-02-23,,26.89854621887207,32.95780563354492,-6.094388484954834,0.03512951359152794
2026-02-24,,26.928730010986328,32.95803451538086,-6.06370210647583,0.034396570175886154
2026-02-25,,26.965810775756836,32.95826721191406,-6.0287065505981445,0.03625147417187691
2026-02-26,,26.67062759399414,32.958499908447266,-5.98959493637085,-0.29827752709388733
2026-02-27,,27.047767639160156,32.9587287902832,-5.946610927581787,0.0356491394340992
2026-02-28,,27.18161392211914,32.95895767211914,-5.9000468254089355,0.1226998120546341
2026-03-01,,27.14310073852539,32.959190368652344,-5.850240230560303,0.03415101766586304
2026-03-02,,27.196979522705078,32.95942306518555,-5.797573566436768,0.03512951359152794
2026-03-03,,27.25157928466797,32.959651947021484,-5.742471218109131,0.034396570175886154
2026-03-04,,27.310741424560547,32.95988464355469,-5.685393333435059,0.03625147417187691
2026-03-05,,27.03500747680664,32.960113525390625,-5.626830101013184,-0.29827752709388733
2026-03-06,,27.428691864013672,32.96034622192383,-5.567302227020264,0.0356491394340992
2026-03-07,,27.575927734375,32.960575103759766,-5.507347583770752,0.1226998120546341
2026-03-08,,27.54743194580078,32.96080780029297,-5.447526931762695,0.03415101766586304
2026-03-09,,27.607765197753906,32.96104049682617,-5.388403415679932,0.03512951359152794
2026-03-10,,27.665115356445312,32.96126937866211,-5.330550670623779,0.034396570175886154
2026-03-11,,27.723217010498047,32.96149826049805,-5.274534225463867,0.03625147417187691
2026-03-12,,27.44253921508789,32.96173095703125,-5.220911502838135,-0.29827752709388733
2026-03-13,,27.8273868560791,32.96196365356445,-5.170224666595459,0.0356491394340992
2026-03-14,,27.96190071105957,32.96219253540039,-5.12299108505249,0.1226998120546341
2026-03-15,,27.9168758392334,32.96242141723633,-5.079697132110596,0.03415101766586304
2026-03-16,,27.956987380981445,32.96265411376953,-5.040797233581543,0.03512951359152794
2026-03-17,,27.990583419799805,32.962886810302734,-5.0066986083984375,0.034396570175886154
2026-03-18,,28.021610260009766,32.96311569213867,-4.97775936126709,0.03625147417187691
2026-03-19,,27.710784912109375,32.96334457397461,-4.954285144805908,-0.29827752709388733
2026-03-20,,28.062705993652344,32.96357727050781,-4.936522006988525,0.0356491394340992
2026-03-21,,28.161861419677734,32.963809967041016,-4.924646377563477,0.1226998120546341
2026-03-22,,28.079418182373047,32.96403884887695,-4.918771743774414,0.03415101766586304
2026-03-23,,28.080463409423828,32.964271545410156,-4.918935298919678,0.03512951359152794
2026-03-24,,28.073801040649414,32.964500427246094,-4.925097942352295,0.034396570175886154
2026-03-25,,28.063838958740234,32.9647331237793,-4.937145233154297,0.03625147417187691
2026-03-26,,27.711803436279297,32.964962005615234,-4.954881191253662,-0.29827752709388733
2026-03-27,,28.022815704345703,32.96519470214844,-4.978027820587158,0.0356491394340992
2026-03-28,,28.081893920898438,32.96542739868164,-5.00623083114624,0.1226998120546341
2026-03-29,,27.960756301879883,32.96565628051758,-5.039051532745361,0.03415101766586304
2026-03-30,,27.92504119873047,32.965885162353516,-5.075974464416504,0.03512951359152794
2026-03-31,,27.884105682373047,32.96611785888672,-5.116410732269287,0.034396570175886154
2026-04-01,,27.84290885925293,32.96635055541992,-5.159692764282227,0.03625147417187691
2026-04-02,,27.463211059570312,32.96657943725586,-5.205090522766113,-0.29827752709388733
2026-04-03,,27.750656127929688,32.96681213378906,-5.251804828643799,0.0356491394340992
2026-04-04,,27.790760040283203,32.967041015625,-5.298980236053467,0.1226998120546341
2026-04-05,,27.655715942382812,32.9672737121582,-5.345707893371582,0.03415101766586304
2026-04-06,,27.611602783203125,32.96750259399414,-5.391031265258789,0.03512951359152794
2026-04-07,,27.56817626953125,32.967735290527344,-5.433956623077393,0.034396570175886154
2026-04-08,,27.530757904052734,32.96796417236328,-5.473458290100098,0.03625147417187691
2026-04-09,,27.16143035888672,32.968196868896484,-5.508488178253174,-0.29827752709388733
2026-04-10,,27.46609115600586,32.96842575073242,-5.537984371185303,0.0356491394340992
2026-04-11,,27.53048324584961,32.968658447265625,-5.560876369476318,0.1226998120546341
2026-04-12,,27.426939010620117,32.96888732910156,-5.576100826263428,0.03415101766586304
2026-04-13,,27.421640396118164,32.969120025634766,-5.582608699798584,0.03512951359152794
2026-04-14,,27.424381256103516,32.96935272216797,-5.579367160797119,0.034396570175886154
2026-04-15,,27.440454483032227,32.969581604003906,-5.565380096435547,0.03625147417187691
2026-04-16,,27.131847381591797,32.96981430053711,-5.539689064025879,-0.29827752709388733
2026-04-17,,27.504302978515625,32.97004318237305,-5.501388072967529,0.0356491394340992
2026-04-18,,27.643348693847656,32.97027587890625,-5.449626922607422,0.1226998120546341
2026-04-19,,27.621034622192383,32.97050476074219,-5.383622646331787,0.03415101766586304
2026-04-20,,27.703197479248047,32.97073745727539,-5.302667140960693,0.03512951359152794
2026-04-21,,27.799232482910156,32.97096633911133,-5.2061309814453125,0.034396570175886154
2026-04-22,,27.91397476196289,32.97119903564453,-5.09347677230835,0.03625147417187691
2026-04-23,,27.708892822265625,32.97142791748047,-4.964259147644043,-0.29827752709388733
2026-04-24,,28.189176559448242,32.97166061401367,-4.818131923675537,0.0356491394340992
2026-04-25,,28.439739227294922,32.971893310546875,-4.654852390289307,0.1226998120546341
2026-04-26,,28.531986236572266,32.97212219238281,-4.4742865562438965,0.03415101766586304
2026-04-27,,28.731075286865234,32.97235107421875,-4.276407718658447,0.03512951359152794
2026-04-28,,28.945674896240234,32.97258377075195,-4.061304092407227,0.034396570175886154
2026-04-29,,29.179893493652344,32.972816467285156,-3.829174041748047,0.03625147417187691
2026-04-30,,29.094440460205078,32.973045349121094,-3.580329179763794,-0.29827752709388733
2026-05-01,,29.69373321533203,32.97327423095703,-3.3151919841766357,0.0356491394340992
2026-05-02,,30.061908721923828,32.973506927490234,-3.0342960357666016,0.1226998120546341
2026-05-03,,30.269611358642578,32.97373962402344,-2.7382781505584717,0.03415101766586304
2026-05-04,,30.581218719482422,32.973968505859375,-2.427880048751831,0.03512951359152794
2026-05-05,,30.90465545654297,32.97420120239258,-2.103940010070801,0.034396570175886154
2026-05-06,,31.24329376220703,32.974430084228516,-1.7673895359039307,0.03625147417187691
2026-05-07,,31.25714111328125,32.97466278076172,-1.419243335723877,-0.29827752709388733
2026-05-08,,31.949947357177734,32.974891662597656,-1.0605965852737427,0.0356491394340992
2026-05-09,,32.405208587646484,32.97512435913086,-0.6926134824752808,0.1226998120546341
2026-05-10,,32.69298553466797,32.97535705566406,-0.3165230453014374,0.03415101766586304
2026-05-11,,33.077110290527344,32.9755859375,0.06639692187309265,0.03512951359152794
2026-05-12,,33.46503448486328,32.97581481933594,0.4548226296901703,0.034396570175886154
2026-05-13,,33.85969543457031,32.97604751586914,0.84739750623703,0.03625147417187691
2026-05-14,,33.92074203491211,32.976280212402344,1.2427401542663574,-0.29827752709388733
2026-05-15,,34.651615142822266,32.97650909423828,1.6394578218460083,0.0356491394340992
2026-05-16,,35.13559341430664,32.97673797607422,2.0361552238464355,0.1226998120546341
2026-05-17,,35.44256591796875,32.97697067260742,2.431443214416504,0.03415101766586304
2026-05-18,,35.83628463745117,32.977203369140625,2.823953866958618,0.03512951359152794
2026-05-19,,36.22417449951172,32.97743225097656,3.2123451232910156,0.034396570175886154
2026-05-20,,36.60922622680664,32.9776611328125,3.595313787460327,0.03625147417187691
2026-05-21,,36.651222229003906,32.9778938293457,3.9716055393218994,-0.29827752709388733
2026-05-22,,37.353797912597656,32.978126525878906,4.340022087097168,0.0356491394340992
2026-05-23,,37.80048751831055,32.978355407714844,4.699433326721191,0.1226998120546341
2026-05-24,,38.061519622802734,32.97858810424805,5.0487799644470215,0.03415101766586304
2026-05-25,,38.401031494140625,32.978816986083984,5.387083530426025,0.03512951359152794
2026-05-26,,38.72690200805664,32.97904968261719,5.713454723358154,0.034396570175886154
2026-05-27,,39.042633056640625,32.979278564453125,6.027099132537842,0.03625147417187691
2026-05-28,,39.008548736572266,32.97951126098633,6.3273138999938965,-0.29827752709388733
2026-05-29,,39.62889862060547,32.97974395751953,6.61350679397583,0.0356491394340992
2026-05-30,,39.987857818603516,32.97997283935547,6.885184288024902,0.1226998120546341
2026-05-31,,40.156314849853516,32.980201721191406,7.14196252822876,0.03415101766586304
2026-06-01,,40.399131774902344,32.98043441772461,7.383565425872803,0.03512951359152794
2026-06-02,,40.6248893737793,32.98066711425781,7.609827518463135,0.034396570175886154
2026-06-03,,40.837833404541016,32.98089599609375,7.820687294006348,0.03625147417187691
2026-06-04,,40.699039459228516,32.98112487792969,8.016190528869629,-0.29827752709388733
2026-06-05,,41.213497161865234,32.98135757446289,8.196488380432129,0.0356491394340992
2026-06-06,,41.46611785888672,32.981590270996094,8.36182975769043,0.1226998120546341
2026-06-07,,41.52853012084961,32.98181915283203,8.512558937072754,0.03415101766586304
2026-06-08,,41.66628646850586,32.982051849365234,8.649107933044434,0.03512951359152794
2026-06-09,,41.788673400878906,32.98228073120117,8.771994590759277,0.034396570175886154
2026-06-10,,41.90058135986328,32.982513427734375,8.881817817687988,0.03625147417187691
2026-06-11,,41.66370391845703,32.98274230957031,8.979238510131836,-0.29827752709388733
2026-06-12,,42.0836067199707,32.982975006103516,9.064981460571289,0.0356491394340992
2026-06-13,,42.24573516845703,32.98320388793945,9.1398286819458,0.1226998120546341
2026-06-14,,42.222190856933594,32.983436584472656,9.20460319519043,0.03415101766586304
2026-06-15,,42.27895736694336,32.983665466308594,9.260161399841309,0.03512951359152794
2026-06-16,,42.325687408447266,32.9838981628418,9.307392120361328,0.034396570175886154
2026-06-17,,42.36757278442383,32.984130859375,9.34719467163086,0.03625147417187691
2026-06-18,,42.066558837890625,32.98435974121094,9.380477905273438,-0.29827752709388733
2026-06-19,,42.42839050292969,32.98459243774414,9.408150672912598,0.0356491394340992
2026-06-20,,42.53862762451172,32.98482131958008,9.431106567382812,0.1226998120546341
2026-06-21,,42.469425201416016,32.98505401611328,9.450220108032227,0.03415101766586304
2026-06-22,,42.48674774169922,32.98528289794922,9.466337203979492,0.03512951359152794
2026-06-23,,42.500179290771484,32.98551559448242,9.480267524719238,0.034396570175886154
2026-06-24,,42.5147705078125,32.98574447631836,9.492775917053223,0.03625147417187691
2026-06-25,,42.1922721862793,32.98597717285156,9.504573822021484,-0.29827752709388733
2026-06-26,,42.53816604614258,32.9862060546875,9.516312599182129,0.0356491394340992
2026-06-27,,42.637725830078125,32.9864387512207,9.528587341308594,0.1226998120546341
2026-06-28,,42.56272888183594,32.98666763305664,9.541910171508789,0.03415101766586304
2026-06-29,,42.57876205444336,32.986900329589844,9.556733131408691,0.03512951359152794
2026-06-30,,42.59495544433594,32.98713302612305,9.57342529296875,0.034396570175886154
2026-07-01,,42.61588668823242,32.987361907958984,9.59227466583252,0.03625147417187691
2026-07-02,,42.30280685424805,32.98759078979492,9.613489151000977,-0.29827752709388733
2026-07-03,,42.660675048828125,32.987823486328125,9.637201309204102,0.0356491394340992
2026-07-04,,42.77420425415039,32.98805618286133,9.66344928741455,0.1226998120546341
2026-07-05,,42.71464157104492,32.988285064697266,9.692204475402832,0.03415101766586304
2026-07-06,,42.74699401855469,32.98851776123047,9.723347663879395,0.03512951359152794
2026-07-07,,42.77983474731445,32.988746643066406,9.75669002532959,0.034396570175886154
2026-07-08,,42.81719970703125,32.98897933959961,9.79196834564209,0.03625147417187691
2026-07-09,,42.519779205322266,32.98920822143555,9.828847885131836,-0.29827752709388733
2026-07-10,,42.89202880859375,32.98944091796875,9.866939544677734,0.0356491394340992
2026-07-11,,43.01815414428711,32.98967361450195,9.905783653259277,0.1226998120546341
2026-07-12,,42.968929290771484,32.98990249633789,9.944878578186035,0.03415101766586304
2026-07-13,,43.008934020996094,32.99013137817383,9.983673095703125,0.03512951359152794
2026-07-14,,43.04634475708008,32.99036407470703,10.021584510803223,0.034396570175886154
2026-07-15,,43.084835052490234,32.990596771240234,10.057989120483398,0.03625147417187691
2026-07-16,,42.7848014831543,32.99082565307617,10.092253684997559,-0.29827752709388733
2026-07-17,,43.15042495727539,32.99105453491211,10.1237211227417,0.0356491394340992
2026-07-18,,43.265716552734375,32.99128723144531,10.151731491088867,0.1226998120546341
2026-07-19,,43.2012939453125,32.991519927978516,10.175626754760742,0.03415101766586304
2026-07-20,,43.221641540527344,32.99174880981445,10.194765090942383,0.03512951359152794
2026-07-21,,43.234886169433594,32.99197769165039,10.208511352539062,0.034396570175886154
2026-07-22,,43.24473190307617,32.992210388183594,10.216267585754395,0.03625147417187691
2026-07-23,,42.911624908447266,32.9924430847168,10.217459678649902,-0.29827752709388733
2026-07-24,,43.23988342285156,32.992671966552734,10.211562156677246,0.0356491394340992
2026-07-25,,43.31369400024414,32.99290466308594,10.198091506958008,0.1226998120546341
2026-07-26,,43.20391082763672,32.99313735961914,10.176624298095703,0.03415101766586304
2026-07-27,,43.1752815246582,32.99336624145508,10.1467866897583,0.03512951359152794
2026-07-28,,43.13626480102539,32.993595123291016,10.108272552490234,0.034396570175886154
2026-07-29,,43.090919494628906,32.99382781982422,10.060843467712402,0.03625147417187691
2026-07-30,,42.70011520385742,32.99406051635742,10.00433349609375,-0.29827752709388733
2026-07-31,,42.968589782714844,32.99428939819336,9.938650131225586,0.0356491394340992
2026-08-01,,42.98098373413086,32.9945182800293,9.863767623901367,0.1226998120546341
2026-08-02,,42.808650970458984,32.9947509765625,9.779746055603027,0.03415101766586304
2026-08-03,,42.716835021972656,32.9949836730957,9.686723709106445,0.03512951359152794
2026-08-04,,42.6145133972168,32.99521255493164,9.584905624389648,0.034396570175886154
2026-08-05,,42.50627136230469,32.99544143676758,9.474575996398926,0.03625147417187691
2026-08-06,,42.05348587036133,32.99567413330078,9.356088638305664,-0.29827752709388733
2026-08-07,,42.26142501831055,32.995906829833984,9.229867935180664,0.0356491394340992
2026-08-08,,42.215240478515625,32.99613571166992,9.096403121948242,0.1226998120546341
2026-08-09,,41.986759185791016,32.99636459350586,8.956243515014648,0.03415101766586304
2026-08-10,,41.84171676635742,32.99659729003906,8.809988975524902,0.03512951359152794
2026-08-11,,41.689517974853516,32.996829986572266,8.658293724060059,0.034396570175886154
2026-08-12,,41.5351676940918,32.9970588684082,8.50185489654541,0.03625147417187691
2026-08-13,,41.0404167175293,32.997291564941406,8.341401100158691,-0.29827752709388733
2026-08-14,,41.21086502075195,32.99752426147461,8.177695274353027,0.0356491394340992
2026-08-15,,41.1319694519043,32.99775314331055,8.011515617370605,0.1226998120546341
2026-08-16,,40.87579345703125,32.997982025146484,7.843660354614258,0.03415101766586304
2026-08-17,,40.70826721191406,32.99821472167969,7.674922943115234,0.03512951359152794
2026-08-18,,40.5389518737793,32.99844741821289,7.506107330322266,0.034396570175886154
2026-08-19,,40.3729248046875,32.99867630004883,7.337996006011963,0.03625147417187691
2026-08-20,,39.871986389160156,32.998905181884766,7.171358585357666,-0.29827752709388733
2026-08-21,,40.041725158691406,32.99913787841797,7.006937026977539,0.0356491394340992
2026-08-22,,39.967506408691406,32.99937057495117,6.8454365730285645,0.1226998120546341
2026-08-23,,39.721275329589844,32.99959945678711,6.687525272369385,0.03415101766586304
2026-08-24,,39.568782806396484,32.99983215332031,6.53381872177124,0.03512951359152794
2026-08-25,,39.419342041015625,33.00006103515625,6.384883403778076,0.034396570175886154
2026-08-26,,39.277767181396484,33.00029373168945,6.241222858428955,0.03625147417187691
2026-08-27,,38.80552291870117,33.00052261352539,6.103275775909424,-0.29827752709388733
2026-08-28,,39.007816314697266,33.000755310058594,5.971411228179932,0.0356491394340992
2026-08-29,,38.969608306884766,33.00098419189453,5.84592342376709,0.1226998120546341
2026-08-30,,38.76239776611328,33.001216888427734,5.727031230926514,0.03415101766586304
2026-08-31,,38.651451110839844,33.00144577026367,5.614873886108398,0.03512951359152794
2026-09-01,,38.54558563232422,33.001678466796875,5.509511947631836,0.034396570175886154
2026-09-02,,38.4490852355957,33.00191116333008,5.410921573638916,0.03625147417187691
2026-09-03,,38.02286148071289,33.002140045166016,5.318999290466309,-0.29827752709388733
2026-09-04,,38.271583557128906,33.00237274169922,5.233561038970947,0.0356491394340992
2026-09-05,,38.27964782714844,33.002601623535156,5.15434455871582,0.1226998120546341
2026-09-06,,38.11799621582031,33.00283432006836,5.081011772155762,0.03415101766586304
2026-09-07,,38.05134201049805,33.0030632019043,5.013150691986084,0.03512951359152794
2026-09-08,,37.987972259521484,33.0032958984375,4.950279712677002,0.034396570175886154
2026-09-09,,37.931636810302734,33.00352478027344,4.891857624053955,0.03625147417187691
2026-09-10,,37.54275894165039,33.00375747680664,4.837279796600342,-0.29827752709388733
2026-09-11,,37.825523376464844,33.00398635864258,4.785889148712158,0.0356491394340992
2026-09-12,,37.8639030456543,33.00421905517578,4.736983299255371,0.1226998120546341
2026-09-13,,37.72842025756836,33.00444793701172,4.689821720123291,0.03415101766586304
2026-09-14,,37.68343734741211,33.00468063354492,4.643628120422363,0.03512951359152794
2026-09-15,,37.63691329956055,33.004913330078125,4.597604751586914,0.034396570175886154
2026-09-16,,37.59233093261719,33.00514221191406,4.550936698913574,0.03625147417187691
2026-09-17,,37.20989227294922,33.00537109375,4.5027971267700195,-0.29827752709388733
2026-09-18,,37.493614196777344,33.0056037902832,4.452362060546875,0.0356491394340992
2026-09-19,,37.527347564697266,33.005836486816406,4.398813724517822,0.1226998120546341
2026-09-20,,37.381568908691406,33.006065368652344,4.341350555419922,0.03415101766586304
2026-09-21,,37.320621490478516,33.00629806518555,4.279194355010986,0.03512951359152794
2026-09-22,,37.25251770019531,33.006526947021484,4.2115960121154785,0.034396570175886154
2026-09-23,,37.18085861206055,33.00675964355469,4.137847900390625,0.03625147417187691
2026-09-24,,36.76599884033203,33.006988525390625,4.057286262512207,-0.29827752709388733
2026-09-25,,37.012168884277344,33.00722122192383,3.969298839569092,0.0356491394340992
2026-09-26,,37.00348663330078,33.00745391845703,3.873333215713501,0.1226998120546341
2026-09-27,,36.81072998046875,33.00768280029297,3.7688989639282227,0.03415101766586304
2026-09-28,,36.69861602783203,33.007911682128906,3.6555731296539307,0.03512951359152794
2026-09-29,,36.57554626464844,33.00814437866211,3.533007860183716,0.034396570175886154
2026-09-30,,36.445556640625,33.00837707519531,3.400930166244507,0.03625147417187691
2026-10-01,,35.9694709777832,33.00860595703125,3.2591450214385986,-0.29827752709388733
2026-10-02,,36.15202331542969,33.00883483886719,3.107538938522339,0.0356491394340992
2026-10-03,,36.07784652709961,33.00906753540039,2.9460809230804443,0.1226998120546341
2026-10-04,,35.81827163696289,33.009300231933594,2.7748215198516846,0.03415101766586304
2026-10-05,,35.638553619384766,33.00952911376953,2.5938937664031982,0.03512951359152794
2026-10-06,,35.447669982910156,33.00975799560547,2.403513193130493,0.034396570175886154
2026-10-07,,35.25021743774414,33.00999069213867,2.2039718627929688,0.03625147417187691
2026-10-08,,34.70758819580078,33.010223388671875,1.9956421852111816,-0.29827752709388733
2026-10-09,,34.825069427490234,33.01045227050781,1.7789669036865234,0.0356491394340992
2026-10-10,,34.687843322753906,33.010684967041016,1.5544596910476685,0.1226998120546341
2026-10-11,,34.367767333984375,33.01091384887695,1.3226996660232544,0.03415101766586304
2026-10-12,,34.13059997558594,33.011146545410156,1.0843254327774048,0.03512951359152794
2026-10-13,,33.88580322265625,33.011375427246094,0.8400300145149231,0.034396570175886154
2026-10-14,,33.63841247558594,33.0116081237793,0.5905541777610779,0.03625147417187691
2026-10-15,,33.05024337768555,33.0118408203125,0.3366814851760864,-0.29827752709388733
2026-10-16,,33.126949310302734,33.01206970214844,0.07922972738742828,0.0356491394340992
2026-10-17,,32.954044342041016,33.012298583984375,-0.18095466494560242,0.1226998120546341
2026-10-18,,32.603675842285156,33.01253128051758,-0.44300559163093567,0.03415101766586304
2026-10-19,,32.34185028076172,33.01276397705078,-0.7060431838035583,0.03512951359152794
2026-10-20,,32.078208923339844,33.01299285888672,-0.9691811203956604,0.034396570175886154
2026-10-21,,31.81793975830078,33.013221740722656,-1.2315349578857422,0.03625147417187691
2026-10-22,,31.222949981689453,33.01345443725586,-1.4922294616699219,-0.29827752709388733
2026-10-23,,31.298931121826172,33.01368713378906,-1.7504048347473145,0.0356491394340992
2026-10-24,,31.131393432617188,33.013916015625,-2.0052223205566406,0.1226998120546341
2026-10-25,,30.792423248291016,33.01414489746094,-2.255875587463379,0.03415101766586304
2026-10-26,,30.547916412353516,33.01437759399414,-2.5015907287597656,0.03512951359152794
2026-10-27,,30.307369232177734,33.014610290527344,-2.7416374683380127,0.034396570175886154
2026-10-28,,30.075759887695312,33.01483917236328,-2.975330352783203,0.03625147417187691
2026-10-29,,29.514759063720703,33.015071868896484,-3.2020344734191895,-0.29827752709388733
2026-10-30,,29.629779815673828,33.01530075073242,-3.421172618865967,0.0356491394340992
2026-10-31,,29.50600814819336,33.015533447265625,-3.6322247982025146,0.1226998120546341
2026-11-01,,29.215179443359375,33.01576232910156,-3.834733247756958,0.03415101766586304
2026-11-02,,29.02281951904297,33.015995025634766,-4.028306007385254,0.03512951359152794
2026-11-03,,28.83800506591797,33.01622772216797,-4.212615966796875,0.034396570175886154
2026-11-04,,28.665302276611328,33.016456604003906,-4.387404441833496,0.03625147417187691
2026-11-05,,28.165931701660156,33.016685485839844,-4.552477836608887,-0.29827752709388733
2026-11-06,,28.34485626220703,33.01691818237305,-4.707712173461914,0.0356491394340992
2026-11-07,,28.286800384521484,33.01715087890625,-4.853048801422119,0.1226998120546341
2026-11-08,,28.063034057617188,33.01737976074219,-4.988497257232666,0.03415101766586304
2026-11-09,,27.938617706298828,33.01761245727539,-5.114123821258545,0.03512951359152794
2026-11-10,,27.82217788696289,33.01784133911133,-5.230061054229736,0.034396570175886154
2026-11-11,,27.717830657958984,33.01807403564453,-5.336492538452148,0.03625147417187691
2026-11-12,,27.286361694335938,33.01830291748047,-5.433662414550781,-0.29827752709388733
2026-11-13,,27.53232765197754,33.01853561401367,-5.521856784820557,0.0356491394340992
2026-11-14,,27.54005241394043,33.01876449584961,-5.601414203643799,0.1226998120546341
2026-11-15,,27.380441665649414,33.01899719238281,-5.672706127166748,0.03415101766586304
2026-11-16,,27.31821060180664,33.01922607421875,-5.73614501953125,0.03512951359152794
2026-11-17,,27.261688232421875,33.01945877075195,-5.792167663574219,0.034396570175886154
2026-11-18,,27.21470069885254,33.01968765258789,-5.841240406036377,0.03625147417187691
2026-11-19,,26.83779525756836,33.019920349121094,-5.883846282958984,-0.29827752709388733
2026-11-20,,27.13532066345215,33.0201530456543,-5.920479774475098,0.0356491394340992
2026-11-21,,27.191434860229492,33.020381927490234,-5.951647758483887,0.1226998120546341
2026-11-22,,27.076908111572266,33.02061462402344,-5.9778571128845215,0.03415101766586304
2026-11-23,,27.05636215209961,33.020843505859375,-5.999611854553223,0.03512951359152794
2026-11-24,,27.038063049316406,33.02107620239258,-6.017409324645996,0.034396570175886154
2026-11-25,,27.025821685791016,33.021305084228516,-6.031734943389893,0.03625147417187691
2026-11-26,,26.68020248413086,33.02153778076172,-6.043056964874268,-0.29827752709388733
2026-11-27,,27.005592346191406,33.021766662597656,-6.051822662353516,0.0356491394340992
2026-11-28,,27.086244583129883,33.02199935913086,-6.0584540367126465,0.1226998120546341
2026-11-29,,26.99303436279297,33.0222282409668,-6.0633463859558105,0.03415101766586304
2026-11-30,,26.990724563598633,33.0224609375,-6.066865921020508,0.03512951359152794
2026-12-01,,26.98774528503418,33.0226936340332,-6.0693440437316895,0.034396570175886154
2026-12-02,,26.988101959228516,33.02292251586914,-6.07107400894165,0.03625147417187691
2026-12-03,,26.652555465698242,33.02315139770508,-6.072319030761719,-0.29827752709388733
2026-12-04,,26.985729217529297,33.02338409423828,-6.073302268981934,0.0356491394340992
2026-12-05,,27.07210922241211,33.023616790771484,-6.0742082595825195,0.1226998120546341
2026-12-06,,26.982807159423828,33.02384567260742,-6.075188159942627,0.03415101766586304
2026-12-07,,26.982852935791016,33.02407455444336,-6.076352119445801,0.03512951359152794
2026-12-08,,26.980928421020508,33.02430725097656,-6.077774524688721,0.034396570175886154
2026-12-09,,26.98128890991211,33.024539947509766,-6.079500198364258,0.03625147417187691
2026-12-10,,26.644954681396484,33.0247688293457,-6.081536769866943,-0.29827752709388733
2026-12-11,,26.976783752441406,33.025001525878906,-6.083865642547607,0.0356491394340992
2026-12-12,,27.061492919921875,33.025230407714844,-6.086440086364746,0.1226998120546341
2026-12-13,,26.970428466796875,33.02546310424805,-6.08918571472168,0.03415101766586304
2026-12-14,,26.96881103515625,33.025691986083984,-6.092010498046875,0.03512951359152794
2026-12-15,,26.96551513671875,33.02592468261719,-6.094804763793945,0.034396570175886154
2026-12-16,,26.964963912963867,33.02615737915039,-6.097443580627441,0.03625147417187691
2026-12-17,,26.628318786621094,33.02638626098633,-6.099789619445801,-0.29827752709388733
2026-12-18,,26.96056365966797,33.026615142822266,-6.1017022132873535,0.0356491394340992
2026-12-19,,27.046512603759766,33.02684783935547,-6.1030354499816895,0.1226998120546341
2026-12-20,,26.957584381103516,33.02708053588867,-6.103643894195557,0.03415101766586304
2026-12-21,,26.95905303955078,33.02730941772461,-6.103387355804443,0.03512951359152794
2026-12-22,,26.95980453491211,33.02753829956055,-6.102132320404053,0.034396570175886154
2026-12-23,,26.96426773071289,33.02777099609375,-6.099757671356201,0.03625147417187691
2026-12-24,,26.63357162475586,33.02800369262695,-6.096153736114502,-0.29827752709388733
2026-12-25,,26.972652435302734,33.02823257446289,-6.0912299156188965,0.0356491394340992
2026-12-26,,27.066253662109375,33.02846145629883,-6.084909439086914,0.1226998120546341
2026-12-27,,26.985702514648438,33.02869415283203,-6.077145576477051,0.03415101766586304
2026-12-28,,26.99614906311035,33.028926849365234,-6.067907810211182,0.03512951359152794
2026-12-29,,27.006362915039062,33.02915573120117,-6.057189464569092,0.034396570175886154
2026-12-30,,27.020626068115234,33.029388427734375,-6.045012950897217,0.03625147417187691
2026-12-31,,26.69991683959961,33.02961730957031,-6.031424522399902,-0.29827752709388733
2027-01-01,,27.049001693725586,33.029850006103516,-6.016495704650879,0.0356491394340992
2027-01-02,,27.152456283569336,33.03007888793945,-6.000324249267578,0.1226998120546341
2027-01-03,,27.081432342529297,33.030311584472656,-5.983031749725342,0.03415101766586304
2027-01-04,,27.100908279418945,33.03054428100586,-5.96476411819458,0.03512951359152794
2027-01-05,,27.11948013305664,33.0307731628418,-5.945689678192139,0.034396570175886154
2027-01-06,,27.141260147094727,33.031002044677734,-5.925995349884033,0.03625147417187691
2027-01-07,,26.827072143554688,33.03123474121094,-5.905886650085449,-0.29827752709388733
2027-01-08,,27.181529998779297,33.03146743774414,-5.885585784912109,0.0356491394340992
2027-01-09,,27.28907012939453,33.03169631958008,-5.865324974060059,0.1226998120546341
2027-01-10,,27.22072982788086,33.031925201416016,-5.8453474044799805,0.03415101766586304
2027-01-11,,27.24138641357422,33.03215789794922,-5.825902462005615,0.03512951359152794
2027-01-12,,27.25954818725586,33.03239059448242,-5.8072381019592285,0.034396570175886154
2027-01-13,,27.27926254272461,33.03261947631836,-5.789608001708984,0.03625147417187691
2027-01-14,,26.961320877075195,33.03285217285156,-5.773253917694092,-0.29827752709388733
2027-01-15,,27.310317993164062,33.0330810546875,-5.758415222167969,0.0356491394340992
2027-01-16,,27.41069793701172,33.0333137512207,-5.745315074920654,0.1226998120546341
2027-01-17,,27.33353042602539,33.03354263305664,-5.734163284301758,0.03415101766586304
2027-01-18,,27.343753814697266,33.033775329589844,-5.725151538848877,0.03512951359152794
2027-01-19,,27.349956512451172,33.03400421142578,-5.71844482421875,0.034396570175886154
2027-01-20,,27.356300354003906,33.034236907958984,-5.714188098907471,0.03625147417187691
2027-01-21,,27.023693084716797,33.03446578979492,-5.712496757507324,-0.29827752709388733
2027-01-22,,27.356895446777344,33.034698486328125,-5.713453769683838,0.0356491394340992
2027-01-23,,27.44051742553711,33.03493118286133,-5.7171125411987305,0.1226998120546341
2027-01-24,,27.3458194732666,33.035160064697266,-5.7234907150268555,0.03415101766586304
2027-01-25,,27.33795166015625,33.03539276123047,-5.732571125030518,0.03512951359152794
2027-01-26,,27.32571792602539,33.035621643066406,-5.74429988861084,0.034396570175886154
2027-01-27,,27.31351661682129,33.03585433959961,-5.7585883140563965,0.03625147417187691
2027-01-28,,26.96249771118164,33.03608322143555,-5.7753071784973145,-0.29827752709388733
2027-01-29,,27.277664184570312,33.03631591796875,-5.794300079345703,0.0356491394340992
2027-01-30,,27.343883514404297,33.03654479980469,-5.815362930297852,0.1226998120546341
2027-01-31,,27.23265838623047,33.03677749633789,-5.838268280029297,0.03415101766586304
2027-02-01,,27.209383010864258,33.03700637817383,-5.862752914428711,0.03512951359152794
2027-02-02,,27.183109283447266,33.03723907470703,-5.8885273933410645,0.034396570175886154
2027-02-03,,27.158447265625,33.03746795654297,-5.915272235870361,0.03625147417187691
2027-02-04,,26.796775817871094,33.03770065307617,-5.9426469802856445,-0.29827752709388733
2027-02-05,,27.103290557861328,33.037933349609375,-5.970292091369629,0.0356491394340992
2027-02-06,,27.16303062438965,33.03816223144531,-5.99783182144165,0.1226998120546341
2027-02-07,,27.047666549682617,33.03839111328125,-6.024877071380615,0.03415101766586304
2027-02-08,,27.022716522216797,33.03862380981445,-6.0510358810424805,0.03512951359152794
2027-02-09,,26.997344970703125,33.038856506347656,-6.075908660888672,0.034396570175886154
2027-02-10,,26.976234436035156,33.039085388183594,-6.099102973937988,0.03625147417187691
2027-02-11,,26.620807647705078,33.0393180847168,-6.1202311515808105,-0.29827752709388733
2027-02-12,,26.936279296875,33.039546966552734,-6.138916969299316,0.0356491394340992
2027-02-13,,27.00767707824707,33.03977966308594,-6.154801368713379,0.1226998120546341
2027-02-14,,26.906614303588867,33.040008544921875,-6.16754674911499,0.03415101766586304
2027-02-15,,26.89852523803711,33.04024124145508,-6.176843643188477,0.03512951359152794
2027-02-16,,26.892459869384766,33.04047393798828,-6.182408332824707,0.034396570175886154
2027-02-17,,26.892959594726562,33.04070281982422,-6.183995723724365,0.03625147417187691
2027-02-18,,26.56125831604004,33.040931701660156,-6.181396961212158,-0.29827752709388733
2027-02-19,,26.902366638183594,33.04116439819336,-6.174444198608398,0.0356491394340992
2027-02-20,,27.001079559326172,33.04139709472656,-6.163015365600586,0.1226998120546341
2027-02-21,,26.928741455078125,33.0416259765625,-6.147036552429199,0.03415101766586304
2027-02-22,,26.95050621032715,33.04185485839844,-6.1264801025390625,0.03512951359152794
2027-02-23,,26.975112915039062,33.04208755493164,-6.101370334625244,0.034396570175886154
2027-02-24,,27.006786346435547,33.042320251464844,-6.071783542633057,0.03625147417187691
2027-02-25,,26.7064208984375,33.04254913330078,-6.037848949432373,-0.29827752709388733
2027-02-26,,27.07868194580078,33.04277801513672,-5.999746799468994,0.0356491394340992
2027-02-27,,27.2080078125,33.04301071166992,-5.957705497741699,0.1226998120546341
2027-02-28,,27.165390014648438,33.043243408203125,-5.912005424499512,0.03415101766586304
2027-03-01,,27.215627670288086,33.04347229003906,-5.862975120544434,0.03512951359152794
2027-03-02,,27.267114639282227,33.043704986572266,-5.810986042022705,0.034396570175886154
2027-03-03,,27.3237361907959,33.04393768310547,-5.7564520835876465,0.03625147417187691
2027-03-04,,27.046066284179688,33.044166564941406,-5.699822425842285,-0.29827752709388733
2027-03-05,,27.438461303710938,33.044395446777344,-5.641582489013672,0.0356491394340992
2027-03-06,,27.585081100463867,33.04462814331055,-5.582245349884033,0.1226998120546341
2027-03-07,,27.556663513183594,33.04486083984375,-5.522346496582031,0.03415101766586304
2027-03-08,,27.617778778076172,33.04508972167969,-5.46243953704834,0.03512951359152794
2027-03-09,,27.67662811279297,33.045318603515625,-5.403088569641113,0.034396570175886154
2027-03-10,,27.7369384765625,33.04555130004883,-5.344864368438721,0.03625147417187691
2027-03-11,,27.459169387817383,33.04578399658203,-5.28833532333374,-0.29827752709388733
2027-03-12,,27.847599029541016,33.04601287841797,-5.234062194824219,0.0356491394340992
2027-03-13,,27.986351013183594,33.046241760253906,-5.182591915130615,0.1226998120546341
2027-03-14,,27.946178436279297,33.04647445678711,-5.1344475746154785,0.03415101766586304
2027-03-15,,27.991710662841797,33.04670715332031,-5.090125560760498,0.03512951359152794
2027-03-16,,28.0312442779541,33.04693603515625,-5.050087928771973,0.034396570175886154
2027-03-17,,28.068666458129883,33.04716491699219,-5.014752388000488,0.03625147417187691
2027-03-18,,27.764629364013672,33.04739761352539,-4.984492778778076,-0.29827752709388733
2027-03-19,,28.1236515045166,33.047630310058594,-4.959627151489258,0.0356491394340992
2027-03-20,,28.230144500732422,33.04785919189453,-4.940415859222412,0.1226998120546341
2027-03-21,,28.155187606811523,33.048091888427734,-4.927055835723877,0.03415101766586304
2027-03-22,,28.163776397705078,33.04832458496094,-4.919674396514893,0.03512951359152794
2027-03-23,,28.16461944580078,33.048553466796875,-4.918328762054443,0.034396570175886154
2027-03-24,,28.16203498840332,33.04878234863281,-4.923000335693359,0.03625147417187691
2027-03-25,,27.81714630126953,33.049015045166016,-4.933590888977051,-0.29827752709388733
2027-03-26,,28.134967803955078,33.04924774169922,-4.94992733001709,0.0356491394340992
2027-03-27,,28.200424194335938,33.049476623535156,-4.971752643585205,0.1226998120546341
2027-03-28,,28.085128784179688,33.049705505371094,-4.998729228973389,0.03415101766586304
2027-03-29,,28.054630279541016,33.0499382019043,-5.030440330505371,0.03512951359152794
2027-03-30,,28.018177032470703,33.0501708984375,-5.066390514373779,0.034396570175886154
2027-03-31,,27.98064422607422,33.05039978027344,-5.106007099151611,0.03625147417187691
2027-04-01,,27.603710174560547,33.05063247680664,-5.148644924163818,-0.29827752709388733
2027-04-02,,27.892927169799805,33.05086135864258,-5.19358491897583,0.0356491394340992
2027-04-03,,27.93374252319336,33.05109405517578,-5.240048885345459,0.1226998120546341
2027-04-04,,27.798282623291016,33.05132293701172,-5.2871928215026855,0.03415101766586304
2027-04-05,,27.752567291259766,33.05155563354492,-5.3341193199157715,0.03512951359152794
2027-04-06,,27.706296920776367,33.05178451538086,-5.379885673522949,0.034396570175886154
2027-04-07,,27.664762496948242,33.05201721191406,-5.423505783081055,0.03625147417187691
2027-04-08,,27.290008544921875,33.05224609375,-5.46396017074585,-0.29827752709388733
2027-04-09,,27.587921142578125,33.0524787902832,-5.500207901000977,0.0356491394340992
2027-04-10,,27.644222259521484,33.052711486816406,-5.531186580657959,0.1226998120546341
2027-04-11,,27.531259536743164,33.052940368652344,-5.555831432342529,0.03415101766586304
2027-04-12,,27.51523208618164,33.05317306518555,-5.573071002960205,0.03512951359152794
2027-04-13,,27.505943298339844,33.053401947021484,-5.581855297088623,0.034396570175886154
2027-04-14,,27.508739471435547,33.05363464355469,-5.581146240234375,0.03625147417187691
2027-04-15,,27.185649871826172,33.053863525390625,-5.569937229156494,-0.29827752709388733
2027-04-16,,27.542484283447266,33.05409622192383,-5.54725980758667,0.0356491394340992
2027-04-17,,27.664833068847656,33.054325103759766,-5.51219367980957,0.1226998120546341
2027-04-18,,27.624832153320312,33.05455780029297,-5.463873386383057,0.03415101766586304
2027-04-19,,27.688417434692383,33.054786682128906,-5.401500225067139,0.03512951359152794
2027-04-20,,27.765071868896484,33.05501937866211,-5.324343681335449,0.034396570175886154
2027-04-21,,27.859745025634766,33.05524826049805,-5.231756687164307,0.03625147417187691
2027-04-22,,27.634023666381836,33.05548095703125,-5.123178005218506,-0.29827752709388733
2027-04-23,,28.093223571777344,33.05571365356445,-4.998137474060059,0.0356491394340992
2027-04-24,,28.32238006591797,33.05594253540039,-4.856264114379883,0.1226998120546341
2027-04-25,,28.393035888671875,33.05617141723633,-4.697289943695068,0.03415101766586304
2027-04-26,,28.570480346679688,33.05640411376953,-4.521052360534668,0.03512951359152794
2027-04-27,,28.763534545898438,33.056636810302734,-4.327497959136963,0.034396570175886154
2027-04-28,,28.97643280029297,33.05686569213867,-4.1166863441467285,0.03625147417187691
2027-04-29,,28.87002944946289,33.057098388671875,-3.8887875080108643,-0.29827752709388733
2027-04-30,,29.448890686035156,33.05732727050781,-3.6440858840942383,0.0356491394340992
2027-05-01,,29.797283172607422,33.057559967041016,-3.382976531982422,0.1226998120546341
2027-05-02,,29.985977172851562,33.05778884887695,-3.105964183807373,0.03415101766586304
2027-05-03,,30.27948760986328,33.058021545410156,-2.8136608600616455,0.03512951359152794
2027-05-04,,30.585865020751953,33.05825424194336,-2.5067834854125977,0.034396570175886154
2027-05-05,,30.908588409423828,33.0584831237793,-2.186145544052124,0.03625147417187691
2027-05-06,,30.907779693603516,33.058712005615234,-1.8526549339294434,-0.29827752709388733
2027-05-07,,31.587284088134766,33.05894470214844,-1.5073084831237793,0.0356491394340992
2027-05-08,,32.030696868896484,33.05917739868164,-1.1511799097061157,0.1226998120546341
2027-05-09,,32.30813980102539,33.05940628051758,-0.7854189872741699,0.03415101766586304
2027-05-10,,32.683528900146484,33.059635162353516,-0.41123655438423157,0.03512951359152794
2027-05-11,,33.064361572265625,33.05986785888672,-0.02990095131099224,0.034396570175886154
2027-05-12,,33.4536247253418,33.06010055541992,0.35727405548095703,0.03625147417187691
2027-05-13,,33.510990142822266,33.06032943725586,0.748940110206604,-0.29827752709388733
2027-05-14,,34.23992919921875,33.0605583190918,1.1437208652496338,0.0356491394340992
2027-05-15,,34.723716735839844,33.060791015625,1.5402257442474365,0.1226998120546341
2027-05-16,,35.03223419189453,33.0610237121582,1.9370585680007935,0.03415101766586304
2027-05-17,,35.4292106628418,33.06125259399414,2.332828998565674,0.03512951359152794
2027-05-18,,35.82204055786133,33.061485290527344,2.726161241531372,0.034396570175886154
2027-05-19,,36.21367263793945,33.06171417236328,3.1157050132751465,0.03625147417187691
2027-05-20,,36.263816833496094,33.061946868896484,3.5001487731933594,-0.29827752709388733
2027-05-21,,36.976051330566406,33.06217575073242,3.8782248497009277,0.0356491394340992
2027-05-22,,37.4338264465332,33.062408447265625,4.248719692230225,0.1226998120546341
2027-05-23,,37.707275390625,33.06264114379883,4.610484600067139,0.03415101766586304
2027-05-24,,38.06044006347656,33.062870025634766,4.962441444396973,0.03512951359152794
2027-05-25,,38.401092529296875,33.0630989074707,5.303593158721924,0.034396570175886154
2027-05-26,,38.73261260986328,33.063331604003906,5.633026599884033,0.03625147417187691
2027-05-27,,38.715206146240234,33.06356430053711,5.94992208480835,-0.29827752709388733
2027-05-28,,39.352996826171875,33.06379318237305,6.253554344177246,0.0356491394340992
2027-05-29,,39.73002624511719,33.064022064208984,6.543302059173584,0.1226998120546341
2027-05-30,,39.91705322265625,33.06425476074219,6.8186492919921875,0.03415101766586304
2027-05-31,,40.17879867553711,33.06448745727539,7.079181671142578,0.03512951359152794
2027-06-01,,40.423709869384766,33.06471633911133,7.324598789215088,0.034396570175886154
2027-06-02,,40.65590286254883,33.064945220947266,7.5547051429748535,0.03625147417187691
2027-06-03,,40.53631591796875,33.06517791748047,7.769415378570557,-0.29827752709388733
2027-06-04,,41.06980514526367,33.06541061401367,7.968747138977051,0.0356491394340992
2027-06-05,,41.34116744995117,33.06563949584961,8.152828216552734,0.1226998120546341
2027-06-06,,41.42190170288086,33.06587219238281,8.321878433227539,0.03415101766586304
2027-06-07,,41.577457427978516,33.06610107421875,8.476223945617676,0.03512951359152794
2027-06-08,,41.71699905395508,33.06633377075195,8.61627197265625,0.034396570175886154
2027-06-09,,41.8453369140625,33.06656265258789,8.742522239685059,0.03625147417187691
2027-06-10,,41.62406921386719,33.066795349121094,8.855552673339844,-0.29827752709388733
2027-06-11,,42.05868148803711,33.0670280456543,8.95600700378418,0.0356491394340992
2027-06-12,,42.234554290771484,33.067256927490234,9.044598579406738,0.1226998120546341
2027-06-13,,42.223731994628906,33.06748580932617,9.12209415435791,0.03415101766586304
2027-06-14,,42.29215621948242,33.067718505859375,9.18930721282959,0.03512951359152794
2027-06-15,,42.34943389892578,33.06795120239258,9.247088432312012,0.034396570175886154
2027-06-16,,42.40074920654297,33.068180084228516,9.296316146850586,0.03625147417187691
2027-06-17,,42.108028411865234,33.06841278076172,9.337890625,-0.29827752709388733
2027-06-18,,42.47700881958008,33.068641662597656,9.372718811035156,0.0356491394340992
2027-06-19,,42.59328079223633,33.06887435913086,9.40170955657959,0.1226998120546341
2027-06-20,,42.529014587402344,33.0691032409668,9.425760269165039,0.03415101766586304
2027-06-21,,42.55021667480469,33.0693359375,9.445754051208496,0.03512951359152794
2027-06-22,,42.566505432128906,33.06956481933594,9.462542533874512,0.034396570175886154
2027-06-23,,42.5829963684082,33.06979751586914,9.476946830749512,0.03625147417187691
2027-06-24,,42.26149368286133,33.07002639770508,9.48974323272705,-0.29827752709388733
2027-06-25,,42.60756301879883,33.07025909423828,9.501653671264648,0.0356491394340992
2027-06-26,,42.706539154052734,33.07048797607422,9.513350486755371,0.1226998120546341
2027-06-27,,42.63031005859375,33.07072067260742,9.525439262390137,0.03415101766586304
2027-06-28,,42.644535064697266,33.070953369140625,9.538455963134766,0.03512951359152794
2027-06-29,,42.658443450927734,33.07118225097656,9.552865982055664,0.034396570175886154
2027-06-30,,42.67672348022461,33.071414947509766,9.569058418273926,0.03625147417187691
2027-07-01,,42.360713958740234,33.0716438293457,9.587347030639648,-0.29827752709388733
2027-07-02,,42.71548080444336,33.071876525878906,9.607956886291504,0.0356491394340992
2027-07-03,,42.82583999633789,33.072105407714844,9.631034851074219,0.1226998120546341
2027-07-04,,42.76313781738281,33.07233810424805,9.656651496887207,0.03415101766586304
2027-07-05,,42.792484283447266,33.072566986083984,9.684786796569824,0.03512951359152794
2027-07-06,,42.82254409790039,33.07279968261719,9.715348243713379,0.034396570175886154
2027-07-07,,42.85744094848633,33.073028564453125,9.748162269592285,0.03625147417187691
2027-07-08,,42.55796432495117,33.07326126098633,9.782983779907227,-0.29827752709388733
2027-07-09,,42.92864227294922,33.07349395751953,9.819500923156738,0.0356491394340992
2027-07-10,,43.053749084472656,33.07372283935547,9.85732650756836,0.1226998120546341
2027-07-11,,43.00413131713867,33.073951721191406,9.896026611328125,0.03415101766586304
2027-07-12,,43.04442596435547,33.07418441772461,9.935111045837402,0.03512951359152794
2027-07-13,,43.082847595214844,33.07441711425781,9.974037170410156,0.034396570175886154
2027-07-14,,43.12311935424805,33.07464599609375,10.012223243713379,0.03625147417187691
2027-07-15,,42.82566452026367,33.07487487792969,10.049064636230469,-0.29827752709388733
2027-07-16,,43.194679260253906,33.07510757446289,10.08392333984375,0.0356491394340992
2027-07-17,,43.31419372558594,33.075340270996094,10.1161527633667,0.1226998120546341
2027-07-18,,43.25481033325195,33.07556915283203,10.145090103149414,0.03415101766586304
2027-07-19,,43.281005859375,33.075801849365234,10.170075416564941,0.03512951359152794
2027-07-20,,43.30088806152344,33.07603073120117,10.190460205078125,0.034396570175886154
2027-07-21,,43.3181266784668,33.076263427734375,10.20561408996582,0.03625147417187691
2027-07-22,,42.99313735961914,33.07649230957031,10.214920043945312,-0.29827752709388733
2027-07-23,,43.330177307128906,33.076725006103516,10.217805862426758,0.0356491394340992
2027-07-24,,43.41338348388672,33.07695770263672,10.213727951049805,0.1226998120546341
2027-07-25,,43.313533782958984,33.077186584472656,10.202195167541504,0.03415101766586304
2027-07-26,,43.29530715942383,33.077415466308594,10.182761192321777,0.03512951359152794
2027-07-27,,43.267093658447266,33.0776481628418,10.155049324035645,0.034396570175886154
2027-07-28,,43.23286056518555,33.077880859375,10.118727684020996,0.03625147417187691
2027-07-29,,42.85337829589844,33.07810974121094,10.073546409606934,-0.29827752709388733
2027-07-30,,43.13330841064453,33.078338623046875,10.019319534301758,0.0356491394340992
2027-07-31,,43.157203674316406,33.07857131958008,9.955930709838867,0.1226998120546341
2027-08-01,,42.99630355834961,33.07880401611328,9.88334846496582,0.03415101766586304
2027-08-02,,42.91576385498047,33.07903289794922,9.801604270935059,0.03512951359152794
2027-08-03,,42.8244743347168,33.079261779785156,9.710813522338867,0.034396570175886154
2027-08-04,,42.7269172668457,33.07949447631836,9.61117172241211,0.03625147417187691
2027-08-05,,42.28438949584961,33.07972717285156,9.502939224243164,-0.29827752709388733
2027-08-06,,42.50205993652344,33.0799560546875,9.386452674865723,0.0356491394340992
2027-08-07,,42.46501159667969,33.0801887512207,9.262124061584473,0.1226998120546341
2027-08-08,,42.244991302490234,33.08041763305664,9.130420684814453,0.03415101766586304
2027-08-09,,42.10765838623047,33.080650329589844,8.991878509521484,0.03512951359152794
2027-08-10,,41.962364196777344,33.08087921142578,8.847088813781738,0.034396570175886154
2027-08-11,,41.814056396484375,33.081111907958984,8.696691513061523,0.03625147417187691
2027-08-12,,41.32443618774414,33.08134460449219,8.541370391845703,-0.29827752709388733
2027-08-13,,41.49907302856445,33.081573486328125,8.38184928894043,0.0356491394340992
2027-08-14,,41.42338943481445,33.08180236816406,8.218884468078613,0.1226998120546341
2027-08-15,,41.169437408447266,33.082035064697266,8.053248405456543,0.03415101766586304
2027-08-16,,41.00313186645508,33.08226776123047,7.885735988616943,0.03512951359152794
2027-08-17,,40.834041595458984,33.082496643066406,7.717145919799805,0.034396570175886154
2027-08-18,,40.66725540161133,33.082725524902344,7.548275947570801,0.03625147417187691
2027-08-19,,40.16460037231445,33.08295822143555,7.379915714263916,-0.29827752709388733
2027-08-20,,40.33168029785156,33.08319091796875,7.212839603424072,0.0356491394340992
2027-08-21,,40.2539176940918,33.08341979980469,7.047795295715332,0.1226998120546341
2027-08-22,,40.00330352783203,33.08365249633789,6.885499954223633,0.03415101766586304
2027-08-23,,39.845645904541016,33.08388137817383,6.726631164550781,0.03512951359152794
2027-08-24,,39.690330505371094,33.08411407470703,6.571818828582764,0.034396570175886154
2027-08-25,,39.542236328125,33.08434295654297,6.421641826629639,0.03625147417187691
2027-08-26,,39.06291580200195,33.08457565307617,6.276618480682373,-0.29827752709388733
2027-08-27,,39.25766372680664,33.08480453491211,6.137206554412842,0.0356491394340992
2027-08-28,,39.21152877807617,33.08503723144531,6.003790378570557,0.1226998120546341
2027-08-29,,38.99610137939453,33.08526611328125,5.876683712005615,0.03415101766586304
2027-08-30,,38.87675476074219,33.08549880981445,5.756126403808594,0.03512951359152794
2027-08-31,,38.76240539550781,33.085731506347656,5.642277717590332,0.034396570175886154
2027-09-01,,38.65742492675781,33.085960388183594,5.535215377807617,0.03625147417187691
2027-09-02,,38.22285461425781,33.0861930847168,5.434938430786133,-0.29827752709388733
2027-09-03,,38.463436126708984,33.086421966552734,5.341363430023193,0.0356491394340992
2027-09-04,,38.463680267333984,33.08665466308594,5.2543253898620605,0.1226998120546341
2027-09-05,,38.29461669921875,33.086883544921875,5.173583030700684,0.03415101766586304
2027-09-06,,38.22106170654297,33.08711624145508,5.098814010620117,0.03512951359152794
2027-09-07,,38.151371002197266,33.087345123291016,5.029627799987793,0.034396570175886154
2027-09-08,,38.08938980102539,33.08757781982422,4.965559482574463,0.03625147417187691
2027-09-09,,37.69561004638672,33.087806701660156,4.906078815460205,-0.29827752709388733
2027-09-10,,37.97428512573242,33.08803939819336,4.8505988121032715,0.0356491394340992
2027-09-11,,38.00944519042969,33.0882682800293,4.79847526550293,0.1226998120546341
2027-09-12,,37.87166976928711,33.0885009765625,4.749016761779785,0.03415101766586304
2027-09-13,,37.825355529785156,33.0887336730957,4.70149040222168,0.03512951359152794
2027-09-14,,37.77848815917969,33.08896255493164,4.655129432678223,0.034396570175886154
2027-09-15,,37.73458480834961,33.08919143676758,4.609139919281006,0.03625147417187691
2027-09-16,,37.35385513305664,33.08942413330078,4.562708854675293,-0.29827752709388733
2027-09-17,,37.64031982421875,33.089656829833984,4.5150146484375,0.0356491394340992
2027-09-18,,37.67781448364258,33.08988571166992,4.465230464935303,0.1226998120546341
2027-09-19,,37.53680419921875,33.090118408203125,4.412537097930908,0.03415101766586304
2027-09-20,,37.48160171508789,33.09034729003906,4.35612678527832,0.03512951359152794
2027-09-21,,37.420188903808594,33.090579986572266,4.2952141761779785,0.034396570175886154
2027-09-22,,37.35610580444336,33.0908088684082,4.2290449142456055,0.03625147417187691
2027-09-23,,36.94966125488281,33.091041564941406,4.156898498535156,-0.29827752709388733
2027-09-24,,37.205020904541016,33.09127426147461,4.078100204467773,0.0356491394340992
2027-09-25,,37.20622634887695,33.09150314331055,3.992023468017578,0.1226998120546341
2027-09-26,,37.02398681640625,33.091732025146484,3.8981006145477295,0.03415101766586304
2027-09-27,,36.922916412353516,33.09196472167969,3.795825242996216,0.03512951359152794
2027-09-28,,36.81135177612305,33.09219741821289,3.6847586631774902,0.034396570175886154
2027-09-29,,36.69321060180664,33.09242630004883,3.5645320415496826,0.03625147417187691
2027-09-30,,36.22923278808594,33.092655181884766,3.4348537921905518,-0.29827752709388733
2027-10-01,,36.42404556274414,33.09288787841797,3.295509099960327,0.0356491394340992
2027-10-02,,36.3621826171875,33.09312057495117,3.146364450454712,0.1226998120546341
2027-10-03,,36.1148681640625,33.09334945678711,2.9873673915863037,0.03415101766586304
2027-10-04,,35.94725799560547,33.09357833862305,2.818549394607544,0.03512951359152794
2027-10-05,,35.76823043823242,33.09381103515625,2.640022039413452,0.034396570175886154
2027-10-06,,35.582275390625,33.09404373168945,2.451979875564575,0.03625147417187691
2027-10-07,,35.05069351196289,33.09427261352539,2.254697322845459,-0.29827752709388733
2027-10-08,,35.178680419921875,33.094505310058594,2.048525094985962,0.0356491394340992
2027-10-09,,35.051326751708984,33.0947380065918,1.8338907957077026,0.1226998120546341
2027-10-10,,34.74040603637695,33.094966888427734,1.6112900972366333,0.03415101766586304
2027-10-11,,34.51161193847656,33.09519577026367,1.3812859058380127,0.03512951359152794
2027-10-12,,34.27432632446289,33.095428466796875,1.144501805305481,0.034396570175886154
2027-10-13,,34.033531188964844,33.09566116333008,0.9016194343566895,0.03625147417187691
2027-10-14,,33.45097732543945,33.095890045166016,0.6533665060997009,-0.29827752709388733
2027-10-15,,33.53228759765625,33.09611892700195,0.40051770210266113,0.0356491394340992
2027-10-16,,33.36293411254883,33.096351623535156,0.143882617354393,0.1226998120546341
2027-10-17,,33.01503372192383,33.09658432006836,-0.11569971591234207,0.03415101766586304
2027-10-18,,32.75457763671875,33.0968132019043,-0.37736594676971436,0.03512951359152794
2027-10-19,,32.49120330810547,33.097042083740234,-0.6402396559715271,0.034396570175886154
2027-10-20,,32.2300910949707,33.09727478027344,-0.9034363031387329,0.03625147417187691
2027-10-21,,31.633159637451172,33.09750747680664,-1.166068196296692,-0.29827752709388733
2027-10-22,,31.706127166748047,33.09773635864258,-1.4272592067718506,0.0356491394340992
2027-10-23,,31.534526824951172,33.09796905517578,-1.686143398284912,0.1226998120546341
2027-10-24,,31.190475463867188,33.09819793701172,-1.9418772459030151,0.03415101766586304
2027-10-25,,30.93991470336914,33.09843063354492,-2.1936452388763428,0.03512951359152794
2027-10-26,,30.69239044189453,33.09865951538086,-2.4406659603118896,0.034396570175886154
2027-10-27,,30.45294952392578,33.09889221191406,-2.6821959018707275,0.03625147417187691
2027-10-28,,29.88330841064453,33.099124908447266,-2.9175381660461426,-0.29827752709388733
2027-10-29,,29.988956451416016,33.0993537902832,-3.1460464000701904,0.0356491394340992
2027-10-30,,29.85515594482422,33.09958267211914,-3.36712646484375,0.1226998120546341
2027-10-31,,29.553722381591797,33.099815368652344,-3.5802459716796875,0.03415101766586304
2027-11-01,,29.35024642944336,33.10004806518555,-3.7849295139312744,0.03512951359152794
2027-11-02,,29.15390396118164,33.100276947021484,-3.9807698726654053,0.034396570175886154
2027-11-03,,28.969337463378906,33.10050964355469,-4.167422294616699,0.03625147417187691
2027-11-04,,28.45785140991211,33.100738525390625,-4.344611644744873,-0.29827752709388733
2027-11-05,,28.624492645263672,33.10097122192383,-4.512127876281738,0.0356491394340992
2027-11-06,,28.55406951904297,33.101200103759766,-4.669830799102783,0.1226998120546341
2027-11-07,,28.31793975830078,33.10143280029297,-4.817644119262695,0.03415101766586304
2027-11-08,,28.181232452392578,33.101661682128906,-4.955559253692627,0.03512951359152794
2027-11-09,,28.052658081054688,33.10189437866211,-5.083632469177246,0.034396570175886154
2027-11-10,,27.936399459838867,33.10212326049805,-5.201975345611572,0.03625147417187691
2027-11-11,,27.493314743041992,33.10235595703125,-5.310763359069824,-0.29827752709388733
2027-11-12,,27.728012084960938,33.10258483886719,-5.410221576690674,0.0356491394340992
2027-11-13,,27.724884033203125,33.10281753540039,-5.500632286071777,0.1226998120546341
2027-11-14,,27.554885864257812,33.103050231933594,-5.582314491271973,0.03415101766586304
2027-11-15,,27.482772827148438,33.10327911376953,-5.655636310577393,0.03512951359152794
2027-11-16,,27.416908264160156,33.103511810302734,-5.720997333526611,0.034396570175886154
2027-11-17,,27.361160278320312,33.10374069213867,-5.77883243560791,0.03625147417187691
2027-11-18,,26.976097106933594,33.103973388671875,-5.829597473144531,-0.29827752709388733
2027-11-19,,27.26607894897461,33.10420227050781,-5.873773574829102,0.0356491394340992
2027-11-20,,27.315277099609375,33.104434967041016,-5.9118547439575195,0.1226998120546341
2027-11-21,,27.194473266601562,33.10466384887695,-5.944340705871582,0.03415101766586304
2027-11-22,,27.168285369873047,33.104896545410156,-5.971741199493408,0.03512951359152794
2027-11-23,,27.14495849609375,33.105125427246094,-5.994563579559326,0.034396570175886154
2027-11-24,,27.12830352783203,33.1053581237793,-6.013305187225342,0.03625147417187691
2027-11-25,,26.778858184814453,33.1055908203125,-6.028454303741455,-0.29827752709388733
2027-11-26,,27.10098648071289,33.10581970214844,-6.040482997894287,0.0356491394340992
2027-11-27,,27.17890167236328,33.106048583984375,-6.04984712600708,0.1226998120546341
2027-11-28,,27.083457946777344,33.10628128051758,-6.056974411010742,0.03415101766586304
2027-11-29,,27.079376220703125,33.10651397705078,-6.062265396118164,0.03512951359152794
2027-11-30,,27.075042724609375,33.10674285888672,-6.066096782684326,0.034396570175886154
2027-12-01,,27.074420928955078,33.106971740722656,-6.06880521774292,0.03625147417187691
2027-12-02,,26.738229751586914,33.10720443725586,-6.07069730758667,-0.29827752709388733
2027-12-03,,27.071044921875,33.10743713378906,-6.072040557861328,0.0356491394340992
2027-12-04,,27.157297134399414,33.107666015625,-6.073070049285889,0.1226998120546341
2027-12-05,,27.06806755065918,33.1078987121582,-6.073980331420898,0.03415101766586304
2027-12-06,,27.068328857421875,33.10812759399414,-6.074930191040039,0.03512951359152794
2027-12-07,,27.06671905517578,33.108360290527344,-6.076038360595703,0.034396570175886154
2027-12-08,,27.06745147705078,33.10858917236328,-6.077390670776367,0.03625147417187691
2027-12-09,,26.731502532958984,33.108821868896484,-6.079039573669434,-0.29827752709388733
2027-12-10,,27.063701629638672,33.10905456542969,-6.080999374389648,0.0356491394340992
2027-12-11,,27.148725509643555,33.109283447265625,-6.083257675170898,0.1226998120546341
2027-12-12,,27.05788803100586,33.10951232910156,-6.085775852203369,0.03415101766586304
2027-12-13,,27.056385040283203,33.109745025634766,-6.088487148284912,0.03512951359152794
2027-12-14,,27.053070068359375,33.10997772216797,-6.091302394866943,0.034396570175886154
2027-12-15,,27.05234146118164,33.110206604003906,-6.094115257263184,0.03625147417187691
2027-12-16,,26.715354919433594,33.110435485839844,-6.096805095672607,-0.29827752709388733
2027-12-17,,27.047080993652344,33.11066818237305,-6.09923791885376,0.0356491394340992
2027-12-18,,27.132328033447266,33.11090087890625,-6.101272106170654,0.1226998120546341
2027-12-19,,27.042516708374023,33.11112976074219,-6.102763652801514,0.03415101766586304
2027-12-20,,27.042922973632812,33.111358642578125,-6.103568077087402,0.03512951359152794
2027-12-21,,27.042449951171875,33.11159133911133,-6.103539943695068,0.034396570175886154
2027-12-22,,27.045528411865234,33.11182403564453,-6.102546691894531,0.03625147417187691
2027-12-23,,26.713314056396484,33.11205291748047,-6.100462913513184,-0.29827752709388733
2027-12-24,,27.050758361816406,33.11228561401367,-6.097175121307373,0.0356491394340992
2027-12-25,,27.142627716064453,33.11251449584961,-6.092588901519775,0.1226998120546341
2027-12-26,,27.060274124145508,33.11274719238281,-6.086623668670654,0.03415101766586304
2027-12-27,,27.06888198852539,33.11297607421875,-6.079224109649658,0.03512951359152794
2027-12-28,,27.07724952697754,33.11320877075195,-6.0703558921813965,0.034396570175886154
2027-12-29,,27.089685440063477,33.113441467285156,-6.060006141662598,0.03625147417187691
2027-12-30,,26.767200469970703,33.113670349121094,-6.048190593719482,-0.29827752709388733
2027-12-31,,27.11459732055664,33.11389923095703,-6.034951210021973,0.0356491394340992
2028-01-01,,27.21648406982422,33.114131927490234,-6.020349502563477,0.1226998120546341
2028-01-02,,27.1440372467041,33.11436462402344,-6.004477024078369,0.03415101766586304
2028-01-03,,27.16227149963379,33.114593505859375,-5.987452030181885,0.03512951359152794
2028-01-04,,27.179805755615234,33.11482238769531,-5.9694132804870605,0.034396570175886154
2028-01-05,,27.20078468322754,33.115055084228516,-5.950523376464844,0.03625147417187691
2028-01-06,,26.886043548583984,33.11528778076172,-5.930965423583984,-0.29827752709388733
2028-01-07,,27.240224838256836,33.115516662597656,-5.910940647125244,0.0356491394340992
2028-01-08,,27.347782135009766,33.115745544433594,-5.890666484832764,0.1226998120546341
2028-01-09,,27.27975845336914,33.1159782409668,-5.870372772216797,0.03415101766586304
2028-01-10,,27.30103874206543,33.1162109375,-5.850302219390869,0.03512951359152794
2028-01-11,,27.32013702392578,33.11643981933594,-5.8306989669799805,0.034396570175886154
2028-01-12,,27.341108322143555,33.11667251586914,-5.811816215515137,0.03625147417187691
2028-01-13,,27.02471923828125,33.11690139770508,-5.7939043045043945,-0.29827752709388733
2028-01-14,,27.375574111938477,33.11713409423828,-5.777209281921387,0.0356491394340992
2028-01-15,,27.47809600830078,33.117366790771484,-5.761969566345215,0.1226998120546341
2028-01-16,,27.403331756591797,33.11759567260742,-5.748414993286133,0.03415101766586304
2028-01-17,,27.41619873046875,33.117828369140625,-5.736758708953857,0.03512951359152794
2028-01-18,,27.42525863647461,33.11805725097656,-5.727194786071777,0.034396570175886154
2028-01-19,,27.434642791748047,33.1182861328125,-5.719897747039795,0.03625147417187691
2028-01-20,,27.105226516723633,33.1185188293457,-5.715015888214111,-0.29827752709388733
2028-01-21,,27.441722869873047,33.118751525878906,-5.712674617767334,0.0356491394340992
2028-01-22,,27.528717041015625,33.118980407714844,-5.712963104248047,0.1226998120546341
2028-01-23,,27.437421798706055,33.11921310424805,-5.7159423828125,0.03415101766586304
2028-01-24,,27.432933807373047,33.119441986083984,-5.721640586853027,0.03512951359152794
2028-01-25,,27.424020767211914,33.11967468261719,-5.730049133300781,0.034396570175886154
2028-01-26,,27.415035247802734,33.11990737915039,-5.741123676300049,0.03625147417187691
2028-01-27,,27.067075729370117,33.12013626098633,-5.754782199859619,-0.29827752709388733
2028-01-28,,27.385107040405273,33.120365142822266,-5.770908832550049,0.0356491394340992
2028-01-29,,27.453948974609375,33.12059783935547,-5.789348125457764,0.1226998120546341
2028-01-30,,27.34506607055664,33.12083053588867,-5.809915065765381,0.03415101766586304
2028-01-31,,27.323806762695312,33.12105941772461,-5.832382678985596,0.03512951359152794
2028-02-01,,27.29918670654297,33.12128829956055,-5.856500148773193,0.034396570175886154
2028-02-02,,27.27579116821289,33.12152099609375,-5.8819804191589355,0.03625147417187691
2028-02-03,,26.914962768554688,33.12175369262695,-5.908514022827148,-0.29827752709388733
2028-02-04,,27.221866607666016,33.12198257446289,-5.935763835906982,0.0356491394340992
2028-02-05,,27.281539916992188,33.122215270996094,-5.963375568389893,0.1226998120546341
2028-02-06,,27.165618896484375,33.12244415283203,-5.990978240966797,0.03415101766586304
2028-02-07,,27.13962173461914,33.122676849365234,-6.01818323135376,0.03512951359152794
2028-02-08,,27.112701416015625,33.12290573120117,-6.044600486755371,0.034396570175886154
2028-02-09,,27.089553833007812,33.123138427734375,-6.069833755493164,0.03625147417187691
2028-02-10,,26.731609344482422,33.12337112426758,-6.0934834480285645,-0.29827752709388733
2028-02-11,,27.044086456298828,33.123600006103516,-6.115163326263428,0.0356491394340992
2028-02-12,,27.11203384399414,33.12382888793945,-6.134494304656982,0.1226998120546341
2028-02-13,,27.007099151611328,33.124061584472656,-6.1511125564575195,0.03415101766586304
2028-02-14,,26.9947509765625,33.12429428100586,-6.164672374725342,0.03512951359152794
2028-02-15,,26.984060287475586,33.1245231628418,-6.174858570098877,0.034396570175886154
2028-02-16,,26.979625701904297,33.124752044677734,-6.181380271911621,0.03625147417187691
2028-02-17,,26.642723083496094,33.12498474121094,-6.183983325958252,-0.29827752709388733
2028-02-18,,26.978416442871094,33.12521743774414,-6.182448387145996,0.0356491394340992
2028-02-19,,27.071548461914062,33.12544631958008,-6.176598072052002,0.1226998120546341
2028-02-20,,26.9935302734375,33.125675201416016,-6.166297435760498,0.03415101766586304
2028-02-21,,27.009578704833984,33.12590789794922,-6.15146017074585,0.03512951359152794
2028-02-22,,27.028488159179688,33.12614059448242,-6.132046699523926,0.034396570175886154
2028-02-23,,27.054550170898438,33.12636947631836,-6.1080708503723145,0.03625147417187691
2028-02-24,,26.748729705810547,33.12660217285156,-6.079594612121582,-0.29827752709388733
2028-02-25,,27.11574935913086,33.1268310546875,-6.046732425689697,0.0356491394340992
2028-02-26,,27.2401123046875,33.1270637512207,-6.009650707244873,0.1226998120546341
2028-02-27,,27.192874908447266,33.12729263305664,-5.968570232391357,0.03415101766586304
2028-02-28,,27.23889923095703,33.127525329589844,-5.9237565994262695,0.03512951359152794
2028-02-29,,27.28662872314453,33.12775802612305,-5.875524520874023,0.034396570175886154
2028-03-01,,27.34000015258789,33.127986907958984,-5.824238300323486,0.03625147417187691
2028-03-02,,27.05963897705078,33.12821578979492,-5.770299911499023,-0.29827752709388733
2028-03-03,,27.449949264526367,33.128448486328125,-5.714148998260498,0.0356491394340992
2028-03-04,,27.595115661621094,33.12868118286133,-5.656264781951904,0.1226998120546341
2028-03-05,,27.565906524658203,33.128910064697266,-5.597153663635254,0.03415101766586304
2028-03-06,,27.62692642211914,33.1291389465332,-5.537343502044678,0.03512951359152794
2028-03-07,,27.686384201049805,33.129371643066406,-5.4773850440979,0.034396570175886154
2028-03-08,,27.74801254272461,33.12960433959961,-5.41784143447876,0.03625147417187691
2028-03-09,,27.472274780273438,33.12983322143555,-5.35928201675415,-0.29827752709388733
2028-03-10,,27.86343765258789,33.13006591796875,-5.3022780418396,0.0356491394340992
2028-03-11,,28.00560760498047,33.13029479980469,-5.247389316558838,0.1226998120546341
2028-03-12,,27.96950912475586,33.13052749633789,-5.195167541503906,0.03415101766586304
2028-03-13,,28.01974105834961,33.13075637817383,-5.146143913269043,0.03512951359152794
2028-03-14,,28.064563751220703,33.13098907470703,-5.100822448730469,0.034396570175886154
2028-03-15,,28.107799530029297,33.13121795654297,-5.059671878814697,0.03625147417187691
2028-03-16,,27.810047149658203,33.13145065307617,-5.0231242179870605,-0.29827752709388733
2028-03-17,,28.175765991210938,33.13167953491211,-4.99156379699707,0.0356491394340992
2028-03-18,,28.289291381835938,33.13191223144531,-4.965322494506836,0.1226998120546341
2028-03-19,,28.221614837646484,33.132144927978516,-4.944677352905273,0.03415101766586304
2028-03-20,,28.23766326904297,33.13237380981445,-4.929839134216309,0.03512951359152794
2028-03-21,,28.246047973632812,33.132606506347656,-4.92095422744751,0.034396570175886154
2028-03-22,,28.250988006591797,33.132835388183594,-4.918098449707031,0.03625147417187691
2028-03-23,,27.913516998291016,33.1330680847168,-4.921272277832031,-0.29827752709388733
2028-03-24,,28.238548278808594,33.133296966552734,-4.93039608001709,0.0356491394340992
2028-03-25,,28.3109130859375,33.13352966308594,-4.945318222045898,0.1226998120546341
2028-03-26,,28.20211410522461,33.133758544921875,-4.965798854827881,0.03415101766586304
2028-03-27,,28.177597045898438,33.13399124145508,-4.991523265838623,0.03512951359152794
2028-03-28,,28.146522521972656,33.134220123291016,-5.022093772888184,0.034396570175886154
2028-03-29,,28.113670349121094,33.13445281982422,-5.057035446166992,0.03625147417187691
2028-03-30,,27.740612030029297,33.134681701660156,-5.0957932472229,-0.29827752709388733
2028-03-31,,28.032821655273438,33.13491439819336,-5.137739658355713,0.0356491394340992
2028-04-01,,28.07567024230957,33.13514709472656,-5.182176113128662,0.1226998120546341
2028-04-02,,27.941192626953125,33.1353759765625,-5.228335380554199,0.03415101766586304
2028-04-03,,27.895343780517578,33.13560485839844,-5.275390625,0.03512951359152794
2028-04-04,,27.847774505615234,33.13583755493164,-5.3224592208862305,0.034396570175886154
2028-04-05,,27.803714752197266,33.136070251464844,-5.368606090545654,0.03625147417187691
2028-04-06,,27.425167083740234,33.13629913330078,-5.4128570556640625,-0.29827752709388733
2028-04-07,,27.717979431152344,33.136531829833984,-5.454200267791748,0.0356491394340992
2028-04-08,,27.767860412597656,33.13676071166992,-5.491598129272461,0.1226998120546341
2028-04-09,,27.64714813232422,33.136993408203125,-5.523994445800781,0.03415101766586304
2028-04-10,,27.622032165527344,33.13722229003906,-5.55032205581665,0.03512951359152794
2028-04-11,,27.602336883544922,33.137454986572266,-5.569513320922852,0.034396570175886154
2028-04-12,,27.593425750732422,33.1376838684082,-5.580509662628174,0.03625147417187691
2028-04-13,,27.257369995117188,33.137916564941406,-5.582268714904785,-0.29827752709388733
2028-04-14,,27.600017547607422,33.138145446777344,-5.573776721954346,0.0356491394340992
2028-04-15,,27.707021713256836,33.13837814331055,-5.554055690765381,0.1226998120546341
2028-04-16,,27.650590896606445,33.13861083984375,-5.522170066833496,0.03415101766586304
2028-04-17,,27.696727752685547,33.13883972167969,-5.477241039276123,0.03512951359152794
2028-04-18,,27.755016326904297,33.139068603515625,-5.418450832366943,0.034396570175886154
2028-04-19,,27.83049774169922,33.13930130004883,-5.34505558013916,0.03625147417187691
2028-04-20,,27.58487319946289,33.13953399658203,-5.256382465362549,-0.29827752709388733
2028-04-21,,28.023563385009766,33.13976287841797,-5.151849269866943,0.0356491394340992
2028-04-22,,28.231731414794922,33.139991760253906,-5.030961990356445,0.1226998120546341
2028-04-23,,28.281047821044922,33.14022445678711,-4.893326759338379,0.03415101766586304
2028-04-24,,28.436939239501953,33.14045715332031,-4.7386474609375,0.03512951359152794
2028-04-25,,28.608348846435547,33.14068603515625,-4.566734790802002,0.034396570175886154
2028-04-26,,28.799659729003906,33.14091873168945,-4.377508640289307,0.03625147417187691
2028-04-27,,28.671871185302734,33.141151428222656,-4.170999526977539,-0.29827752709388733
2028-04-28,,29.229679107666016,33.141380310058594,-3.9473509788513184,0.0356491394340992
2028-04-29,,29.557491302490234,33.14160919189453,-3.706817150115967,0.1226998120546341
2028-04-30,,29.726226806640625,33.141841888427734,-3.4497666358947754,0.03415101766586304
2028-05-01,,30.000526428222656,33.14207458496094,-3.1766767501831055,0.03512951359152794
2028-05-02,,30.28856658935547,33.142303466796875,-2.8881332874298096,0.034396570175886154
2028-05-03,,30.59395980834961,33.14253234863281,-2.5848264694213867,0.03625147417187691
2028-05-04,,30.57693862915039,33.142765045166016,-2.2675464153289795,-0.29827752709388733
2028-05-05,,31.241466522216797,33.14299774169922,-1.9371795654296875,0.0356491394340992
2028-05-06,,31.671226501464844,33.143226623535156,-1.5946991443634033,0.1226998120546341
2028-05-07,,31.936447143554688,33.143455505371094,-1.2411611080169678,0.03415101766586304
2028-05-08,,32.30112075805664,33.1436882019043,-0.8776968717575073,0.03512951359152794
2028-05-09,,32.672813415527344,33.1439208984375,-0.5055034160614014,0.034396570175886154
2028-05-10,,33.054569244384766,33.14414978027344,-0.12583471834659576,0.03625147417187691
2028-05-11,,33.106109619140625,33.144378662109375,0.2600058317184448,-0.29827752709388733
2028-05-12,,33.83094024658203,33.14461135864258,0.6506776213645935,0.0356491394340992
2028-05-13,,34.31235122680664,33.14484405517578,1.0448089838027954,0.1226998120546341
2028-05-14,,34.6202392578125,33.14507293701172,1.4410139322280884,0.03415101766586304
2028-05-15,,35.01832962036133,33.14530563354492,1.8378958702087402,0.03512951359152794
2028-05-16,,35.41399383544922,33.145538330078125,2.2340614795684814,0.034396570175886154
2028-05-17,,35.810150146484375,33.14576721191406,2.6281309127807617,0.03625147417187691
2028-05-18,,35.8664665222168,33.14599609375,3.018747568130493,-0.29827752709388733
2028-05-19,,36.58646774291992,33.1462287902832,3.4045867919921875,0.0356491394340992
2028-05-20,,37.053531646728516,33.146461486816406,3.7843706607818604,0.1226998120546341
2028-05-21,,37.337711334228516,33.146690368652344,4.1568708419799805,0.03415101766586304
2028-05-22,,37.702972412109375,33.14691925048828,4.5209221839904785,0.03512951359152794
2028-05-23,,38.056976318359375,33.147151947021484,4.87542724609375,0.034396570175886154
2028-05-24,,38.40300369262695,33.14738464355469,5.219369411468506,0.03625147417187691
2028-05-25,,38.40114974975586,33.147613525390625,5.551812648773193,-0.29827752709388733
2028-05-26,,39.05541229248047,33.14784622192383,5.871915340423584,0.0356491394340992
2028-05-27,,39.44969940185547,33.148075103759766,6.178925037384033,0.1226998120546341
2028-05-28,,39.65465545654297,33.14830780029297,6.47219705581665,0.03415101766586304
2028-05-29,,39.93485641479492,33.148536682128906,6.751187324523926,0.03512951359152794
2028-05-30,,40.1986198425293,33.14876937866211,7.015456199645996,0.034396570175886154
2028-05-31,,40.449928283691406,33.14899826049805,7.264674663543701,0.03625147417187691
2028-06-01,,40.349571228027344,33.14923095703125,7.498620986938477,-0.29827752709388733
2028-06-02,,40.90229034423828,33.14945983886719,7.717182159423828,0.0356491394340992
2028-06-03,,41.192745208740234,33.14969253540039,7.920350551605225,0.1226998120546341
2028-06-04,,41.292301177978516,33.149925231933594,8.108227729797363,0.03415101766586304
2028-06-05,,41.46629333496094,33.15015411376953,8.281009674072266,0.03512951359152794
2028-06-06,,41.623775482177734,33.150386810302734,8.438994407653809,0.034396570175886154
2028-06-07,,41.76944351196289,33.15061569213867,8.582573890686035,0.03625147417187691
2028-06-08,,41.56479263305664,33.150848388671875,8.712224960327148,-0.29827752709388733
2028-06-09,,42.015228271484375,33.15107727050781,8.828499794006348,0.0356491394340992
2028-06-10,,42.2060432434082,33.151309967041016,8.932032585144043,0.1226998120546341
2028-06-11,,42.20921325683594,33.15153884887695,9.02352237701416,0.03415101766586304
2028-06-12,,42.29061508178711,33.151771545410156,9.103716850280762,0.03512951359152794
2028-06-13,,42.35981750488281,33.152000427246094,9.173421859741211,0.034396570175886154
2028-06-14,,42.42196273803711,33.1522331237793,9.233479499816895,0.03625147417187691
2028-06-15,,42.138946533203125,33.152462005615234,9.284761428833008,-0.29827752709388733
2028-06-16,,42.516510009765625,33.15269470214844,9.328165054321289,0.0356491394340992
2028-06-17,,42.640220642089844,33.15292739868164,9.364594459533691,0.1226998120546341
2028-06-18,,42.58226776123047,33.15315628051758,9.394960403442383,0.03415101766586304
2028-06-19,,42.60867691040039,33.153385162353516,9.420162200927734,0.03512951359152794
2028-06-20,,42.62910461425781,33.15361785888672,9.441088676452637,0.034396570175886154
2028-06-21,,42.64870071411133,33.15385055541992,9.458600997924805,0.03625147417187691
2028-06-22,,42.32933044433594,33.15407943725586,9.473527908325195,-0.29827752709388733
2028-06-23,,42.676612854003906,33.15431213378906,9.486654281616211,0.0356491394340992
2028-06-24,,42.775962829589844,33.154541015625,9.4987211227417,0.1226998120546341
2028-06-25,,42.699337005615234,33.1547737121582,9.510412216186523,0.03415101766586304
2028-06-26,,42.71248245239258,33.15500259399414,9.52234935760498,0.03512951359152794
2028-06-27,,42.7247200012207,33.155235290527344,9.535087585449219,0.034396570175886154
2028-06-28,,42.74082565307617,33.15546798706055,9.54910945892334,0.03625147417187691
2028-06-29,,42.422245025634766,33.155696868896484,9.564825057983398,-0.29827752709388733
2028-06-30,,42.774139404296875,33.15592575073242,9.582564353942871,0.0356491394340992
2028-07-01,,42.88143539428711,33.156158447265625,9.602577209472656,0.1226998120546341
2028-07-02,,42.81556701660156,33.15639114379883,9.625029563903809,0.03415101766586304
2028-07-03,,42.841758728027344,33.156620025634766,9.650008201599121,0.03512951359152794
2028-07-04,,42.86876678466797,33.1568489074707,9.677520751953125,0.034396570175886154
2028-07-05,,42.90081787109375,33.157081604003906,9.707487106323242,0.03625147417187691
2028-07-06,,42.598793029785156,33.15731430053711,9.739758491516113,-0.29827752709388733
2028-07-07,,42.9672966003418,33.15754318237305,9.774106979370117,0.0356491394340992
2028-07-08,,43.09070587158203,33.157772064208984,9.81023120880127,0.1226998120546341
2028-07-09,,43.0399284362793,33.15800476074219,9.847769737243652,0.03415101766586304
2028-07-10,,43.07965850830078,33.15823745727539,9.886295318603516,0.03512951359152794
2028-07-11,,43.11819839477539,33.15846633911133,9.925333023071289,0.034396570175886154
2028-07-12,,43.1593017578125,33.15869903564453,9.964350700378418,0.03625147417187691
2028-07-13,,42.86343002319336,33.15892791748047,10.002779006958008,-0.29827752709388733
2028-07-14,,43.234825134277344,33.15916061401367,10.040014266967773,0.0356491394340992
2028-07-15,,43.357521057128906,33.15938949584961,10.075432777404785,0.1226998120546341
2028-07-16,,43.30215072631836,33.15962219238281,10.108379364013672,0.03415101766586304
2028-07-17,,43.33318328857422,33.159854888916016,10.138199806213379,0.03512951359152794
2028-07-18,,43.35871505737305,33.16008377075195,10.16423511505127,0.034396570175886154
2028-07-19,,43.38239669799805,33.16031265258789,10.185831069946289,0.03625147417187691
2028-07-20,,43.06462097167969,33.160545349121094,10.202350616455078,-0.29827752709388733
2028-07-21,,43.40959930419922,33.1607780456543,10.213174819946289,0.0356491394340992
2028-07-22,,43.50142288208008,33.161006927490234,10.217716217041016,0.1226998120546341
2028-07-23,,43.41081237792969,33.16123580932617,10.215426445007324,0.03415101766586304
2028-07-24,,43.402400970458984,33.161468505859375,10.205801963806152,0.03512951359152794
2028-07-25,,43.38447952270508,33.16170120239258,10.188383102416992,0.034396570175886154
2028-07-26,,43.36095428466797,33.161930084228516,10.162771224975586,0.03625147417187691
2028-07-27,,42.99251174926758,33.16215896606445,10.128628730773926,-0.29827752709388733
2028-07-28,,43.28372573852539,33.162391662597656,10.085683822631836,0.0356491394340992
2028-07-29,,43.319053649902344,33.16262435913086,10.033731460571289,0.1226998120546341
2028-07-30,,43.16964340209961,33.1628532409668,9.972640991210938,0.03415101766586304
2028-07-31,,43.10057067871094,33.1630859375,9.902355194091797,0.03512951359152794
2028-08-01,,43.02060317993164,33.16331481933594,9.822891235351562,0.034396570175886154
2028-08-02,,42.934146881103516,33.16354751586914,9.734349250793457,0.03625147417187691
2028-08-03,,42.50239944458008,33.16377639770508,9.6368989944458,-0.29827752709388733
2028-08-04,,42.730445861816406,33.16400909423828,9.53078556060791,0.0356491394340992
2028-08-05,,42.703269958496094,33.164241790771484,9.416327476501465,0.1226998120546341
2028-08-06,,42.49253845214844,33.16447067260742,9.293915748596191,0.03415101766586304
2028-08-07,,42.36384201049805,33.16469955444336,9.164009094238281,0.03512951359152794
2028-08-08,,42.2264518737793,33.16493225097656,9.02712345123291,0.034396570175886154
2028-08-09,,42.08525466918945,33.165164947509766,8.883838653564453,0.03625147417187691
2028-08-10,,41.60189437866211,33.1653938293457,8.73477840423584,-0.29827752709388733
2028-08-11,,41.781898498535156,33.165626525878906,8.580622673034668,0.0356491394340992
2028-08-12,,41.71063995361328,33.165855407714844,8.422082901000977,0.1226998120546341
2028-08-13,,41.46014404296875,33.16608810424805,8.259906768798828,0.03415101766586304
2028-08-14,,41.29631042480469,33.166316986083984,8.094864845275879,0.03512951359152794
2028-08-15,,41.128692626953125,33.16654968261719,7.927746772766113,0.034396570175886154
2028-08-16,,40.962379455566406,33.166778564453125,7.759349822998047,0.03625147417187691
2028-08-17,,40.45920944213867,33.16701126098633,7.590476036071777,-0.29827752709388733
2028-08-18,,40.62480545043945,33.167240142822266,7.421915531158447,0.0356491394340992
2028-08-19,,40.544620513916016,33.16747283935547,7.254447937011719,0.1226998120546341
2028-08-20,,40.290679931640625,33.167701721191406,7.088827133178711,0.03415101766586304
2028-08-21,,40.128841400146484,33.16793441772461,6.925778865814209,0.03512951359152794
2028-08-22,,39.96855545043945,33.16816711425781,6.765991687774658,0.034396570175886154
2028-08-23,,39.81475830078125,33.16839599609375,6.610108375549316,0.03625147417187691
2028-08-24,,39.329071044921875,33.16862869262695,6.45872163772583,-0.29827752709388733
2028-08-25,,39.51687240600586,33.16885757446289,6.312365531921387,0.0356491394340992
2028-08-26,,39.46329879760742,33.169090270996094,6.171511173248291,0.1226998120546341
2028-08-27,,39.24003601074219,33.16931915283203,6.036563873291016,0.03415101766586304
2028-08-28,,39.11253356933594,33.169551849365234,5.907855033874512,0.03512951359152794
2028-08-29,,38.98981857299805,33.16978073120117,5.785641670227051,0.034396570175886154
2028-08-30,,38.87636947631836,33.170013427734375,5.670104503631592,0.03625147417187691
2028-08-31,,38.433311462402344,33.17024230957031,5.561344146728516,-0.29827752709388733
2028-09-01,,38.665496826171875,33.170475006103516,5.459374904632568,0.0356491394340992
2028-09-02,,38.65754318237305,33.17070770263672,5.364136695861816,0.1226998120546341
2028-09-03,,38.48057174682617,33.170936584472656,5.275484561920166,0.03415101766586304
2028-09-04,,38.39949035644531,33.171165466308594,5.193195343017578,0.03512951359152794
2028-09-05,,38.32276153564453,33.1713981628418,5.116966724395752,0.034396570175886154
2028-09-06,,38.25430679321289,33.171630859375,5.046425819396973,0.03625147417187691
2028-09-07,,37.854705810546875,33.17185974121094,4.981124401092529,-0.29827752709388733
2028-09-08,,38.12828826904297,33.172088623046875,4.9205498695373535,0.0356491394340992
2028-09-09,,38.159149169921875,33.17232131958008,4.864128112792969,0.1226998120546341
2028-09-10,,38.0179328918457,33.17255401611328,4.811229228973389,0.03415101766586304
2028-09-11,,37.969085693359375,33.17278289794922,4.761171340942383,0.03512951359152794
2028-09-12,,37.9206428527832,33.17301559448242,4.71323299407959,0.034396570175886154
2028-09-13,,37.87615203857422,33.17324447631836,4.666653156280518,0.03625147417187691
2028-09-14,,37.495845794677734,33.17347717285156,4.6206464767456055,-0.29827752709388733
2028-09-15,,37.78376007080078,33.1737060546875,4.574403285980225,0.0356491394340992
2028-09-16,,37.82373809814453,33.1739387512207,4.527101516723633,0.1226998120546341
2028-09-17,,37.68623733520508,33.174171447753906,4.477917194366455,0.03415101766586304
2028-09-18,,37.635555267333984,33.174400329589844,4.426027297973633,0.03512951359152794
2028-09-19,,37.579647064208984,33.17462921142578,4.3706207275390625,0.034396570175886154
2028-09-20,,37.52201843261719,33.174861907958984,4.310906410217285,0.03625147417187691
2028-09-21,,37.1229362487793,33.17509460449219,4.246120452880859,-0.29827752709388733
2028-09-22,,37.386505126953125,33.175323486328125,4.175533771514893,0.0356491394340992
2028-09-23,,37.39671325683594,33.17555236816406,4.098458766937256,0.1226998120546341
2028-09-24,,37.22419357299805,33.175785064697266,4.014257431030273,0.03415101766586304
2028-09-25,,37.13349151611328,33.17601776123047,3.9223456382751465,0.03512951359152794
2028-09-26,,37.0328483581543,33.176246643066406,3.822202682495117,0.034396570175886154
2028-09-27,,36.92610168457031,33.176475524902344,3.7133705615997314,0.03625147417187691
2028-09-28,,36.47389602661133,33.17670822143555,3.5954649448394775,-0.29827752709388733
2028-09-29,,36.68075942993164,33.17694091796875,3.468172311782837,0.0356491394340992
2028-09-30,,36.63113021850586,33.17716979980469,3.3312604427337646,0.1226998120546341
2028-10-01,,36.39612579345703,33.17740249633789,3.1845734119415283,0.03415101766586304
2028-10-02,,36.24080276489258,33.17763137817383,3.0280404090881348,0.03512951359152794
2028-10-03,,36.07392883300781,33.17786407470703,2.8616695404052734,0.034396570175886154
2028-10-04,,35.899898529052734,33.17809295654297,2.6855545043945312,0.03625147417187691
2028-10-05,,35.37991714477539,33.17832565307617,2.499868869781494,-0.29827752709388733
2028-10-06,,35.519073486328125,33.178558349609375,2.304866075515747,0.0356491394340992
2028-10-07,,35.402366638183594,33.17878723144531,2.1008799076080322,0.1226998120546341
2028-10-08,,35.10148620605469,33.17901611328125,1.8883168697357178,0.03415101766586304
2028-10-09,,34.88203811645508,33.17924880981445,1.667657494544983,0.03512951359152794
2028-10-10,,34.653324127197266,33.179481506347656,1.4394478797912598,0.034396570175886154
2028-10-11,,34.420257568359375,33.179710388183594,1.2042971849441528,0.03625147417187691
2028-10-12,,33.84453582763672,33.17993927001953,0.9628724455833435,-0.29827752709388733
2028-10-13,,33.93171310424805,33.180171966552734,0.7158910036087036,0.0356491394340992
2028-10-14,,33.76721954345703,33.18040466308594,0.4641169607639313,0.1226998120546341
2028-10-15,,33.423133850097656,33.180633544921875,0.20835080742835999,0.03415101766586304
2028-10-16,,33.16542053222656,33.18086624145508,-0.05057432875037193,0.03512951359152794
2028-10-17,,32.903690338134766,33.181095123291016,-0.31180185079574585,0.034396570175886154
2028-10-18,,32.643123626708984,33.18132781982422,-0.5744566321372986,0.03625147417187691
2028-10-19,,32.045623779296875,33.181556701660156,-0.8376551866531372,-0.29827752709388733
2028-10-20,,32.11692810058594,33.18178939819336,-1.1005111932754517,0.0356491394340992
2028-10-21,,31.942577362060547,33.1820182800293,-1.362144112586975,0.1226998120546341
2028-10-22,,31.594715118408203,33.1822509765625,-1.6216846704483032,0.03415101766586304
2028-10-23,,31.339324951171875,33.18247985839844,-1.8782840967178345,0.03512951359152794
2028-10-24,,31.08599090576172,33.18271255493164,-2.1311185359954834,0.034396570175886154
2028-10-25,,30.839797973632812,33.182945251464844,-2.37939715385437,0.03625147417187691
2028-10-26,,30.262527465820312,33.18317413330078,-2.6223671436309814,-0.29827752709388733
2028-10-27,,30.359737396240234,33.183406829833984,-2.859318971633911,0.0356491394340992
2028-10-28,,30.21674346923828,33.18363571166992,-3.089592933654785,0.1226998120546341
2028-10-29,,29.905433654785156,33.183868408203125,-3.3125829696655273,0.03415101766586304
2028-10-30,,29.691486358642578,33.18409729003906,-3.5277388095855713,0.03512951359152794
2028-10-31,,29.484153747558594,33.184329986572266,-3.7345731258392334,0.034396570175886154
2028-11-01,,29.28815460205078,33.1845588684082,-3.9326586723327637,0.03625147417187691
2028-11-02,,28.764877319335938,33.184791564941406,-4.121636867523193,-0.29827752709388733
2028-11-03,,28.919456481933594,33.185020446777344,-4.30121374130249,0.0356491394340992
2028-11-04,,28.836788177490234,33.18525314331055,-4.471164703369141,0.1226998120546341
2028-11-05,,28.588302612304688,33.185482025146484,-4.6313300132751465,0.03415101766586304
2028-11-06,,28.439224243164062,33.18571472167969,-4.781620025634766,0.03512951359152794
2028-11-07,,28.298336029052734,33.18594741821289,-4.922006607055664,0.034396570175886154
2028-11-08,,28.169897079467773,33.18617630004883,-5.0525312423706055,0.03625147417187691
2028-11-09,,27.71483612060547,33.186405181884766,-5.173293590545654,-0.29827752709388733
2028-11-10,,27.937835693359375,33.18663787841797,-5.284450531005859,0.0356491394340992
2028-11-11,,27.923351287841797,33.18687057495117,-5.3862175941467285,0.1226998120546341
2028-11-12,,27.742389678955078,33.18709945678711,-5.4788618087768555,0.03415101766586304
2028-11-13,,27.659767150878906,33.18733215332031,-5.562694072723389,0.03512951359152794
2028-11-14,,27.58388900756836,33.18756103515625,-5.638069152832031,0.034396570175886154
2028-11-15,,27.51866340637207,33.18779373168945,-5.705381393432617,0.03625147417187691
2028-11-16,,27.124691009521484,33.18802261352539,-5.765055179595947,-0.29827752709388733
2028-11-17,,27.40635871887207,33.188255310058594,-5.8175435066223145,0.0356491394340992
2028-11-18,,27.447864532470703,33.1884880065918,-5.863320827484131,0.1226998120546341
2028-11-19,,27.319990158081055,33.188716888427734,-5.9028778076171875,0.03415101766586304
2028-11-20,,27.28736114501953,33.18894577026367,-5.936716079711914,0.03512951359152794
2028-11-21,,27.25823211669922,33.189178466796875,-5.965340614318848,0.034396570175886154
2028-11-22,,27.236400604248047,33.18941116333008,-5.989259243011475,0.03625147417187691
2028-11-23,,26.882387161254883,33.189640045166016,-6.008974552154541,-0.29827752709388733
2028-11-24,,27.200542449951172,33.18986892700195,-6.0249762535095215,0.0356491394340992
2028-11-25,,27.27505874633789,33.190101623535156,-6.037741661071777,0.1226998120546341
2028-11-26,,27.176753997802734,33.19033432006836,-6.047731876373291,0.03415101766586304
2028-11-27,,27.17031478881836,33.1905632019043,-6.055379390716553,0.03512951359152794
2028-11-28,,27.16409683227539,33.190792083740234,-6.061093807220459,0.034396570175886154
2028-11-29,,27.16202163696289,33.19102478027344,-6.0652570724487305,0.03625147417187691
2028-11-30,,26.824764251708984,33.19125747680664,-6.0682148933410645,-0.29827752709388733
2028-12-01,,27.15685272216797,33.19148635864258,-6.070284366607666,0.0356491394340992
2028-12-02,,27.24267578125,33.19171905517578,-6.071742534637451,0.1226998120546341
2028-12-03,,27.153270721435547,33.191951751708984,-6.072831630706787,0.03415101766586304
2028-12-04,,27.153554916381836,33.19218063354492,-6.07375431060791,0.03512951359152794
2028-12-05,,27.15212631225586,33.19240951538086,-6.074681758880615,0.034396570175886154
2028-12-06,,27.153152465820312,33.19264221191406,-6.075740814208984,0.03625147417187691
2028-12-07,,26.817569732666016,33.192874908447266,-6.0770263671875,-0.29827752709388733
2028-12-08,,27.15015411376953,33.1931037902832,-6.0785980224609375,0.0356491394340992
2028-12-09,,27.235553741455078,33.19333267211914,-6.080480575561523,0.1226998120546341
2028-12-10,,27.145050048828125,33.193565368652344,-6.082667350769043,0.03415101766586304
2028-12-11,,27.143800735473633,33.19379806518555,-6.085124969482422,0.03512951359152794
2028-12-12,,27.140626907348633,33.194026947021484,-6.087796211242676,0.034396570175886154
2028-12-13,,27.139915466308594,33.19425582885742,-6.0905938148498535,0.03625147417187691
2028-12-14,,26.802793502807617,33.194488525390625,-6.093418598175049,-0.29827752709388733
2028-12-15,,27.13421630859375,33.19472122192383,-6.096150875091553,0.0356491394340992
2028-12-16,,27.218990325927734,33.194950103759766,-6.098660945892334,0.1226998120546341
2028-12-17,,27.128524780273438,33.1951789855957,-6.100808143615723,0.03415101766586304
2028-12-18,,27.128093719482422,33.195411682128906,-6.1024489402771,0.03512951359152794
2028-12-19,,27.126602172851562,33.19564437866211,-6.103438377380371,0.034396570175886154
2028-12-20,,27.12849235534668,33.19587326049805,-6.10363245010376,0.03625147417187691
2028-12-21,,26.794937133789062,33.19610595703125,-6.102893352508545,-0.29827752709388733
2028-12-22,,27.13089370727539,33.19633865356445,-6.10109281539917,0.0356491394340992
2028-12-23,,27.221149444580078,33.19656753540039,-6.098116397857666,0.1226998120546341
2028-12-24,,27.137088775634766,33.19679641723633,-6.093860626220703,0.03415101766586304
2028-12-25,,27.14391326904297,33.19702911376953,-6.088247776031494,0.03512951359152794
2028-12-26,,27.150447845458984,33.197261810302734,-6.081210613250732,0.034396570175886154
2028-12-27,,27.161029815673828,33.19749069213867,-6.072711944580078,0.03625147417187691
2028-12-28,,26.836711883544922,33.19771957397461,-6.062732696533203,-0.29827752709388733
2028-12-29,,27.18231964111328,33.19795227050781,-6.0512824058532715,0.0356491394340992
2028-12-30,,27.282493591308594,33.198184967041016,-6.03839111328125,0.1226998120546341
2028-12-31,,27.20844268798828,33.19841384887695,-6.02412223815918,0.03415101766586304
2029-01-01,,27.2252197265625,33.198646545410156,-6.0085577964782715,0.03512951359152794
2029-01-02,,27.241464614868164,33.198875427246094,-5.9918084144592285,0.034396570175886154
2029-01-03,,27.261348724365234,33.1991081237793,-5.974009990692139,0.03625147417187691
2029-01-04,,26.945743560791016,33.199337005615234,-5.955316066741943,-0.29827752709388733
2029-01-05,,27.299312591552734,33.19956970214844,-5.935907363891602,0.0356491394340992
2029-01-06,,27.40652084350586,33.199798583984375,-5.915979385375977,0.1226998120546341
2029-01-07,,27.338436126708984,33.20003128051758,-5.895745277404785,0.03415101766586304
2029-01-08,,27.359954833984375,33.200260162353516,-5.875436305999756,0.03512951359152794
2029-01-09,,27.37960433959961,33.20049285888672,-5.85528564453125,0.034396570175886154
2029-01-10,,27.401432037353516,33.20072555541992,-5.835542678833008,0.03625147417187691
2029-01-11,,27.086219787597656,33.20095443725586,-5.816455841064453,-0.29827752709388733
2029-01-12,,27.438556671142578,33.20118713378906,-5.798278331756592,0.0356491394340992
2029-01-13,,27.542861938476562,33.201416015625,-5.781254768371582,0.1226998120546341
2029-01-14,,27.470169067382812,33.2016487121582,-5.76563024520874,0.03415101766586304
2029-01-15,,27.485374450683594,33.20187759399414,-5.751634120941162,0.03512951359152794
2029-01-16,,27.497020721435547,33.202110290527344,-5.7394843101501465,0.034396570175886154
2029-01-17,,27.509212493896484,33.20233917236328,-5.729378700256348,0.03625147417187691
2029-01-18,,27.18279266357422,33.202571868896484,-5.721499919891357,-0.29827752709388733
2029-01-19,,27.52244758605957,33.20280075073242,-5.716002941131592,0.0356491394340992
2029-01-20,,27.612716674804688,33.203033447265625,-5.713016510009766,0.1226998120546341
2029-01-21,,27.5247745513916,33.20326232910156,-5.712640285491943,0.03415101766586304
2029-01-22,,27.523679733276367,33.203495025634766,-5.7149434089660645,0.03512951359152794
2029-01-23,,27.51816177368164,33.20372772216797,-5.719961643218994,0.034396570175886154
2029-01-24,,27.51251220703125,33.203956604003906,-5.727694511413574,0.03625147417187691
2029-01-25,,27.16779899597168,33.204185485839844,-5.738109588623047,-0.29827752709388733
2029-01-26,,27.488935470581055,33.20441818237305,-5.751131057739258,0.0356491394340992
2029-01-27,,27.56069564819336,33.20465087890625,-5.766654014587402,0.1226998120546341
2029-01-28,,27.454500198364258,33.20487976074219,-5.784531593322754,0.03415101766586304
2029-01-29,,27.435653686523438,33.20511245727539,-5.804585933685303,0.03512951359152794
2029-01-30,,27.413135528564453,33.20534133911133,-5.826600551605225,0.034396570175886154
2029-01-31,,27.391494750976562,33.20557403564453,-5.850330829620361,0.03625147417187691
2029-02-01,,27.032028198242188,33.20580291748047,-5.875499725341797,-0.29827752709388733
2029-02-02,,27.339881896972656,33.20603561401367,-5.90179967880249,0.0356491394340992
2029-02-03,,27.400062561035156,33.206268310546875,-5.928903102874756,0.1226998120546341
2029-02-04,,27.284189224243164,33.20649719238281,-5.956458568572998,0.03415101766586304
2029-02-05,,27.25775909423828,33.20672607421875,-5.984098434448242,0.03512951359152794
2029-02-06,,27.22991371154785,33.20695877075195,-6.011439800262451,0.034396570175886154
2029-02-07,,27.20534896850586,33.207191467285156,-6.038092613220215,0.03625147417187691
2029-02-08,,26.84548568725586,33.207420349121094,-6.063657283782959,-0.29827752709388733
2029-02-09,,27.155559539794922,33.20764923095703,-6.087739944458008,0.0356491394340992
2029-02-10,,27.220630645751953,33.207881927490234,-6.109949588775635,0.1226998120546341
2029-02-11,,27.112361907958984,33.20811462402344,-6.129902362823486,0.03415101766586304
2029-02-12,,27.096240997314453,33.208343505859375,-6.147230625152588,0.03512951359152794
2029-02-13,,27.081382751464844,33.20857238769531,-6.161587715148926,0.034396570175886154
2029-02-14,,27.072412490844727,33.208805084228516,-6.172645568847656,0.03625147417187691
2029-02-15,,26.73065185546875,33.20903778076172,-6.180108547210693,-0.29827752709388733
2029-02-16,,27.061203002929688,33.209266662597656,-6.183714389801025,0.0356491394340992
2029-02-17,,27.148967742919922,33.20949935913086,-6.183230876922607,0.1226998120546341
2029-02-18,,27.065406799316406,33.2097282409668,-6.178473472595215,0.03415101766586304
2029-02-19,,27.075794219970703,33.2099609375,-6.169294357299805,0.03512951359152794
2029-02-20,,27.0889892578125,33.21018981933594,-6.155598163604736,0.034396570175886154
2029-02-21,,27.109344482421875,33.21042251586914,-6.1373291015625,0.03625147417187691
2029-02-22,,26.79788589477539,33.210655212402344,-6.114490032196045,-0.29827752709388733
2029-02-23,,27.15940284729004,33.21088409423828,-6.087130069732666,0.0356491394340992
2029-02-24,,27.27846336364746,33.21111297607422,-6.055350303649902,0.1226998120546341
2029-02-25,,27.226192474365234,33.21134567260742,-6.01930570602417,0.03415101766586304
2029-02-26,,27.267505645751953,33.211578369140625,-5.979201316833496,0.03512951359152794
2029-02-27,,27.310911178588867,33.21180725097656,-5.935293197631836,0.034396570175886154
2029-02-28,,27.36040496826172,33.2120361328125,-5.887884616851807,0.03625147417187691
2029-03-01,,27.07666778564453,33.2122688293457,-5.837325572967529,-0.29827752709388733
2029-03-02,,27.464139938354492,33.212501525878906,-5.7840094566345215,0.0356491394340992
2029-03-03,,27.60706329345703,33.212730407714844,-5.728369235992432,0.1226998120546341
2029-03-04,,27.57624053955078,33.21295928955078,-5.670871257781982,0.03415101766586304
2029-03-05,,27.636306762695312,33.213191986083984,-5.6120171546936035,0.03512951359152794
2029-03-06,,27.69548797607422,33.21342468261719,-5.552331447601318,0.034396570175886154
2029-03-07,,27.75754737854004,33.213653564453125,-5.492358684539795,0.03625147417187691
2029-03-08,,27.48295021057129,33.21388626098633,-5.432659149169922,-0.29827752709388733
2029-03-09,,27.875965118408203,33.214115142822266,-5.3737993240356445,0.0356491394340992
2029-03-10,,28.020694732666016,33.21434783935547,-5.316352367401123,0.1226998120546341
2029-03-11,,27.98784637451172,33.214576721191406,-5.260882377624512,0.03415101766586304
2029-03-12,,28.041996002197266,33.21480941772461,-5.207943439483643,0.03512951359152794
2029-03-13,,28.091365814208984,33.21504211425781,-5.158071517944336,0.034396570175886154
2029-03-14,,28.13974380493164,33.21527099609375,-5.11177921295166,0.03625147417187691
2029-03-15,,27.847679138183594,33.21549987792969,-5.069543361663818,-0.29827752709388733
2029-03-16,,28.219573974609375,33.21573257446289,-5.031807899475098,0.0356491394340992
2029-03-17,,28.33969497680664,33.215965270996094,-4.998966693878174,0.1226998120546341
2029-03-18,,28.278976440429688,33.21619415283203,-4.971367359161377,0.03415101766586304
2029-03-19,,28.30225372314453,33.216426849365234,-4.949300765991211,0.03512951359152794
2029-03-20,,28.318058013916016,33.21665573120117,-4.932994365692139,0.034396570175886154
2029-03-21,,28.330524444580078,33.216888427734375,-4.92261266708374,0.03625147417187691
2029-03-22,,28.000593185424805,33.21711730957031,-4.918246746063232,-0.29827752709388733
2029-03-23,,28.333084106445312,33.217350006103516,-4.919915676116943,0.0356491394340992
2029-03-24,,28.412715911865234,33.21757888793945,-4.9275641441345215,0.1226998120546341
2029-03-25,,28.31090545654297,33.217811584472656,-4.9410552978515625,0.03415101766586304
2029-03-26,,28.292999267578125,33.218040466308594,-4.9601731300354,0.03512951359152794
2029-03-27,,28.268051147460938,33.2182731628418,-4.984620571136475,0.034396570175886154
2029-03-28,,28.240734100341797,33.218502044677734,-5.014021396636963,0.03625147417187691
2029-03-29,,27.87253761291504,33.21873474121094,-5.047919750213623,-0.29827752709388733
2029-03-30,,28.168838500976562,33.21896743774414,-5.085778713226318,0.0356491394340992
2029-03-31,,28.21490478515625,33.21919631958008,-5.1269917488098145,0.1226998120546341
2029-04-01,,28.082704544067383,33.21942901611328,-5.170874118804932,0.03415101766586304
2029-04-02,,28.038108825683594,33.21965789794922,-5.216678142547607,0.03512951359152794
2029-04-03,,27.99069595336914,33.21989059448242,-5.2635908126831055,0.034396570175886154
2029-04-04,,27.945632934570312,33.22011947631836,-5.3107404708862305,0.03625147417187691
2029-04-05,,27.564865112304688,33.22035217285156,-5.357207775115967,-0.29827752709388733
2029-04-06,,27.854202270507812,33.2205810546875,-5.402027130126953,0.0356491394340992
2029-04-07,,27.89931869506836,33.2208137512207,-5.4441938400268555,0.1226998120546341
2029-04-08,,27.772518157958984,33.22104263305664,-5.4826765060424805,0.03415101766586304
2029-04-09,,27.739980697631836,33.221275329589844,-5.516422748565674,0.03512951359152794
2029-04-10,,27.711536407470703,33.22150802612305,-5.54436731338501,0.034396570175886154
2029-04-11,,27.69254493713379,33.221736907958984,-5.56544303894043,0.03625147417187691
2029-04-12,,27.345104217529297,33.22196578979492,-5.578586101531982,-0.29827752709388733
2029-04-13,,27.675094604492188,33.222198486328125,-5.582752227783203,0.0356491394340992
2029-04-14,,27.76821517944336,33.22243118286133,-5.576915740966797,0.1226998120546341
2029-04-15,,27.696720123291016,33.222660064697266,-5.560091018676758,0.03415101766586304
2029-04-16,,27.726688385009766,33.2228889465332,-5.5313310623168945,0.03512951359152794
2029-04-17,,27.767776489257812,33.223121643066406,-5.489742755889893,0.034396570175886154
2029-04-18,,27.825115203857422,33.22335433959961,-5.43449068069458,0.03625147417187691
2029-04-19,,27.560495376586914,33.22358322143555,-5.364811897277832,-0.29827752709388733
2029-04-20,,27.979446411132812,33.22381591796875,-5.28001594543457,0.0356491394340992
2029-04-21,,28.16724967956543,33.22404479980469,-5.179497718811035,0.1226998120546341
2029-04-22,,28.19568634033203,33.22427749633789,-5.062741756439209,0.03415101766586304
2029-04-23,,28.33031463623047,33.22450637817383,-4.929324150085449,0.03512951359152794
2029-04-24,,28.480205535888672,33.22473907470703,-4.778927326202393,0.034396570175886154
2029-04-25,,28.649887084960938,33.224971771240234,-4.611334323883057,0.03625147417187691
2029-04-26,,28.500484466552734,33.22520065307617,-4.426438808441162,-0.29827752709388733
2029-04-27,,29.03683853149414,33.22542953491211,-4.224240779876709,0.0356491394340992
2029-04-28,,29.343502044677734,33.22566223144531,-4.004857540130615,0.1226998120546341
2029-04-29,,29.491527557373047,33.225894927978516,-3.7685155868530273,0.03415101766586304
2029-04-30,,29.74570083618164,33.22612380981445,-3.5155534744262695,0.03512951359152794
2029-05-01,,30.014328002929688,33.22635269165039,-3.24642276763916,0.034396570175886154
2029-05-02,,30.30115509033203,33.226585388183594,-2.961682081222534,0.03625147417187691
2029-05-03,,30.266544342041016,33.2268180847168,-2.6619958877563477,-0.29827752709388733
2029-05-04,,30.914566040039062,33.227046966552734,-2.3481297492980957,0.0356491394340992
2029-05-05,,31.329029083251953,33.22727584838867,-2.020946741104126,0.1226998120546341
2029-05-06,,31.580265045166016,33.227508544921875,-1.6813985109329224,0.03415101766586304
2029-05-07,,31.93234634399414,33.22774124145508,-1.3305217027664185,0.03512951359152794
2029-05-08,,32.292938232421875,33.227970123291016,-0.9694289565086365,0.034396570175886154
2029-05-09,,32.6651496887207,33.22820281982422,-0.5993021726608276,0.03625147417187691
2029-05-10,,32.70877456665039,33.228431701660156,-0.2213822603225708,-0.29827752709388733
2029-05-11,,33.42735290527344,33.22866439819336,0.16303981840610504,0.0356491394340992
2029-05-12,,33.90422439575195,33.2288932800293,0.5526309013366699,0.1226998120546341
2029-05-13,,34.20930480957031,33.2291259765625,0.946027398109436,0.03415101766586304
2029-05-14,,34.60633087158203,33.2293586730957,1.3418450355529785,0.03512951359152794
2029-05-15,,35.00267028808594,33.22958755493164,1.738688588142395,0.034396570175886154
2029-05-16,,35.4012336730957,33.22981643676758,2.1351635456085205,0.03625147417187691
2029-05-17,,35.4616584777832,33.23004913330078,2.5298850536346436,-0.29827752709388733
2029-05-18,,36.18741989135742,33.230281829833984,2.92149019241333,0.0356491394340992
2029-05-19,,36.6618537902832,33.23051071166992,3.308645725250244,0.1226998120546341
2029-05-20,,36.954952239990234,33.23073959350586,3.690060615539551,0.03415101766586304
2029-05-21,,37.330596923828125,33.23097229003906,4.064493656158447,0.03512951359152794
2029-05-22,,37.69636154174805,33.231204986572266,4.430761337280273,0.034396570175886154
2029-05-23,,38.05543899536133,33.2314338684082,4.787753582000732,0.03625147417187691
2029-05-24,,38.067813873291016,33.231666564941406,5.134427070617676,-0.29827752709388733
2029-05-25,,38.73737335205078,33.231895446777344,5.469828128814697,0.0356491394340992
2029-05-26,,39.147918701171875,33.23212814331055,5.793088436126709,0.1226998120546341
2029-05-27,,39.36994552612305,33.232357025146484,6.10343599319458,0.03415101766586304
2029-05-28,,39.66791915893555,33.23258972167969,6.400198459625244,0.03512951359152794
2029-05-29,,39.95001983642578,33.232818603515625,6.682803630828857,0.034396570175886154
2029-05-30,,40.2200927734375,33.23305130004883,6.950788974761963,0.03625147417187691
2029-05-31,,40.138797760009766,33.233280181884766,7.203794956207275,-0.29827752709388733
2029-06-01,,40.71073913574219,33.23351287841797,7.441574573516846,0.0356491394340992
2029-06-02,,41.02043151855469,33.23374557495117,7.663986682891846,0.1226998120546341
2029-06-03,,41.139122009277344,33.23397445678711,7.870997905731201,0.03415101766586304
2029-06-04,,41.3320198059082,33.23420715332031,8.06268310546875,0.03512951359152794
2029-06-05,,41.50804901123047,33.23443603515625,8.239214897155762,0.034396570175886154
2029-06-06,,41.671783447265625,33.23466873168945,8.400866508483887,0.03625147417187691
2029-06-07,,41.48462677001953,33.23489761352539,8.548005104064941,-0.29827752709388733
2029-06-08,,41.951866149902344,33.235130310058594,8.6810884475708,0.0356491394340992
2029-06-09,,42.158714294433594,33.23535919189453,8.800651550292969,0.1226998120546341
2029-06-10,,42.17705154418945,33.235591888427734,8.907307624816895,0.03415101766586304
2029-06-11,,42.27268981933594,33.23582077026367,9.001738548278809,0.03512951359152794
2029-06-12,,42.355133056640625,33.236053466796875,9.084683418273926,0.034396570175886154
2029-06-13,,42.42947006225586,33.23628234863281,9.156933784484863,0.03625147417187691
2029-06-14,,42.15755844116211,33.236515045166016,9.219322204589844,-0.29827752709388733
2029-06-15,,42.54511260986328,33.23674774169922,9.27271556854248,0.0356491394340992
2029-06-16,,42.67768096923828,33.236976623535156,9.318002700805664,0.1226998120546341
2029-06-17,,42.62744903564453,33.237205505371094,9.356090545654297,0.03415101766586304
2029-06-18,,42.660457611083984,33.2374382019043,9.38788890838623,0.03512951359152794
2029-06-19,,42.686363220214844,33.2376708984375,9.414297103881836,0.034396570175886154
2029-06-20,,42.71036148071289,33.23789978027344,9.436210632324219,0.03625147417187691
2029-06-21,,42.39434814453125,33.23813247680664,9.454496383666992,-0.29827752709388733
2029-06-22,,42.74400329589844,33.23836135864258,9.469993591308594,0.0356491394340992
2029-06-23,,42.844791412353516,33.23859405517578,9.483498573303223,0.1226998120546341
2029-06-24,,42.768741607666016,33.23882293701172,9.495765686035156,0.03415101766586304
2029-06-25,,42.78167724609375,33.23905563354492,9.507491111755371,0.03512951359152794
2029-06-26,,42.79299545288086,33.239288330078125,9.519309043884277,0.034396570175886154
2029-06-27,,42.80756759643555,33.23951721191406,9.531800270080566,0.03625147417187691
2029-06-28,,42.48693084716797,33.23974609375,9.54546070098877,-0.29827752709388733
2029-06-29,,42.83634567260742,33.2399787902832,9.560718536376953,0.0356491394340992
2029-06-30,,42.940834045410156,33.240211486816406,9.577924728393555,0.1226998120546341
2029-07-01,,42.87194061279297,33.240440368652344,9.597350120544434,0.03415101766586304
2029-07-02,,42.894981384277344,33.24066925048828,9.619180679321289,0.03512951359152794
2029-07-03,,42.9188232421875,33.240901947021484,9.643524169921875,0.034396570175886154
2029-07-04,,42.94779586791992,33.24113464355469,9.670408248901367,0.03625147417187691
2029-07-05,,42.642860412597656,33.241363525390625,9.699772834777832,-0.29827752709388733
2029-07-06,,43.008731842041016,33.24159240722656,9.731487274169922,0.0356491394340992
2029-07-07,,43.12986755371094,33.241825103759766,9.765340805053711,0.1226998120546341
2029-07-08,,43.0772590637207,33.24205780029297,9.80105209350586,0.03415101766586304
2029-07-09,,43.115692138671875,33.242286682128906,9.838274955749512,0.03512951359152794
2029-07-10,,43.15351486206055,33.24251937866211,9.876598358154297,0.034396570175886154
2029-07-11,,43.194557189941406,33.24275207519531,9.915555000305176,0.03625147417187691
2029-07-12,,42.89933395385742,33.24298095703125,9.954628944396973,-0.29827752709388733
2029-07-13,,43.272117614746094,33.24320983886719,9.993258476257324,0.0356491394340992
2029-07-14,,43.39699172973633,33.24344253540039,10.030851364135742,0.1226998120546341
2029-07-15,,43.344608306884766,33.243675231933594,10.06678295135498,0.03415101766586304
2029-07-16,,43.37944030761719,33.24390411376953,10.100408554077148,0.03512951359152794
2029-07-17,,43.409603118896484,33.24413299560547,10.131072998046875,0.034396570175886154
2029-07-18,,43.43873596191406,33.24436569213867,10.158116340637207,0.03625147417187691
2029-07-19,,43.12720489501953,33.244598388671875,10.18088436126709,-0.29827752709388733
2029-07-20,,43.479209899902344,33.24482727050781,10.198731422424316,0.0356491394340992
2029-07-21,,43.578792572021484,33.24505615234375,10.21103572845459,0.1226998120546341
2029-07-22,,43.49664306640625,33.24528884887695,10.21720027923584,0.03415101766586304
2029-07-23,,43.497318267822266,33.245521545410156,10.216670036315918,0.03512951359152794
2029-07-24,,43.489070892333984,33.245750427246094,10.208922386169434,0.034396570175886154
2029-07-25,,43.47572326660156,33.2459831237793,10.193490028381348,0.03625147417187691
2029-07-26,,43.117897033691406,33.246212005615234,10.169962882995605,-0.29827752709388733
2029-07-27,,43.420074462890625,33.24644470214844,10.137980461120605,0.0356491394340992
2029-07-28,,43.46663284301758,33.246673583984375,10.097258567810059,0.1226998120546341
2029-07-29,,43.32862854003906,33.24690628051758,10.04757308959961,0.03415101766586304
2029-07-30,,43.27104187011719,33.24713897705078,9.988774299621582,0.03512951359152794
2029-07-31,,43.20254898071289,33.24736785888672,9.920787811279297,0.034396570175886154
2029-08-01,,43.12746810913086,33.247596740722656,9.84361743927002,0.03625147417187691
2029-08-02,,42.70688247680664,33.24782943725586,9.757330894470215,-0.29827752709388733
2029-08-03,,42.94579315185547,33.24806213378906,9.66208553314209,0.0356491394340992
2029-08-04,,42.929100036621094,33.248291015625,9.558109283447266,0.1226998120546341
2029-08-05,,42.72837829589844,33.2485237121582,9.44570255279541,0.03415101766586304
2029-08-06,,42.609127044677734,33.24875259399414,9.32524299621582,0.03512951359152794
2029-08-07,,42.48054122924805,33.248985290527344,9.197161674499512,0.034396570175886154
2029-08-08,,42.347434997558594,33.24921417236328,9.061968803405762,0.03625147417187691
2029-08-09,,41.871395111083984,33.249446868896484,8.920226097106934,-0.29827752709388733
2029-08-10,,42.05787658691406,33.24967575073242,8.77254867553711,0.0356491394340992
2029-08-11,,41.992210388183594,33.249908447265625,8.619600296020508,0.1226998120546341
2029-08-12,,41.746376037597656,33.25013732910156,8.462087631225586,0.03415101766586304
2029-08-13,,41.58625030517578,33.250370025634766,8.300749778747559,0.03512951359152794
2029-08-14,,41.421348571777344,33.2505989074707,8.136350631713867,0.034396570175886154
2029-08-15,,41.25675964355469,33.250831604003906,7.969677925109863,0.03625147417187691
2029-08-16,,40.75431442260742,33.25106430053711,7.80152702331543,-0.29827752709388733
2029-08-17,,40.919639587402344,33.25129318237305,7.632696151733398,0.0356491394340992
2029-08-18,,40.83820724487305,33.25152587890625,7.463983058929443,0.1226998120546341
2029-08-19,,40.58207321166992,33.25175476074219,7.296169757843018,0.03415101766586304
2029-08-20,,40.417137145996094,33.25198745727539,7.1300177574157715,0.03512951359152794
2029-08-21,,40.25287628173828,33.25221633911133,6.966262340545654,0.034396570175886154
2029-08-22,,40.094295501708984,33.25244903564453,6.805596828460693,0.03625147417187691
2029-08-23,,39.60308074951172,33.25267791748047,6.648679733276367,-0.29827752709388733
2029-08-24,,39.78467559814453,33.25291061401367,6.496116638183594,0.0356491394340992
2029-08-25,,39.72429656982422,33.25313949584961,6.348455429077148,0.1226998120546341
2029-08-26,,39.493709564208984,33.25337219238281,6.206185340881348,0.03415101766586304
2029-08-27,,39.35845947265625,33.253604888916016,6.069726943969727,0.03512951359152794
2029-08-28,,39.2276611328125,33.25383377075195,5.939431190490723,0.034396570175886154
2029-08-29,,39.105892181396484,33.25406265258789,5.815575122833252,0.03625147417187691
2029-08-30,,38.65437316894531,33.254295349121094,5.6983561515808105,-0.29827752709388733
2029-08-31,,38.87807083129883,33.2545280456543,5.587896823883057,0.0356491394340992
2029-09-01,,38.861690521240234,33.254756927490234,5.484232425689697,0.1226998120546341
2029-09-02,,38.67646026611328,33.25498580932617,5.387321472167969,0.03415101766586304
2029-09-03,,38.5873908996582,33.255218505859375,5.297040939331055,0.03512951359152794
2029-09-04,,38.50303268432617,33.25545120239258,5.2131853103637695,0.034396570175886154
2029-09-05,,38.427406311035156,33.255680084228516,5.135474681854248,0.03625147417187691
2029-09-06,,38.02118682861328,33.25591278076172,5.063551425933838,-0.29827752709388733
2029-09-07,,38.28877639770508,33.256141662597656,4.996984958648682,0.0356491394340992
2029-09-08,,38.314353942871094,33.25637435913086,4.935280799865723,0.1226998120546341
2029-09-09,,38.16863250732422,33.2566032409668,4.877878665924072,0.03415101766586304
2029-09-10,,38.11612319946289,33.2568359375,4.824159622192383,0.03512951359152794
2029-09-11,,38.06492233276367,33.2570686340332,4.773458003997803,0.034396570175886154
2029-09-12,,38.01860809326172,33.25729751586914,4.725059509277344,0.03625147417187691
2029-09-13,,37.6374626159668,33.25752639770508,4.678214073181152,-0.29827752709388733
2029-09-14,,37.92554473876953,33.25775909423828,4.632138729095459,0.0356491394340992
2029-09-15,,37.96672058105469,33.257991790771484,4.586030960083008,0.1226998120546341
2029-09-16,,37.831443786621094,33.25822067260742,4.539071559906006,0.03415101766586304
2029-09-17,,37.78401565551758,33.25844955444336,4.490435600280762,0.03512951359152794
2029-09-18,,37.73237609863281,33.25868225097656,4.439298629760742,0.034396570175886154
2029-09-19,,37.68001174926758,33.258914947509766,4.384846210479736,0.03625147417187691
2029-09-20,,37.287147521972656,33.2591438293457,4.326281547546387,-0.29827752709388733
2029-09-21,,37.557857513427734,33.25937271118164,4.2628326416015625,0.0356491394340992
2029-09-22,,37.57606887817383,33.259605407714844,4.19376277923584,0.1226998120546341
2029-09-23,,37.41236114501953,33.25983810424805,4.11837100982666,0.03415101766586304
2029-09-24,,37.33120346069336,33.260066986083984,4.036008358001709,0.03512951359152794
2029-09-25,,37.24077224731445,33.26029968261719,3.946075677871704,0.034396570175886154
2029-09-26,,37.14481735229492,33.260528564453125,3.848036766052246,0.03625147417187691
2029-09-27,,36.70389938354492,33.26076126098633,3.74141526222229,-0.29827752709388733
2029-09-28,,36.92245101928711,33.260990142822266,3.625810384750366,0.0356491394340992
2029-09-29,,36.88481140136719,33.26122283935547,3.500890016555786,0.1226998120546341
2029-09-30,,36.66200637817383,33.26145553588867,3.3664000034332275,0.03415101766586304
2029-10-01,,36.51898193359375,33.26168441772461,3.2221670150756836,0.03512951359152794
2029-10-02,,36.36440658569336,33.26191329956055,3.0680978298187256,0.034396570175886154
2029-10-03,,36.202579498291016,33.26214599609375,2.9041812419891357,0.03625147417187691
2029-10-04,,35.69458770751953,33.26237869262695,2.7304890155792236,-0.29827752709388733
2029-10-05,,35.84543228149414,33.26260757446289,2.5471746921539307,0.0356491394340992
2029-10-06,,35.740013122558594,33.26283645629883,2.35447359085083,0.1226998120546341
2029-10-07,,35.449920654296875,33.26306915283203,2.1526975631713867,0.03415101766586304
2029-10-08,,35.24066925048828,33.263301849365234,1.9422370195388794,0.03512951359152794
2029-10-09,,35.021480560302734,33.26353073120117,1.7235523462295532,0.034396570175886154
2029-10-10,,34.79718780517578,33.26375961303711,1.4971755743026733,0.03625147417187691
2029-10-11,,34.22941589355469,33.26399230957031,1.263700008392334,-0.29827752709388733
2029-10-12,,34.32365036010742,33.264225006103516,1.0237783193588257,0.0356491394340992
2029-10-13,,34.1652717590332,33.26445388793945,0.7781167030334473,0.1226998120546341
2029-10-14,,33.8263053894043,33.264686584472656,0.5274669528007507,0.03415101766586304
2029-10-15,,33.572669982910156,33.264915466308594,0.27262166142463684,0.03512951359152794
2029-10-16,,33.31394958496094,33.2651481628418,0.01440637931227684,0.034396570175886154
2029-10-17,,33.055301666259766,33.265377044677734,-0.24632684886455536,0.03625147417187691
2029-10-18,,32.45862579345703,33.26560974121094,-0.5087073445320129,-0.29827752709388733
2029-10-19,,32.52963638305664,33.26584243774414,-0.7718527913093567,0.0356491394340992
2029-10-20,,32.3538932800293,33.26607131958008,-1.0348775386810303,0.1226998120546341
2029-10-21,,32.00355529785156,33.266300201416016,-1.2968978881835938,0.03415101766586304
2029-10-22,,31.74462127685547,33.26653289794922,-1.5570424795150757,0.03512951359152794
2029-10-23,,31.486705780029297,33.26676559448242,-1.814455509185791,0.034396570175886154
2029-10-24,,31.234939575195312,33.26699447631836,-2.0683064460754395,0.03625147417187691
2029-10-25,,30.651153564453125,33.26722717285156,-2.3177967071533203,-0.29827752709388733
2029-10-26,,30.740943908691406,33.2674560546875,-2.562161684036255,0.0356491394340992
2029-10-27,,30.589706420898438,33.2676887512207,-2.8006818294525146,0.1226998120546341
2029-10-28,,30.26938247680664,33.26791763305664,-3.0326850414276123,0.03415101766586304
2029-10-29,,30.045730590820312,33.268150329589844,-3.2575490474700928,0.03512951359152794
2029-10-30,,29.82806396484375,33.26837921142578,-3.474712610244751,0.034396570175886154
2029-10-31,,29.621192932128906,33.268611907958984,-3.683668851852417,0.03625147417187691
2029-11-01,,29.086585998535156,33.26884078979492,-3.8839783668518066,-0.29827752709388733
2029-11-02,,29.22945785522461,33.269073486328125,-4.075263500213623,0.0356491394340992
2029-11-03,,29.134788513183594,33.26930236816406,-4.2572150230407715,0.1226998120546341
2029-11-04,,28.874095916748047,33.269535064697266,-4.42958927154541,0.03415101766586304
2029-11-05,,28.712684631347656,33.26976776123047,-4.592212677001953,0.03512951359152794
2029-11-06,,28.559417724609375,33.269996643066406,-4.744975566864014,0.034396570175886154
2029-11-07,,28.41864013671875,33.27022933959961,-4.887837886810303,0.03625147417187691
2029-11-08,,27.95136260986328,33.27045822143555,-5.020820617675781,-0.29827752709388733
2029-11-09,,28.162328720092773,33.27069091796875,-5.1440110206604,0.0356491394340992
2029-11-10,,28.136070251464844,33.27091979980469,-5.257550239562988,0.1226998120546341
2029-11-11,,27.94365882873535,33.27115249633789,-5.361642837524414,0.03415101766586304
2029-11-12,,27.849973678588867,33.271385192871094,-5.456539630889893,0.03512951359152794
2029-11-13,,27.76346778869629,33.27161407470703,-5.54254150390625,0.034396570175886154
2029-11-14,,27.688098907470703,33.27184295654297,-5.619996070861816,0.03625147417187691
2029-11-15,,27.28451156616211,33.27207565307617,-5.689285755157471,-0.29827752709388733
2029-11-16,,27.55712890625,33.272308349609375,-5.750827789306641,0.0356491394340992
2029-11-17,,27.590167999267578,33.27253723144531,-5.805068492889404,0.1226998120546341
2029-11-18,,27.454439163208008,33.27276611328125,-5.852479457855225,0.03415101766586304
2029-11-19,,27.41458511352539,33.27299880981445,-5.893544673919678,0.03512951359152794
2029-11-20,,27.378862380981445,33.273231506347656,-5.928764343261719,0.034396570175886154
2029-11-21,,27.35106658935547,33.273460388183594,-5.958644866943359,0.03625147417187691
2029-11-22,,26.99172019958496,33.27368927001953,-5.983694076538086,-0.29827752709388733
2029-11-23,,27.305160522460938,33.273921966552734,-6.00441312789917,0.0356491394340992
2029-11-24,,27.37555694580078,33.27415466308594,-6.021297931671143,0.1226998120546341
2029-11-25,,27.273704528808594,33.274383544921875,-6.034830570220947,0.03415101766586304
2029-11-26,,27.264270782470703,33.27461624145508,-6.045472145080566,0.03512951359152794
2029-11-27,,27.255578994750977,33.274845123291016,-6.0536651611328125,0.034396570175886154
2029-11-28,,27.251502990722656,33.27507781982422,-6.0598249435424805,0.03625147417187691
2029-11-29,,26.91268539428711,33.275306701660156,-6.064343452453613,-0.29827752709388733
2029-11-30,,27.24361801147461,33.27553939819336,-6.067571640014648,0.0356491394340992
2029-12-01,,27.32863426208496,33.27577209472656,-6.069835662841797,0.1226998120546341
2029-12-02,,27.238731384277344,33.2760009765625,-6.0714216232299805,0.03415101766586304
2029-12-03,,27.23877716064453,33.27622985839844,-6.072582244873047,0.03512951359152794
2029-12-04,,27.23733139038086,33.27646255493164,-6.0735297203063965,0.034396570175886154
2029-12-05,,27.238502502441406,33.276695251464844,-6.074442386627197,0.03625147417187691
2029-12-06,,26.903188705444336,33.27692413330078,-6.075457572937012,-0.29827752709388733
2029-12-07,,27.236122131347656,33.27715301513672,-6.0766801834106445,0.0356491394340992
2029-12-08,,27.321910858154297,33.27738571166992,-6.0781755447387695,0.1226998120546341
2029-12-09,,27.231788635253906,33.277618408203125,-6.07997989654541,0.03415101766586304
2029-12-10,,27.23088264465332,33.27784729003906,-6.082093715667725,0.03512951359152794
2029-12-11,,27.22798728942871,33.278079986572266,-6.084488868713379,0.034396570175886154
2029-12-12,,27.22745132446289,33.2783088684082,-6.0871124267578125,0.03625147417187691
2029-12-13,,26.8903751373291,33.278541564941406,-6.089888095855713,-0.29827752709388733
2029-12-14,,27.221702575683594,33.278770446777344,-6.092716693878174,0.0356491394340992
2029-12-15,,27.30621910095215,33.27900314331055,-6.095484256744385,0.1226998120546341
2029-12-16,,27.215322494506836,33.279232025146484,-6.098062515258789,0.03415101766586304
2029-12-17,,27.214279174804688,33.27946472167969,-6.100314140319824,0.03512951359152794
2029-12-18,,27.21199607849121,33.279693603515625,-6.102094650268555,0.034396570175886154
2029-12-19,,27.21291732788086,33.27992630004883,-6.103260040283203,0.03625147417187691
2029-12-20,,26.878215789794922,33.28015899658203,-6.103665351867676,-0.29827752709388733
2029-12-21,,27.21286392211914,33.28038787841797,-6.103172302246094,0.0356491394340992
2029-12-22,,27.30167007446289,33.28062057495117,-6.101648807525635,0.1226998120546341
2029-12-23,,27.216026306152344,33.28084945678711,-6.098975658416748,0.03415101766586304
2029-12-24,,27.221160888671875,33.28108215332031,-6.095048904418945,0.03512951359152794
2029-12-25,,27.22592544555664,33.28131103515625,-6.089782238006592,0.034396570175886154
2029-12-26,,27.23468780517578,33.28154373168945,-6.08310604095459,0.03625147417187691
2029-12-27,,26.908519744873047,33.28177261352539,-6.074975490570068,-0.29827752709388733
2029-12-28,,27.252288818359375,33.282005310058594,-6.065365314483643,0.0356491394340992
2029-12-29,,27.35065460205078,33.28223419189453,-6.054280757904053,0.1226998120546341
2029-12-30,,27.274871826171875,33.282466888427734,-6.041746616363525,0.03415101766586304
2029-12-31,,27.29001235961914,33.28269577026367,-6.027814865112305,0.03512951359152794
2030-01-01,,27.304758071899414,33.282928466796875,-6.0125651359558105,0.034396570175886154
2030-01-02,,27.32331085205078,33.28315734863281,-5.996099948883057,0.03625147417187691
2030-01-03,,27.006563186645508,33.283390045166016,-5.978549003601074,-0.29827752709388733
2030-01-04,,27.359207153320312,33.28361892700195,-5.960063457489014,0.0356491394340992
2030-01-05,,27.465736389160156,33.283851623535156,-5.9408159255981445,0.1226998120546341
2030-01-06,,27.397235870361328,33.28408432006836,-5.920998573303223,0.03415101766586304
2030-01-07,,27.418622970581055,33.2843132019043,-5.900821208953857,0.03512951359152794
2030-01-08,,27.438434600830078,33.2845458984375,-5.880507469177246,0.034396570175886154
2030-01-09,,27.460731506347656,33.28477478027344,-5.860294818878174,0.03625147417187691
2030-01-10,,27.146303176879883,33.28500747680664,-5.840426445007324,-0.29827752709388733
2030-01-11,,27.499732971191406,33.28523635864258,-5.821152210235596,0.0356491394340992
2030-01-12,,27.60544204711914,33.28546905517578,-5.8027238845825195,0.1226998120546341
2030-01-13,,27.53445816040039,33.28569793701172,-5.7853899002075195,0.03415101766586304
2030-01-14,,27.551666259765625,33.28593063354492,-5.769392490386963,0.03512951359152794
2030-01-15,,27.565589904785156,33.28615951538086,-5.754968166351318,0.034396570175886154
2030-01-16,,27.580305099487305,33.28639221191406,-5.742337703704834,0.03625147417187691
2030-01-17,,27.256643295288086,33.286624908447266,-5.73170280456543,-0.29827752709388733
2030-01-18,,27.59925079345703,33.2868537902832,-5.723251819610596,0.0356491394340992
2030-01-19,,27.692638397216797,33.28708267211914,-5.717145919799805,0.1226998120546341
2030-01-20,,27.60794448852539,33.287315368652344,-5.713521480560303,0.03415101766586304
2030-01-21,,27.610191345214844,33.28754806518555,-5.712485313415527,0.03512951359152794
2030-01-22,,27.60805892944336,33.287776947021484,-5.714113712310791,0.034396570175886154
2030-01-23,,27.605806350708008,33.28800582885742,-5.7184529304504395,0.03625147417187691
2030-01-24,,27.26445198059082,33.288238525390625,-5.725508689880371,-0.29827752709388733
2030-01-25,,27.588863372802734,33.28847122192383,-5.735257148742676,0.0356491394340992
2030-01-26,,27.66376495361328,33.288700103759766,-5.747636318206787,0.1226998120546341
2030-01-27,,27.560535430908203,33.28893280029297,-5.762545108795166,0.03415101766586304
2030-01-28,,27.544443130493164,33.28916549682617,-5.779850006103516,0.03512951359152794
2030-01-29,,27.524412155151367,33.28939437866211,-5.799378871917725,0.034396570175886154
2030-01-30,,27.50495147705078,33.28962326049805,-5.820925712585449,0.03625147417187691
2030-01-31,,27.147323608398438,33.28985595703125,-5.844252586364746,-0.29827752709388733
2030-02-01,,27.456645965576172,33.29008865356445,-5.869089126586914,0.0356491394340992
2030-02-02,,27.517879486083984,33.29031753540039,-5.895136833190918,0.1226998120546341
2030-02-03,,27.402626037597656,33.29054641723633,-5.922071933746338,0.03415101766586304
2030-02-04,,27.376358032226562,33.29077911376953,-5.94954776763916,0.03512951359152794
2030-02-05,,27.348203659057617,33.291011810302734,-5.977202415466309,0.034396570175886154
2030-02-06,,27.322837829589844,33.29124069213867,-6.004654407501221,0.03625147417187691
2030-02-07,,26.96167755126953,33.29146957397461,-6.031516075134277,-0.29827752709388733
2030-02-08,,27.269962310791016,33.29170227050781,-6.057390213012695,0.0356491394340992
2030-02-09,,27.332752227783203,33.291934967041016,-6.08188009262085,0.1226998120546341
2030-02-10,,27.221721649169922,33.29216384887695,-6.104593753814697,0.03415101766586304
2030-02-11,,27.20237922668457,33.29239273071289,-6.125145435333252,0.03512951359152794
2030-02-12,,27.183860778808594,33.292625427246094,-6.143163204193115,0.034396570175886154
2030-02-13,,27.170814514160156,33.2928581237793,-6.158294200897217,0.03625147417187691
2030-02-14,,26.824604034423828,33.293087005615234,-6.170206546783447,-0.29827752709388733
2030-02-15,,27.150371551513672,33.29331970214844,-6.178594589233398,0.0356491394340992
2030-02-16,,27.233062744140625,33.29355239868164,-6.183187961578369,0.1226998120546341
2030-02-17,,27.144187927246094,33.29378128051758,-6.183745384216309,0.03415101766586304
2030-02-18,,27.149070739746094,33.294010162353516,-6.180071830749512,0.03512951359152794
2030-02-19,,27.156631469726562,33.29424285888672,-6.172009468078613,0.034396570175886154
2030-02-20,,27.171276092529297,33.29447555541992,-6.159448623657227,0.03625147417187691
2030-02-21,,26.854101181030273,33.29470443725586,-6.142326354980469,-0.29827752709388733
2030-02-22,,27.209957122802734,33.2949333190918,-6.120626926422119,0.0356491394340992
2030-02-23,,27.32347869873047,33.295166015625,-6.094388484954834,0.1226998120546341
2030-02-24,,27.265846252441406,33.2953987121582,-6.06370210647583,0.03415101766586304
2030-02-25,,27.302051544189453,33.29562759399414,-6.0287065505981445,0.03512951359152794
2030-02-26,,27.340662002563477,33.295860290527344,-5.98959493637085,0.034396570175886154
2030-02-27,,27.385730743408203,33.29608917236328,-5.946610927581787,0.03625147417187691
2030-02-28,,27.09799575805664,33.296321868896484,-5.9000468254089355,-0.29827752709388733
2030-03-01,,27.48196029663086,33.29655075073242,-5.850240230560303,0.0356491394340992
2030-03-02,,27.621910095214844,33.296783447265625,-5.797573566436768,0.1226998120546341
2030-03-03,,27.588693618774414,33.29701232910156,-5.742471218109131,0.03415101766586304
2030-03-04,,27.64698028564453,33.297245025634766,-5.685393333435059,0.03512951359152794
2030-03-05,,27.705039978027344,33.2974739074707,-5.626830101013184,0.034396570175886154
2030-03-06,,27.76665687561035,33.297706604003906,-5.567302227020264,0.03625147417187691
2030-03-07,,27.492311477661133,33.29793930053711,-5.507347583770752,-0.29827752709388733
2030-03-08,,27.88629150390625,33.29816818237305,-5.447526931762695,0.0356491394340992
2030-03-09,,28.032695770263672,33.29840087890625,-5.388403415679932,0.1226998120546341
2030-03-10,,28.00223159790039,33.29862976074219,-5.330550670623779,0.03415101766586304
2030-03-11,,28.05945587158203,33.29886245727539,-5.274534225463867,0.03512951359152794
2030-03-12,,28.11257553100586,33.29909133911133,-5.220911502838135,0.034396570175886154
2030-03-13,,28.16534996032715,33.29932403564453,-5.170224666595459,0.03625147417187691
2030-03-14,,27.878284454345703,33.29955291748047,-5.12299108505249,-0.29827752709388733
2030-03-15,,28.2557373046875,33.29978561401367,-5.079697132110596,0.0356491394340992
2030-03-16,,28.381916046142578,33.30001449584961,-5.040797233581543,0.1226998120546341
2030-03-17,,28.32769775390625,33.30024719238281,-5.0066986083984375,0.03415101766586304
2030-03-18,,28.35784912109375,33.30047607421875,-4.97775936126709,0.03512951359152794
2030-03-19,,28.380821228027344,33.30070877075195,-4.954285144805908,0.034396570175886154
2030-03-20,,28.40066909790039,33.300941467285156,-4.936522006988525,0.03625147417187691
2030-03-21,,28.0782470703125,33.301170349121094,-4.924646377563477,-0.29827752709388733
2030-03-22,,28.418277740478516,33.30139923095703,-4.918771743774414,0.0356491394340992
2030-03-23,,28.50539779663086,33.301631927490234,-4.918935298919678,0.1226998120546341
2030-03-24,,28.41091537475586,33.30186462402344,-4.925097942352295,0.03415101766586304
2030-03-25,,28.40007781982422,33.302093505859375,-4.937145233154297,0.03512951359152794
2030-03-26,,28.381839752197266,33.30232620239258,-4.954881191253662,0.034396570175886154
2030-03-27,,28.36077880859375,33.302555084228516,-4.978027820587158,0.03625147417187691
2030-03-28,,27.998279571533203,33.30278778076172,-5.00623083114624,-0.29827752709388733
2030-03-29,,28.29961395263672,33.303016662597656,-5.039051532745361,0.0356491394340992
2030-03-30,,28.349971771240234,33.30324935913086,-5.075974464416504,0.1226998120546341
2030-03-31,,28.221221923828125,33.30348205566406,-5.116410732269287,0.03415101766586304
2030-04-01,,28.17914581298828,33.3037109375,-5.159692764282227,0.03512951359152794
2030-04-02,,28.13324737548828,33.30393981933594,-5.205090522766113,0.034396570175886154
2030-04-03,,28.088619232177734,33.30417251586914,-5.251804828643799,0.03625147417187691
2030-04-04,,27.70714569091797,33.304405212402344,-5.298980236053467,-0.29827752709388733
2030-04-05,,27.99457550048828,33.30463409423828,-5.345707893371582,0.0356491394340992
2030-04-06,,28.03653335571289,33.30486297607422,-5.391031265258789,0.1226998120546341
2030-04-07,,27.905288696289062,33.30509567260742,-5.433956623077393,0.03415101766586304
2030-04-08,,27.86699867248535,33.305328369140625,-5.473458290100098,0.03512951359152794
2030-04-09,,27.831464767456055,33.30555725097656,-5.508488178253174,0.034396570175886154
2030-04-10,,27.80405616760254,33.3057861328125,-5.537984371185303,0.03625147417187691
2030-04-11,,27.446866989135742,33.3060188293457,-5.560876369476318,-0.29827752709388733
2030-04-12,,27.765798568725586,33.306251525878906,-5.576100826263428,0.0356491394340992
2030-04-13,,27.846572875976562,33.306480407714844,-5.582608699798584,0.1226998120546341
2030-04-14,,27.76149559020996,33.30671310424805,-5.579367160797119,0.03415101766586304
2030-04-15,,27.77669334411621,33.306941986083984,-5.565380096435547,0.03512951359152794
2030-04-16,,27.801881790161133,33.30717468261719,-5.539689064025879,0.034396570175886154
2030-04-17,,27.842267990112305,33.307403564453125,-5.501388072967529,0.03625147417187691
2030-04-18,,27.559730529785156,33.30763626098633,-5.449626922607422,-0.29827752709388733
2030-04-19,,27.95989418029785,33.30786895751953,-5.383622646331787,0.0356491394340992
2030-04-20,,28.128131866455078,33.30809783935547,-5.302667140960693,0.1226998120546341
2030-04-21,,28.136348724365234,33.308326721191406,-5.2061309814453125,0.03415101766586304
2030-04-22,,28.250213623046875,33.30855941772461,-5.09347677230835,0.03512951359152794
2030-04-23,,28.378929138183594,33.30879211425781,-4.964259147644043,0.034396570175886154
2030-04-24,,28.527141571044922,33.30902099609375,-4.818131923675537,0.03625147417187691
2030-04-25,,28.356121063232422,33.30924987792969,-4.654852390289307,-0.29827752709388733
2030-04-26,,28.870845794677734,33.30948257446289,-4.4742865562438965,0.0356491394340992
2030-04-27,,29.156005859375,33.309715270996094,-4.276407718658447,0.1226998120546341
2030-04-28,,29.282791137695312,33.30994415283203,-4.061304092407227,0.03415101766586304
2030-04-29,,29.516128540039062,33.31017303466797,-3.829174041748047,0.03512951359152794
2030-04-30,,29.76447296142578,33.31040573120117,-3.580329179763794,0.034396570175886154
2030-05-01,,30.031696319580078,33.310638427734375,-3.3151919841766357,0.03625147417187691
2030-05-02,,29.978294372558594,33.31086730957031,-3.0342960357666016,-0.29827752709388733
2030-05-03,,30.608470916748047,33.311100006103516,-2.7382781505584717,0.0356491394340992
2030-05-04,,31.006149291992188,33.31132888793945,-2.427880048751831,0.1226998120546341
2030-05-05,,31.241771697998047,33.311561584472656,-2.103940010070801,0.03415101766586304
2030-05-06,,31.579532623291016,33.311790466308594,-1.7673895359039307,0.03512951359152794
2030-05-07,,31.92717742919922,33.3120231628418,-1.419243335723877,0.034396570175886154
2030-05-08,,32.287906646728516,33.312255859375,-1.0605965852737427,0.03625147417187691
2030-05-09,,32.32159423828125,33.31248474121094,-0.6926134824752808,-0.29827752709388733
2030-05-10,,33.03184127807617,33.312713623046875,-0.3165230453014374,0.0356491394340992
2030-05-11,,33.502044677734375,33.31294631958008,0.06639692187309265,0.1226998120546341
2030-05-12,,33.80215072631836,33.31317901611328,0.4548226296901703,0.03415101766586304
2030-05-13,,34.1959342956543,33.31340789794922,0.84739750623703,0.03512951359152794
2030-05-14,,34.59077835083008,33.31364059448242,1.2427401542663574,0.034396570175886154
2030-05-15,,34.98957824707031,33.31386947631836,1.6394578218460083,0.03625147417187691
2030-05-16,,35.051979064941406,33.31410217285156,2.0361552238464355,-0.29827752709388733
2030-05-17,,35.78142547607422,33.3143310546875,2.431443214416504,0.0356491394340992
2030-05-18,,36.2612190246582,33.3145637512207,2.823953866958618,0.1226998120546341
2030-05-19,,36.5612907409668,33.31479263305664,3.2123451232910156,0.03415101766586304
2030-05-20,,36.94546890258789,33.315025329589844,3.595313787460327,0.03512951359152794
2030-05-21,,37.321258544921875,33.31525421142578,3.9716055393218994,0.034396570175886154
2030-05-22,,37.6917610168457,33.315486907958984,4.340022087097168,0.03625147417187691
2030-05-23,,37.71687316894531,33.31571578979492,4.699433326721191,-0.29827752709388733
2030-05-24,,38.40037536621094,33.315948486328125,5.0487799644470215,0.0356491394340992
2030-05-25,,38.825965881347656,33.31618118286133,5.387083530426025,0.1226998120546341
2030-05-26,,39.06401824951172,33.316410064697266,5.713454723358154,0.03415101766586304
2030-05-27,,39.378868103027344,33.31664276123047,6.027099132537842,0.03512951359152794
2030-05-28,,39.67858123779297,33.316871643066406,6.3273138999938965,0.034396570175886154
2030-05-29,,39.966861724853516,33.31710433959961,6.61350679397583,0.03625147417187691
2030-05-30,,39.904239654541016,33.31733322143555,6.885184288024902,-0.29827752709388733
2030-05-31,,40.495174407958984,33.31756591796875,7.14196252822876,0.0356491394340992
2030-06-01,,40.824058532714844,33.31779479980469,7.383565425872803,0.1226998120546341
2030-06-02,,40.962005615234375,33.31802749633789,7.609827518463135,0.03415101766586304
2030-06-03,,41.174072265625,33.31825637817383,7.820687294006348,0.03512951359152794
2030-06-04,,41.369075775146484,33.31848907470703,8.016190528869629,0.034396570175886154
2030-06-05,,41.55146026611328,33.318721771240234,8.196488380432129,0.03625147417187691
2030-06-06,,41.382503509521484,33.31895065307617,8.36182975769043,-0.29827752709388733
2030-06-07,,41.86738967895508,33.31917953491211,8.512558937072754,0.0356491394340992
2030-06-08,,42.091217041015625,33.31941223144531,8.649107933044434,0.1226998120546341
2030-06-09,,42.125789642333984,33.319644927978516,8.771994590759277,0.03415101766586304
2030-06-10,,42.23682403564453,33.31987380981445,8.881817817687988,0.03512951359152794
2030-06-11,,42.333740234375,33.32010269165039,8.979238510131836,0.034396570175886154
2030-06-12,,42.421566009521484,33.320335388183594,9.064981460571289,0.03625147417187691
2030-06-13,,42.16211700439453,33.3205680847168,9.1398286819458,-0.29827752709388733
2030-06-14,,42.56105041503906,33.320796966552734,9.20460319519043,0.0356491394340992
2030-06-15,,42.703887939453125,33.32102966308594,9.260161399841309,0.1226998120546341
2030-06-16,,42.662803649902344,33.321258544921875,9.307392120361328,0.03415101766586304
2030-06-17,,42.70381546020508,33.32149124145508,9.34719467163086,0.03512951359152794
2030-06-18,,42.736595153808594,33.321720123291016,9.380477905273438,0.034396570175886154
2030-06-19,,42.766353607177734,33.32195281982422,9.408150672912598,0.03625147417187691
2030-06-20,,42.455013275146484,33.32218551635742,9.431106567382812,-0.29827752709388733
2030-06-21,,42.80828094482422,33.32241439819336,9.450220108032227,0.0356491394340992
2030-06-22,,42.91168212890625,33.3226432800293,9.466337203979492,0.1226998120546341
2030-06-23,,42.8372917175293,33.3228759765625,9.480267524719238,0.03415101766586304
2030-06-24,,42.85101318359375,33.3231086730957,9.492775917053223,0.03512951359152794
2030-06-25,,42.862308502197266,33.32333755493164,9.504573822021484,0.034396570175886154
2030-06-26,,42.87613296508789,33.32356643676758,9.516312599182129,0.03625147417187691
2030-06-27,,42.554107666015625,33.32379913330078,9.528587341308594,-0.29827752709388733
2030-06-28,,42.90159225463867,33.324031829833984,9.541910171508789,0.0356491394340992
2030-06-29,,43.003692626953125,33.32426071166992,9.556733131408691,0.1226998120546341
2030-06-30,,42.93206787109375,33.32448959350586,9.57342529296875,0.03415101766586304
2030-07-01,,42.95212936401367,33.32472229003906,9.59227466583252,0.03512951359152794
2030-07-02,,42.97283935546875,33.324954986572266,9.613489151000977,0.034396570175886154
2030-07-03,,42.99863815307617,33.3251838684082,9.637201309204102,0.03625147417187691
2030-07-04,,42.69058609008789,33.325416564941406,9.66344928741455,-0.29827752709388733
2030-07-05,,43.05350112915039,33.325645446777344,9.692204475402832,0.0356491394340992
2030-07-06,,43.17192459106445,33.32587814331055,9.723347663879395,0.1226998120546341
2030-07-07,,43.116947174072266,33.326107025146484,9.75669002532959,0.03415101766586304
2030-07-08,,43.153438568115234,33.32633972167969,9.79196834564209,0.03512951359152794
2030-07-09,,43.189815521240234,33.32657241821289,9.828847885131836,0.034396570175886154
2030-07-10,,43.2299919128418,33.32680130004883,9.866939544677734,0.03625147417187691
2030-07-11,,42.93453598022461,33.327030181884766,9.905783653259277,-0.29827752709388733
2030-07-12,,43.30779266357422,33.32726287841797,9.944878578186035,0.0356491394340992
2030-07-13,,43.433868408203125,33.32749557495117,9.983673095703125,0.1226998120546341
2030-07-14,,43.383460998535156,33.32772445678711,10.021584510803223,0.03415101766586304
2030-07-15,,43.42107391357422,33.32795333862305,10.057989120483398,0.03512951359152794
2030-07-16,,43.454837799072266,33.32818603515625,10.092253684997559,0.034396570175886154
2030-07-17,,43.4883918762207,33.32841873168945,10.1237211227417,0.03625147417187691
2030-07-18,,43.18210220336914,33.32864761352539,10.151731491088867,-0.29827752709388733
2030-07-19,,43.540157318115234,33.328880310058594,10.175626754760742,0.0356491394340992
2030-07-20,,43.646575927734375,33.32910919189453,10.194765090942383,0.1226998120546341
2030-07-21,,43.57200241088867,33.329341888427734,10.208511352539062,0.03415101766586304
2030-07-22,,43.580970764160156,33.32957077026367,10.216267585754395,0.03512951359152794
2030-07-23,,43.581661224365234,33.329803466796875,10.217459678649902,0.034396570175886154
2030-07-24,,43.57784652709961,33.33003234863281,10.211562156677246,0.03625147417187691
2030-07-25,,43.230079650878906,33.330265045166016,10.198091506958008,-0.29827752709388733
2030-07-26,,43.54276657104492,33.33049392700195,10.176624298095703,0.0356491394340992
2030-07-27,,43.600215911865234,33.330726623535156,10.1467866897583,0.1226998120546341
2030-07-28,,43.47338104248047,33.33095932006836,10.108272552490234,0.03415101766586304
2030-07-29,,43.42715835571289,33.3311882019043,10.060843467712402,0.03512951359152794
2030-07-30,,43.37015151977539,33.3314208984375,10.00433349609375,0.034396570175886154
2030-07-31,,43.306549072265625,33.33164978027344,9.938650131225586,0.03625147417187691
2030-08-01,,42.897369384765625,33.33188247680664,9.863767623901367,-0.29827752709388733
2030-08-02,,43.14750671386719,33.33211135864258,9.779746055603027,0.0356491394340992
2030-08-03,,43.14176559448242,33.33234405517578,9.686723709106445,0.1226998120546341
2030-08-04,,42.951629638671875,33.33257293701172,9.584905624389648,0.03415101766586304
2030-08-05,,42.84251022338867,33.33280563354492,9.474575996398926,0.03512951359152794
2030-08-06,,42.7235221862793,33.33303451538086,9.356088638305664,0.034396570175886154
2030-08-07,,42.599388122558594,33.33326721191406,9.229867935180664,0.03625147417187691
2030-08-08,,42.13162612915039,33.33349609375,9.096403121948242,-0.29827752709388733
2030-08-09,,42.325618743896484,33.3337287902832,8.956243515014648,0.0356491394340992
2030-08-10,,42.26664733886719,33.333961486816406,8.809988975524902,0.1226998120546341
2030-08-11,,42.026634216308594,33.334190368652344,8.658293724060059,0.03415101766586304
2030-08-12,,41.87140655517578,33.33441925048828,8.50185489654541,0.03512951359152794
2030-08-13,,41.71044921875,33.334651947021484,8.341401100158691,0.034396570175886154
2030-08-14,,41.548831939697266,33.33488464355469,8.177695274353027,0.03625147417187691
2030-08-15,,41.04835510253906,33.335113525390625,8.011515617370605,-0.29827752709388733
2030-08-16,,41.21465301513672,33.33534622192383,7.843660354614258,0.0356491394340992
2030-08-17,,41.13319778442383,33.335575103759766,7.674922943115234,0.1226998120546341
2030-08-18,,40.876068115234375,33.33580780029297,7.506107330322266,0.03415101766586304
2030-08-19,,40.709163665771484,33.336036682128906,7.337996006011963,0.03512951359152794
2030-08-20,,40.542022705078125,33.33626937866211,7.171358585357666,0.034396570175886154
2030-08-21,,40.37968826293945,33.33650207519531,7.006937026977539,0.03625147417187691
2030-08-22,,39.883888244628906,33.33673095703125,6.8454365730285645,-0.29827752709388733
2030-08-23,,40.06013488769531,33.33695983886719,6.687525272369385,0.0356491394340992
2030-08-24,,39.993709564208984,33.33719253540039,6.53381872177124,0.1226998120546341
2030-08-25,,39.7564582824707,33.337425231933594,6.384883403778076,0.03415101766586304
2030-08-26,,39.61400604248047,33.33765411376953,6.241222858428955,0.03512951359152794
2030-08-27,,39.475555419921875,33.33788299560547,6.103275775909424,0.034396570175886154
2030-08-28,,39.34577560424805,33.33811569213867,5.971411228179932,0.03625147417187691
2030-08-29,,38.88599395751953,33.338348388671875,5.84592342376709,-0.29827752709388733
2030-08-30,,39.10125732421875,33.33857727050781,5.727031230926514,0.0356491394340992
2030-08-31,,39.07638168334961,33.33880615234375,5.614873886108398,0.1226998120546341
2030-09-01,,38.8827018737793,33.33903884887695,5.509511947631836,0.03415101766586304
2030-09-02,,38.78532028198242,33.339271545410156,5.410921573638916,0.03512951359152794
2030-09-03,,38.69289779663086,33.339500427246094,5.318999290466309,0.034396570175886154
2030-09-04,,38.60954284667969,33.3397331237793,5.233561038970947,0.03625147417187691
2030-09-05,,38.1960334777832,33.3399658203125,5.15434455871582,-0.29827752709388733
2030-09-06,,38.45685577392578,33.34019470214844,5.081011772155762,0.0356491394340992
2030-09-07,,38.47627639770508,33.340423583984375,5.013150691986084,0.1226998120546341
2030-09-08,,38.3250846862793,33.34065628051758,4.950279712677002,0.03415101766586304
2030-09-09,,38.26787567138672,33.34088897705078,4.891857624053955,0.03512951359152794
2030-09-10,,38.21279525756836,33.34111785888672,4.837279796600342,0.034396570175886154
2030-09-11,,38.163490295410156,33.341346740722656,4.785889148712158,0.03625147417187691
2030-09-12,,37.78028869628906,33.34157943725586,4.736983299255371,-0.29827752709388733
2030-09-13,,38.067283630371094,33.34181213378906,4.689821720123291,0.0356491394340992
2030-09-14,,38.10837173461914,33.342041015625,4.643628120422363,0.1226998120546341
2030-09-15,,37.974029541015625,33.34226989746094,4.597604751586914,0.03415101766586304
2030-09-16,,37.92856979370117,33.34250259399414,4.550936698913574,0.03512951359152794
2030-09-17,,37.87992858886719,33.342735290527344,4.5027971267700195,0.034396570175886154
2030-09-18,,37.83157730102539,33.34296417236328,4.452362060546875,0.03625147417187691
2030-09-19,,37.443729400634766,33.34319305419922,4.398813724517822,-0.29827752709388733
2030-09-20,,37.720428466796875,33.34342575073242,4.341350555419922,0.0356491394340992
2030-09-21,,37.74555206298828,33.343658447265625,4.279194355010986,0.1226998120546341
2030-09-22,,37.58963394165039,33.34388732910156,4.2115960121154785,0.03415101766586304
2030-09-23,,37.51709747314453,33.344120025634766,4.137847900390625,0.03512951359152794
2030-09-24,,37.43603515625,33.34435272216797,4.057286262512207,0.034396570175886154
2030-09-25,,37.35013198852539,33.344581604003906,3.969298839569092,0.03625147417187691
2030-09-26,,36.91986846923828,33.344810485839844,3.873333215713501,-0.29827752709388733
2030-09-27,,37.14958953857422,33.34504318237305,3.7688989639282227,0.0356491394340992
2030-09-28,,37.1235466003418,33.34527587890625,3.6555731296539307,0.1226998120546341
2030-09-29,,36.912662506103516,33.34550476074219,3.533007860183716,0.03415101766586304
2030-09-30,,36.781795501708984,33.345733642578125,3.400930166244507,0.03512951359152794
2030-10-01,,36.63950729370117,33.34596633911133,3.2591450214385986,0.034396570175886154
2030-10-02,,36.489986419677734,33.34619903564453,3.107538938522339,0.03625147417187691
2030-10-03,,35.994232177734375,33.34642791748047,2.9460809230804443,-0.29827752709388733
2030-10-04,,36.15713119506836,33.34666061401367,2.7748215198516846,0.0356491394340992
2030-10-05,,36.06348419189453,33.34688949584961,2.5938937664031982,0.1226998120546341
2030-10-06,,35.784786224365234,33.34712219238281,2.403513193130493,0.03415101766586304
2030-10-07,,35.58645248413086,33.34735107421875,2.2039718627929688,0.03512951359152794
2030-10-08,,35.37762451171875,33.34758377075195,1.9956421852111816,0.034396570175886154
2030-10-09,,35.16303253173828,33.34781265258789,1.7789669036865234,0.03625147417187691
2030-10-10,,34.60422897338867,33.348045349121094,1.5544596910476685,-0.29827752709388733
2030-10-11,,34.70662307739258,33.34827423095703,1.3226996660232544,0.0356491394340992
2030-10-12,,34.55553436279297,33.348506927490234,1.0843254327774048,0.1226998120546341
2030-10-13,,34.22291946411133,33.34873962402344,0.8400300145149231,0.03415101766586304
2030-10-14,,33.97465133666992,33.348968505859375,0.5905541777610779,0.03512951359152794
2030-10-15,,33.72027587890625,33.34920120239258,0.3366814851760864,0.034396570175886154
2030-10-16,,33.46491241455078,33.349430084228516,0.07922972738742828,0.03625147417187691
2030-10-17,,32.87042999267578,33.34966278076172,-0.18095466494560242,-0.29827752709388733
2030-10-18,,32.942535400390625,33.349891662597656,-0.44300559163093567,0.0356491394340992
2030-10-19,,32.766780853271484,33.35012435913086,-0.7060431838035583,0.1226998120546341
2030-10-20,,32.41532516479492,33.3503532409668,-0.9691811203956604,0.03415101766586304
2030-10-21,,32.154178619384766,33.3505859375,-1.2315349578857422,0.03512951359152794
2030-10-22,,31.892982482910156,33.35081481933594,-1.4922294616699219,0.034396570175886154
2030-10-23,,31.63689422607422,33.35104751586914,-1.7504048347473145,0.03625147417187691
2030-10-24,,31.047775268554688,33.35127639770508,-2.0052223205566406,-0.29827752709388733
2030-10-25,,31.131282806396484,33.35150909423828,-2.255875587463379,0.0356491394340992
2030-10-26,,30.97284698486328,33.351741790771484,-2.5015907287597656,0.1226998120546341
2030-10-27,,30.644485473632812,33.35197067260742,-2.7416374683380127,0.03415101766586304
2030-10-28,,30.412002563476562,33.35219955444336,-2.975330352783203,0.03512951359152794
2030-10-29,,30.184791564941406,33.35243225097656,-3.2020344734191895,0.034396570175886154
2030-10-30,,29.967742919921875,33.352664947509766,-3.421172618865967,0.03625147417187691
2030-10-31,,29.422393798828125,33.3528938293457,-3.6322247982025146,-0.29827752709388733
2030-11-01,,29.554039001464844,33.353126525878906,-3.834733247756958,0.0356491394340992
2030-11-02,,29.447750091552734,33.353355407714844,-4.028306007385254,0.1226998120546341
2030-11-03,,29.175121307373047,33.35358810424805,-4.212615966796875,0.03415101766586304
2030-11-04,,29.001541137695312,33.353816986083984,-4.387404441833496,0.03512951359152794
2030-11-05,,28.835968017578125,33.35404968261719,-4.552477836608887,0.034396570175886154
2030-11-06,,28.682819366455078,33.35428237915039,-4.707712173461914,0.03625147417187691
2030-11-07,,28.20318603515625,33.35451126098633,-4.853048801422119,-0.29827752709388733
2030-11-08,,28.401893615722656,33.354740142822266,-4.988497257232666,0.0356491394340992
2030-11-09,,28.363548278808594,33.35497283935547,-5.114123821258545,0.1226998120546341
2030-11-10,,28.15929412841797,33.35520553588867,-5.230061054229736,0.03415101766586304
2030-11-11,,28.054073333740234,33.35543441772461,-5.336492538452148,0.03512951359152794
2030-11-12,,27.956398010253906,33.35566329956055,-5.433662414550781,0.034396570175886154
2030-11-13,,27.870288848876953,33.35589599609375,-5.521856784820557,0.03625147417187691
2030-11-14,,27.456436157226562,33.35612869262695,-5.601414203643799,-0.29827752709388733
2030-11-15,,27.719301223754883,33.35635757446289,-5.672706127166748,0.0356491394340992
2030-11-16,,27.743144989013672,33.35658645629883,-5.73614501953125,0.1226998120546341
2030-11-17,,27.598804473876953,33.35681915283203,-5.792167663574219,0.03415101766586304
2030-11-18,,27.550941467285156,33.357051849365234,-5.841240406036377,0.03512951359152794
2030-11-19,,27.507831573486328,33.35728073120117,-5.883846282958984,0.034396570175886154
2030-11-20,,27.473283767700195,33.357513427734375,-5.920479774475098,0.03625147417187691
2030-11-21,,27.107818603515625,33.35774230957031,-5.951647758483887,-0.29827752709388733
2030-11-22,,27.415767669677734,33.357975006103516,-5.9778571128845215,0.0356491394340992
2030-11-23,,27.481292724609375,33.35820388793945,-5.999611854553223,0.1226998120546341
2030-11-24,,27.37517738342285,33.358436584472656,-6.017409324645996,0.03415101766586304
2030-11-25,,27.362062454223633,33.35866928100586,-6.031734943389893,0.03512951359152794
2030-11-26,,27.350238800048828,33.3588981628418,-6.043056964874268,0.034396570175886154
2030-11-27,,27.343557357788086,33.359127044677734,-6.051822662353516,0.03625147417187691
2030-11-28,,27.002628326416016,33.35935974121094,-6.0584540367126465,-0.29827752709388733
2030-11-29,,27.331893920898438,33.35959243774414,-6.0633463859558105,0.0356491394340992
2030-11-30,,27.4156551361084,33.35982131958008,-6.066865921020508,0.1226998120546341
2030-12-01,,27.324859619140625,33.360050201416016,-6.0693440437316895,0.03415101766586304
2030-12-02,,27.324338912963867,33.36028289794922,-6.07107400894165,0.03512951359152794
2030-12-03,,27.322589874267578,33.36051559448242,-6.072319030761719,0.034396570175886154
2030-12-04,,27.323694229125977,33.36074447631836,-6.073302268981934,0.03625147417187691
2030-12-05,,26.988489151000977,33.3609733581543,-6.0742082595825195,-0.29827752709388733
2030-12-06,,27.321666717529297,33.3612060546875,-6.075188159942627,0.0356491394340992
2030-12-07,,27.407787322998047,33.3614387512207,-6.076352119445801,0.1226998120546341
2030-12-08,,27.318042755126953,33.36166763305664,-6.077774524688721,0.03415101766586304
2030-12-09,,27.31753158569336,33.361900329589844,-6.079500198364258,0.03512951359152794
2030-12-10,,27.314990997314453,33.36212921142578,-6.081536769866943,0.034396570175886154
2030-12-11,,27.314746856689453,33.362361907958984,-6.083865642547607,0.03625147417187691
2030-12-12,,26.977874755859375,33.36259078979492,-6.086440086364746,-0.29827752709388733
2030-12-13,,27.309288024902344,33.362823486328125,-6.08918571472168,0.0356491394340992
2030-12-14,,27.39374542236328,33.36305618286133,-6.092010498046875,0.1226998120546341
2030-12-15,,27.302631378173828,33.363285064697266,-6.094804763793945,0.03415101766586304
2030-12-16,,27.30120086669922,33.3635139465332,-6.097443580627441,0.03512951359152794
2030-12-17,,27.298355102539062,33.363746643066406,-6.099789619445801,0.034396570175886154
2030-12-18,,27.298526763916016,33.36397933959961,-6.1017022132873535,0.03625147417187691
2030-12-19,,26.9628963470459,33.36420822143555,-6.1030354499816895,-0.29827752709388733
2030-12-20,,27.296443939208984,33.36444091796875,-6.103643894195557,0.0356491394340992
2030-12-21,,27.383983612060547,33.36466979980469,-6.103387355804443,0.1226998120546341
2030-12-22,,27.296920776367188,33.36490249633789,-6.102132320404053,0.03415101766586304
2030-12-23,,27.30050277709961,33.36513137817383,-6.099757671356201,0.03512951359152794
2030-12-24,,27.303607940673828,33.36536407470703,-6.096153736114502,0.034396570175886154
2030-12-25,,27.31061553955078,33.36559295654297,-6.0912299156188965,0.03625147417187691
2030-12-26,,26.982637405395508,33.36582565307617,-6.084909439086914,-0.29827752709388733
2030-12-27,,27.32455825805664,33.36605453491211,-6.077145576477051,0.0356491394340992
2030-12-28,,27.421079635620117,33.36628723144531,-6.067907810211182,0.1226998120546341
2030-12-29,,27.34347915649414,33.36651611328125,-6.057189464569092,0.03415101766586304
2030-12-30,,27.35686492919922,33.36674880981445,-6.045012950897217,0.03512951359152794
2030-12-31,,27.369953155517578,33.366981506347656,-6.031424522399902,0.034396570175886154
2031-01-01,,27.386966705322266,33.367210388183594,-6.016495704650879,0.03625147417187691
2031-01-02,,27.06884002685547,33.3674430847168,-6.000324249267578,-0.29827752709388733
2031-01-03,,27.420289993286133,33.367671966552734,-5.983031749725342,0.0356491394340992
2031-01-04,,27.525840759277344,33.36790466308594,-5.96476411819458,0.1226998120546341
2031-01-05,,27.45659637451172,33.368133544921875,-5.945689678192139,0.03415101766586304
2031-01-06,,27.47749900817871,33.36836624145508,-5.925995349884033,0.03512951359152794
2031-01-07,,27.49710464477539,33.368595123291016,-5.905886650085449,0.034396570175886154
2031-01-08,,27.519493103027344,33.36882781982422,-5.885585784912109,0.03625147417187691
2031-01-09,,27.205455780029297,33.369056701660156,-5.865324974060059,-0.29827752709388733
2031-01-10,,27.559589385986328,33.36928939819336,-5.8453474044799805,0.0356491394340992
2031-01-11,,27.666316986083984,33.36952209472656,-5.825902462005615,0.1226998120546341
2031-01-12,,27.596664428710938,33.3697509765625,-5.8072381019592285,0.03415101766586304
2031-01-13,,27.615501403808594,33.36997985839844,-5.789608001708984,0.03512951359152794
2031-01-14,,27.63135528564453,33.37021255493164,-5.773253917694092,0.034396570175886154
2031-01-15,,27.64828109741211,33.370445251464844,-5.758415222167969,0.03625147417187691
2031-01-16,,27.32707977294922,33.37067413330078,-5.745315074920654,-0.29827752709388733
2031-01-17,,27.67238998413086,33.37090301513672,-5.734163284301758,0.0356491394340992
2031-01-18,,27.76868438720703,33.37113571166992,-5.725151538848877,0.1226998120546341
2031-01-19,,27.68707275390625,33.371368408203125,-5.71844482421875,0.03415101766586304
2031-01-20,,27.69253921508789,33.37159729003906,-5.714188098907471,0.03512951359152794
2031-01-21,,27.693727493286133,33.371829986572266,-5.712496757507324,0.034396570175886154
2031-01-22,,27.69485855102539,33.3720588684082,-5.713453769683838,0.03625147417187691
2031-01-23,,27.356901168823242,33.372291564941406,-5.7171125411987305,-0.29827752709388733
2031-01-24,,27.68467903137207,33.372520446777344,-5.7234907150268555,0.0356491394340992
2031-01-25,,27.762880325317383,33.37275314331055,-5.732571125030518,0.1226998120546341
2031-01-26,,27.66283416748047,33.37298583984375,-5.74429988861084,0.03415101766586304
2031-01-27,,27.649755477905273,33.37321472167969,-5.7585883140563965,0.03512951359152794
2031-01-28,,27.63253402709961,33.373443603515625,-5.7753071784973145,0.034396570175886154
2031-01-29,,27.61562728881836,33.37367630004883,-5.794300079345703,0.03625147417187691
2031-01-30,,27.260265350341797,33.37390899658203,-5.815362930297852,-0.29827752709388733
2031-01-31,,27.571517944335938,33.37413787841797,-5.838268280029297,0.0356491394340992
2031-02-01,,27.634315490722656,33.374366760253906,-5.862752914428711,0.1226998120546341
2031-02-02,,27.520225524902344,33.37459945678711,-5.8885273933410645,0.03415101766586304
2031-02-03,,27.49468994140625,33.37483215332031,-5.915272235870361,0.03512951359152794
2031-02-04,,27.46681022644043,33.37506103515625,-5.9426469802856445,0.034396570175886154
2031-02-05,,27.441251754760742,33.37528991699219,-5.970292091369629,0.03625147417187691
2031-02-06,,27.07941436767578,33.37552261352539,-5.99783182144165,-0.29827752709388733
2031-02-07,,27.386526107788086,33.375755310058594,-6.024877071380615,0.0356491394340992
2031-02-08,,27.447649002075195,33.37598419189453,-6.0510358810424805,0.1226998120546341
2031-02-09,,27.334457397460938,33.376216888427734,-6.075908660888672,0.03415101766586304
2031-02-10,,27.312475204467773,33.37644577026367,-6.099102973937988,0.03512951359152794
2031-02-11,,27.290843963623047,33.376678466796875,-6.1202311515808105,0.034396570175886154
2031-02-12,,27.274242401123047,33.37690734863281,-6.138916969299316,0.03625147417187691
2031-02-13,,26.924060821533203,33.377140045166016,-6.154801368713379,-0.29827752709388733
2031-02-14,,27.245473861694336,33.37737274169922,-6.16754674911499,0.0356491394340992
2031-02-15,,27.323457717895508,33.377601623535156,-6.176843643188477,0.1226998120546341
2031-02-16,,27.229572296142578,33.377830505371094,-6.182408332824707,0.03415101766586304
2031-02-17,,27.229198455810547,33.3780632019043,-6.183995723724365,0.03512951359152794
2031-02-18,,27.231294631958008,33.3782958984375,-6.181396961212158,0.034396570175886154
2031-02-19,,27.240333557128906,33.37852478027344,-6.174444198608398,0.03625147417187691
2031-02-20,,26.917463302612305,33.378753662109375,-6.163015365600586,-0.29827752709388733
2031-02-21,,27.267601013183594,33.37898635864258,-6.147036552429199,0.0356491394340992
2031-02-22,,27.375438690185547,33.37921905517578,-6.1264801025390625,0.1226998120546341
2031-02-23,,27.31222915649414,33.37944793701172,-6.101370334625244,0.03415101766586304
2031-02-24,,27.343027114868164,33.37968063354492,-6.071783542633057,0.03512951359152794
2031-02-25,,27.37645721435547,33.37990951538086,-6.037848949432373,0.034396570175886154
2031-02-26,,27.416645050048828,33.38014221191406,-5.999746799468994,0.03625147417187691
2031-02-27,,27.1243896484375,33.38037109375,-5.957705497741699,-0.29827752709388733
2031-02-28,,27.504249572753906,33.3806037902832,-5.912005424499512,0.0356491394340992
2031-03-01,,27.640560150146484,33.38083267211914,-5.862975120544434,0.1226998120546341
2031-03-02,,27.604228973388672,33.381065368652344,-5.810986042022705,0.03415101766586304
2031-03-03,,27.65997314453125,33.38129425048828,-5.7564520835876465,0.03512951359152794
2031-03-04,,27.716102600097656,33.381526947021484,-5.699822425842285,0.034396570175886154
2031-03-05,,27.77642822265625,33.38175964355469,-5.641582489013672,0.03625147417187691
2031-03-06,,27.50146484375,33.381988525390625,-5.582245349884033,-0.29827752709388733
2031-03-07,,27.895523071289062,33.38222122192383,-5.522346496582031,0.0356491394340992
2031-03-08,,28.042713165283203,33.382450103759766,-5.46243953704834,0.1226998120546341
2031-03-09,,28.013744354248047,33.38268280029297,-5.403088569641113,0.03415101766586304
2031-03-10,,28.073177337646484,33.382911682128906,-5.344864368438721,0.03512951359152794
2031-03-11,,28.12920570373535,33.38314437866211,-5.28833532333374,0.034396570175886154
2031-03-12,,28.185564041137695,33.38337326049805,-5.234062194824219,0.03625147417187691
2031-03-13,,27.902734756469727,33.38360595703125,-5.182591915130615,-0.29827752709388733
2031-03-14,,28.285037994384766,33.38383483886719,-5.1344475746154785,0.0356491394340992
2031-03-15,,28.416641235351562,33.38406753540039,-5.090125560760498,0.1226998120546341
2031-03-16,,28.368362426757812,33.38429641723633,-5.050087928771973,0.03415101766586304
2031-03-17,,28.4049072265625,33.38452911376953,-5.014752388000488,0.03512951359152794
2031-03-18,,28.43466567993164,33.384761810302734,-4.984492778778076,0.034396570175886154
2031-03-19,,28.46161651611328,33.38499069213867,-4.959627151489258,0.03625147417187691
2031-03-20,,28.146528244018555,33.38521957397461,-4.940415859222412,-0.29827752709388733
2031-03-21,,28.49404525756836,33.38545227050781,-4.927055835723877,0.0356491394340992
2031-03-22,,28.58871078491211,33.385684967041016,-4.919674396514893,0.1226998120546341
2031-03-23,,28.50173568725586,33.38591384887695,-4.918328762054443,0.03415101766586304
2031-03-24,,28.498275756835938,33.386146545410156,-4.923000335693359,0.03512951359152794
2031-03-25,,28.4871826171875,33.386375427246094,-4.933590888977051,0.034396570175886154
2031-03-26,,28.472930908203125,33.3866081237793,-4.94992733001709,0.03625147417187691
2031-03-27,,28.11680793762207,33.386837005615234,-4.971752643585205,-0.29827752709388733
2031-03-28,,28.423988342285156,33.38706970214844,-4.998729228973389,0.0356491394340992
2031-03-29,,28.47956085205078,33.38730239868164,-5.030440330505371,0.1226998120546341
2031-03-30,,28.35529327392578,33.38753128051758,-5.066390514373779,0.03415101766586304
2031-03-31,,28.316883087158203,33.387760162353516,-5.106007099151611,0.03512951359152794
2031-04-01,,28.27374267578125,33.38799285888672,-5.148644924163818,0.034396570175886154
2031-04-02,,28.230892181396484,33.38822555541992,-5.19358491897583,0.03625147417187691
2031-04-03,,27.850128173828125,33.38845443725586,-5.240048885345459,-0.29827752709388733
2031-04-04,,28.137142181396484,33.3886833190918,-5.2871928215026855,0.0356491394340992
2031-04-05,,28.177494049072266,33.388916015625,-5.3341193199157715,0.1226998120546341
2031-04-06,,28.043413162231445,33.3891487121582,-5.379885673522949,0.03415101766586304
2031-04-07,,28.001001358032227,33.38937759399414,-5.423505783081055,0.03512951359152794
2031-04-08,,27.960044860839844,33.38960647583008,-5.46396017074585,0.034396570175886154
2031-04-09,,27.925884246826172,33.38983917236328,-5.500207901000977,0.03625147417187691
2031-04-10,,27.56060791015625,33.390071868896484,-5.531186580657959,-0.29827752709388733
2031-04-11,,27.870119094848633,33.39030075073242,-5.555831432342529,0.0356491394340992
2031-04-12,,27.940160751342773,33.390533447265625,-5.573071002960205,0.1226998120546341
2031-04-13,,27.843059539794922,33.39076614379883,-5.581855297088623,0.03415101766586304
2031-04-14,,27.84497833251953,33.390995025634766,-5.581146240234375,0.03512951359152794
2031-04-15,,27.855684280395508,33.3912239074707,-5.569937229156494,0.034396570175886154
2031-04-16,,27.880447387695312,33.391456604003906,-5.54725980758667,0.03625147417187691
2031-04-17,,27.58121681213379,33.39168930053711,-5.51219367980957,-0.29827752709388733
2031-04-18,,27.96369171142578,33.39191818237305,-5.463873386383057,0.0356491394340992
2031-04-19,,28.11334800720215,33.392147064208984,-5.401500225067139,0.1226998120546341
2031-04-20,,28.102188110351562,33.39237976074219,-5.324343681335449,0.03415101766586304
2031-04-21,,28.19598388671875,33.39261245727539,-5.231756687164307,0.03512951359152794
2031-04-22,,28.304058074951172,33.39284133911133,-5.123178005218506,0.034396570175886154
2031-04-23,,28.43118667602539,33.393070220947266,-4.998137474060059,0.03625147417187691
2031-04-24,,28.23876190185547,33.39330291748047,-4.856264114379883,-0.29827752709388733
2031-04-25,,28.731895446777344,33.39353561401367,-4.697289943695068,0.0356491394340992
2031-04-26,,28.995410919189453,33.39376449584961,-4.521052360534668,0.1226998120546341
2031-04-27,,29.10064697265625,33.39399337768555,-4.327497959136963,0.03415101766586304
2031-04-28,,29.312671661376953,33.39422607421875,-4.1166863441467285,0.03512951359152794
2031-04-29,,29.54006576538086,33.39445877075195,-3.8887875080108643,0.034396570175886154
2031-04-30,,29.786853790283203,33.39468765258789,-3.6440858840942383,0.03625147417187691
2031-05-01,,29.713665008544922,33.394920349121094,-3.382976531982422,-0.29827752709388733
2031-05-02,,30.32483673095703,33.3951530456543,-3.105964183807373,0.0356491394340992
2031-05-03,,30.704421997070312,33.395381927490234,-2.8136608600616455,0.1226998120546341
2031-05-04,,30.922977447509766,33.39561080932617,-2.5067834854125977,0.03415101766586304
2031-05-05,,31.244827270507812,33.395843505859375,-2.186145544052124,0.03512951359152794
2031-05-06,,31.577816009521484,33.39607620239258,-1.8526549339294434,0.034396570175886154
2031-05-07,,31.925247192382812,33.396305084228516,-1.5073084831237793,0.03625147417187691
2031-05-08,,31.947078704833984,33.39653396606445,-1.1511799097061157,-0.29827752709388733
2031-05-09,,32.64699935913086,33.396766662597656,-0.7854189872741699,0.0356491394340992
2031-05-10,,33.10845947265625,33.39699935913086,-0.41123655438423157,0.1226998120546341
2031-05-11,,33.4014778137207,33.3972282409668,-0.02990095131099224,0.03415101766586304
2031-05-12,,33.78986358642578,33.3974609375,0.35727405548095703,0.03512951359152794
2031-05-13,,34.181026458740234,33.39768981933594,0.748940110206604,0.034396570175886154
2031-05-14,,34.5778923034668,33.39792251586914,1.1437208652496338,0.03625147417187691
2031-05-15,,34.640098571777344,33.39815139770508,1.5402257442474365,-0.29827752709388733
2031-05-16,,35.37109375,33.39838409423828,1.9370585680007935,0.0356491394340992
2031-05-17,,35.85414505004883,33.39861297607422,2.332828998565674,0.1226998120546341
2031-05-18,,36.159156799316406,33.39884567260742,2.726161241531372,0.03415101766586304
2031-05-19,,36.54991149902344,33.399078369140625,3.1157050132751465,0.03512951359152794
2031-05-20,,36.93385314941406,33.39930725097656,3.5001487731933594,0.034396570175886154
2031-05-21,,37.31401443481445,33.399539947509766,3.8782248497009277,0.03625147417187691
2031-05-22,,37.35021209716797,33.3997688293457,4.248719692230225,-0.29827752709388733
2031-05-23,,38.04613494873047,33.400001525878906,4.610484600067139,0.0356491394340992
2031-05-24,,38.48537063598633,33.400230407714844,4.962441444396973,0.1226998120546341
2031-05-25,,38.73820495605469,33.40046310424805,5.303593158721924,0.03415101766586304
2031-05-26,,39.06884765625,33.400691986083984,5.633026599884033,0.03512951359152794
2031-05-27,,39.3852424621582,33.40092468261719,5.94992208480835,0.034396570175886154
2031-05-28,,39.69095993041992,33.401153564453125,6.253554344177246,0.03625147417187691
2031-05-29,,39.64640808105469,33.40138626098633,6.543302059173584,-0.29827752709388733
2031-05-30,,40.255916595458984,33.40161895751953,6.8186492919921875,0.0356491394340992
2031-05-31,,40.603729248046875,33.40184783935547,7.079181671142578,0.1226998120546341
2031-06-01,,40.760826110839844,33.402076721191406,7.324598789215088,0.03415101766586304
2031-06-02,,40.99214553833008,33.40230941772461,7.5547051429748535,0.03512951359152794
2031-06-03,,41.20635223388672,33.40254211425781,7.769415378570557,0.034396570175886154
2031-06-04,,41.407772064208984,33.40277099609375,7.968747138977051,0.03625147417187691
2031-06-05,,41.25755310058594,33.40299987792969,8.152828216552734,-0.29827752709388733
2031-06-06,,41.76076126098633,33.40323257446289,8.321878433227539,0.0356491394340992
2031-06-07,,42.00238800048828,33.403465270996094,8.476223945617676,0.1226998120546341
2031-06-08,,42.054115295410156,33.40369415283203,8.61627197265625,0.03415101766586304
2031-06-09,,42.18157958984375,33.403926849365234,8.742522239685059,0.03512951359152794
2031-06-10,,42.294105529785156,33.40415573120117,8.855552673339844,0.034396570175886154
2031-06-11,,42.396644592285156,33.404388427734375,8.95600700378418,0.03625147417187691
2031-06-12,,42.15093994140625,33.40461730957031,9.044598579406738,-0.29827752709388733
2031-06-13,,42.562591552734375,33.404850006103516,9.12209415435791,0.0356491394340992
2031-06-14,,42.71708679199219,33.40508270263672,9.18930721282959,0.1226998120546341
2031-06-15,,42.68655014038086,33.405311584472656,9.247088432312012,0.03415101766586304
2031-06-16,,42.73698425292969,33.405540466308594,9.296316146850586,0.03512951359152794
2031-06-17,,42.77806091308594,33.4057731628418,9.337890625,0.034396570175886154
2031-06-18,,42.81497573852539,33.406005859375,9.372718811035156,0.03625147417187691
2031-06-19,,42.509666442871094,33.40623474121094,9.40170955657959,-0.29827752709388733
2031-06-20,,42.86787414550781,33.406463623046875,9.425760269165039,0.0356491394340992
2031-06-21,,42.97514724731445,33.40669631958008,9.445754051208496,0.1226998120546341
2031-06-22,,42.903621673583984,33.40692901611328,9.462542533874512,0.03415101766586304
2031-06-23,,42.91923522949219,33.40715789794922,9.476946830749512,0.03512951359152794
2031-06-24,,42.93152618408203,33.407386779785156,9.48974323272705,0.034396570175886154
2031-06-25,,42.945526123046875,33.40761947631836,9.501653671264648,0.03625147417187691
2031-06-26,,42.6229248046875,33.40785217285156,9.513350486755371,-0.29827752709388733
2031-06-27,,42.96916961669922,33.4080810546875,9.525439262390137,0.0356491394340992
2031-06-28,,43.06946563720703,33.4083137512207,9.538455963134766,0.1226998120546341
2031-06-29,,42.99555969238281,33.40854263305664,9.552865982055664,0.03415101766586304
2031-06-30,,43.012962341308594,33.408775329589844,9.569058418273926,0.03512951359152794
2031-07-01,,43.0307502746582,33.40900421142578,9.587347030639648,0.034396570175886154
2031-07-02,,43.053443908691406,33.409236907958984,9.607956886291504,0.03625147417187691
2031-07-03,,42.742225646972656,33.40946960449219,9.631034851074219,-0.29827752709388733
2031-07-04,,43.10199737548828,33.409698486328125,9.656651496887207,0.0356491394340992
2031-07-05,,43.21741485595703,33.40992736816406,9.684786796569824,0.1226998120546341
2031-07-06,,43.15966033935547,33.410160064697266,9.715348243713379,0.03415101766586304
2031-07-07,,43.19368362426758,33.41039276123047,9.748162269592285,0.03512951359152794
2031-07-08,,43.228004455566406,33.410621643066406,9.782983779907227,0.034396570175886154
2031-07-09,,43.266605377197266,33.410850524902344,9.819500923156738,0.03625147417187691
2031-07-10,,42.970130920410156,33.41108322143555,9.85732650756836,-0.29827752709388733
2031-07-11,,43.34299087524414,33.41131591796875,9.896026611328125,0.0356491394340992
2031-07-12,,43.469356536865234,33.41154479980469,9.935111045837402,0.1226998120546341
2031-07-13,,43.41996383666992,33.411773681640625,9.974037170410156,0.03415101766586304
2031-07-14,,43.45935821533203,33.41200637817383,10.012223243713379,0.03512951359152794
2031-07-15,,43.49570083618164,33.41223907470703,10.049064636230469,0.034396570175886154
2031-07-16,,43.53264236450195,33.41246795654297,10.08392333984375,0.03625147417187691
2031-07-17,,43.23057556152344,33.41270065307617,10.1161527633667,-0.29827752709388733
2031-07-18,,43.59366989135742,33.41292953491211,10.145090103149414,0.0356491394340992
2031-07-19,,43.705936431884766,33.41316223144531,10.170075416564941,0.1226998120546341
2031-07-20,,43.638004302978516,33.41339111328125,10.190460205078125,0.03415101766586304
2031-07-21,,43.65436553955078,33.41362380981445,10.20561408996582,0.03512951359152794
2031-07-22,,43.663169860839844,33.413856506347656,10.214920043945312,0.034396570175886154
2031-07-23,,43.66814041137695,33.414085388183594,10.217805862426758,0.03625147417187691
2031-07-24,,43.32976531982422,33.41431427001953,10.213727951049805,-0.29827752709388733
2031-07-25,,43.65239334106445,33.414546966552734,10.202195167541504,0.0356491394340992
2031-07-26,,43.72024154663086,33.41477966308594,10.182761192321777,0.1226998120546341
2031-07-27,,43.604209899902344,33.415008544921875,10.155049324035645,0.03415101766586304
2031-07-28,,43.56909942626953,33.41524124145508,10.118727684020996,0.03512951359152794
2031-07-29,,43.523414611816406,33.415470123291016,10.073546409606934,0.034396570175886154
2031-07-30,,43.47127151489258,33.41570281982422,10.019319534301758,0.03625147417187691
2031-07-31,,43.073585510253906,33.415931701660156,9.955930709838867,-0.29827752709388733
2031-08-01,,43.33516311645508,33.41616439819336,9.88334846496582,0.0356491394340992
2031-08-02,,43.3406982421875,33.4163932800293,9.801604270935059,0.1226998120546341
2031-08-03,,43.161590576171875,33.4166259765625,9.710813522338867,0.03415101766586304
2031-08-04,,43.06315612792969,33.41685485839844,9.61117172241211,0.03512951359152794
2031-08-05,,42.95442199707031,33.41708755493164,9.502939224243164,0.034396570175886154
2031-08-06,,42.840023040771484,33.41731643676758,9.386452674865723,0.03625147417187691
2031-08-07,,42.38139343261719,33.41754913330078,9.262124061584473,-0.29827752709388733
2031-08-08,,42.5838508605957,33.417781829833984,9.130420684814453,0.0356491394340992
2031-08-09,,42.532588958740234,33.41801071166992,8.991878509521484,0.1226998120546341
2031-08-10,,42.29948043823242,33.418243408203125,8.847088813781738,0.03415101766586304
2031-08-11,,42.150291442871094,33.41847229003906,8.696691513061523,0.03512951359152794
2031-08-12,,41.99447250366211,33.418704986572266,8.541370391845703,0.034396570175886154
2031-08-13,,41.8370361328125,33.4189338684082,8.38184928894043,0.03625147417187691
2031-08-14,,41.33977127075195,33.419166564941406,8.218884468078613,-0.29827752709388733
2031-08-15,,41.50829315185547,33.419395446777344,8.053248405456543,0.0356491394340992
2031-08-16,,41.428062438964844,33.41962814331055,7.885735988616943,0.1226998120546341
2031-08-17,,41.17115783691406,33.419857025146484,7.717145919799805,0.03415101766586304
2031-08-18,,41.00349426269531,33.42008972167969,7.548275947570801,0.03512951359152794
2031-08-19,,40.834632873535156,33.42032241821289,7.379915714263916,0.034396570175886154
2031-08-20,,40.66964340209961,33.42055130004883,7.212839603424072,0.03625147417187691
2031-08-21,,40.1702995300293,33.420780181884766,7.047795295715332,-0.29827752709388733
2031-08-22,,40.3421630859375,33.42101287841797,6.885499954223633,0.0356491394340992
2031-08-23,,40.27057647705078,33.42124557495117,6.726631164550781,0.1226998120546341
2031-08-24,,40.027442932128906,33.42147445678711,6.571818828582764,0.03415101766586304
2031-08-25,,39.878475189208984,33.42170333862305,6.421641826629639,0.03512951359152794
2031-08-26,,39.732948303222656,33.42193603515625,6.276618480682373,0.034396570175886154
2031-08-27,,39.59562683105469,33.42216873168945,6.137206554412842,0.03625147417187691
2031-08-28,,39.12791061401367,33.42239761352539,6.003790378570557,-0.29827752709388733
2031-08-29,,39.3349609375,33.422630310058594,5.876683712005615,0.0356491394340992
2031-08-30,,39.30168533325195,33.42285919189453,5.756126403808594,0.1226998120546341
2031-08-31,,39.09952163696289,33.423091888427734,5.642277717590332,0.03415101766586304
2031-09-01,,38.99366760253906,33.42332077026367,5.535215377807617,0.03512951359152794
2031-09-02,,38.892887115478516,33.423553466796875,5.434938430786133,0.034396570175886154
2031-09-03,,38.80139923095703,33.42378616333008,5.341363430023193,0.03625147417187691
2031-09-04,,38.380062103271484,33.424015045166016,5.2543253898620605,-0.29827752709388733
2031-09-05,,38.633480072021484,33.42424392700195,5.173583030700684,0.0356491394340992
2031-09-06,,38.645992279052734,33.424476623535156,5.098814010620117,0.1226998120546341
2031-09-07,,38.488487243652344,33.42470932006836,5.029627799987793,0.03415101766586304
2031-09-08,,38.425628662109375,33.4249382019043,4.965559482574463,0.03512951359152794
2031-09-09,,38.36564636230469,33.425167083740234,4.906078815460205,0.034396570175886154
2031-09-10,,38.312252044677734,33.42539978027344,4.8505988121032715,0.03625147417187691
2031-09-11,,37.92583084106445,33.42563247680664,4.79847526550293,-0.29827752709388733
2031-09-12,,38.21052932739258,33.42586135864258,4.749016761779785,0.0356491394340992
2031-09-13,,38.25028610229492,33.42609405517578,4.70149040222168,0.1226998120546341
2031-09-14,,38.115604400634766,33.42632293701172,4.655129432678223,0.03415101766586304
2031-09-15,,38.070823669433594,33.42655563354492,4.609139919281006,0.03512951359152794
2031-09-16,,38.02389144897461,33.42678451538086,4.562708854675293,0.034396570175886154
2031-09-17,,37.9782829284668,33.42701721191406,4.5150146484375,0.03625147417187691
2031-09-18,,37.594200134277344,33.42724609375,4.465230464935303,-0.29827752709388733
2031-09-19,,37.87566375732422,33.4274787902832,4.412537097930908,0.0356491394340992
2031-09-20,,37.90653610229492,33.42770767211914,4.35612678527832,0.1226998120546341
2031-09-21,,37.75730514526367,33.427940368652344,4.2952141761779785,0.03415101766586304
2031-09-22,,37.692344665527344,33.42817306518555,4.2290449142456055,0.03512951359152794
2031-09-23,,37.61969757080078,33.428401947021484,4.156898498535156,0.034396570175886154
2031-09-24,,37.54298400878906,33.42863082885742,4.078100204467773,0.03625147417187691
2031-09-25,,37.12261199951172,33.428863525390625,3.992023468017578,-0.29827752709388733
2031-09-26,,37.36284637451172,33.42909622192383,3.8981006145477295,0.0356491394340992
2031-09-27,,37.34785079956055,33.429325103759766,3.795825242996216,0.1226998120546341
2031-09-28,,37.148468017578125,33.42955780029297,3.6847586631774902,0.03415101766586304
2031-09-29,,37.029449462890625,33.429786682128906,3.5645320415496826,0.03512951359152794
2031-09-30,,36.899269104003906,33.43001937866211,3.4348537921905518,0.034396570175886154
2031-10-01,,36.76200866699219,33.43024826049805,3.295509099960327,0.03625147417187691
2031-10-02,,36.278568267822266,33.43048095703125,3.146364450454712,-0.29827752709388733
2031-10-03,,36.45372772216797,33.43070983886719,2.9873673915863037,0.0356491394340992
2031-10-04,,36.372188568115234,33.43094253540039,2.818549394607544,0.1226998120546341
2031-10-05,,36.1053466796875,33.43117141723633,2.640022039413452,0.03415101766586304
2031-10-06,,35.918514251708984,33.43140411376953,2.451979875564575,0.03512951359152794
2031-10-07,,35.72072982788086,33.43163299560547,2.254697322845459,0.034396570175886154
2031-10-08,,35.516639709472656,33.43186569213867,2.048525094985962,0.03625147417187691
2031-10-09,,34.96771240234375,33.432098388671875,1.8338907957077026,-0.29827752709388733
2031-10-10,,35.07926559448242,33.43232727050781,1.6112900972366333,0.0356491394340992
2031-10-11,,34.93654251098633,33.432559967041016,1.3812859058380127,0.1226998120546341
2031-10-12,,34.61144256591797,33.43278884887695,1.144501805305481,0.03415101766586304
2031-10-13,,34.36977005004883,33.433021545410156,0.9016194343566895,0.03512951359152794
2031-10-14,,34.12101364135742,33.433250427246094,0.6533665060997009,0.034396570175886154
2031-10-15,,33.8702507019043,33.4334831237793,0.40051770210266113,0.03625147417187691
2031-10-16,,33.27931594848633,33.433712005615234,0.143882617354393,-0.29827752709388733
2031-10-17,,33.3538932800293,33.43394470214844,-0.11569971591234207,0.0356491394340992
2031-10-18,,33.179508209228516,33.434173583984375,-0.37736594676971436,0.1226998120546341
2031-10-19,,32.82831573486328,33.43440628051758,-0.6402396559715271,0.03415101766586304
2031-10-20,,32.56632995605469,33.43463897705078,-0.9034363031387329,0.03512951359152794
2031-10-21,,32.30319595336914,33.43486785888672,-1.166068196296692,0.034396570175886154
2031-10-22,,32.044090270996094,33.435096740722656,-1.4272592067718506,0.03625147417187691
2031-10-23,,31.450908660888672,33.43532943725586,-1.686143398284912,-0.29827752709388733
2031-10-24,,31.529335021972656,33.43556213378906,-1.9418772459030151,0.0356491394340992
2031-10-25,,31.364845275878906,33.435791015625,-2.1936452388763428,0.1226998120546341
2031-10-26,,31.02950668334961,33.43601989746094,-2.4406659603118896,0.03415101766586304
2031-10-27,,30.7891845703125,33.43625259399414,-2.6821959018707275,0.03512951359152794
2031-10-28,,30.553340911865234,33.436485290527344,-2.9175381660461426,0.034396570175886154
2031-10-29,,30.326919555664062,33.43671417236328,-3.1460464000701904,0.03625147417187691
2031-10-30,,29.771541595458984,33.436946868896484,-3.36712646484375,-0.29827752709388733
2031-10-31,,29.892581939697266,33.43717956542969,-3.5802459716796875,0.0356491394340992
2031-11-01,,29.775177001953125,33.437408447265625,-3.7849295139312744,0.1226998120546341
2031-11-02,,29.49102020263672,33.43763732910156,-3.9807698726654053,0.03415101766586304
2031-11-03,,29.30557632446289,33.437870025634766,-4.167422294616699,0.03512951359152794
2031-11-04,,29.127887725830078,33.43810272216797,-4.344611644744873,0.034396570175886154
2031-11-05,,28.96245574951172,33.438331604003906,-4.512127876281738,0.03625147417187691
2031-11-06,,28.470455169677734,33.438560485839844,-4.669830799102783,-0.29827752709388733
2031-11-07,,28.656795501708984,33.43879318237305,-4.817644119262695,0.0356491394340992
2031-11-08,,28.60616683959961,33.43902587890625,-4.955559253692627,0.1226998120546341
2031-11-09,,28.389774322509766,33.43925476074219,-5.083632469177246,0.03415101766586304
2031-11-10,,28.272640228271484,33.439483642578125,-5.201975345611572,0.03512951359152794
2031-11-11,,28.16335105895996,33.43971633911133,-5.310763359069824,0.034396570175886154
2031-11-12,,28.06597900390625,33.43994903564453,-5.410221576690674,0.03625147417187691
2031-11-13,,27.64126968383789,33.44017791748047,-5.500632286071777,-0.29827752709388733
2031-11-14,,27.89374351501465,33.440406799316406,-5.582314491271973,0.0356491394340992
2031-11-15,,27.907705307006836,33.44063949584961,-5.655636310577393,0.1226998120546341
2031-11-16,,27.754024505615234,33.44087219238281,-5.720997333526611,0.03415101766586304
2031-11-17,,27.697399139404297,33.44110107421875,-5.77883243560791,0.03512951359152794
2031-11-18,,27.64613151550293,33.44133377075195,-5.829597473144531,0.034396570175886154
2031-11-19,,27.604042053222656,33.441566467285156,-5.873773574829102,0.03625147417187691
2031-11-20,,27.23166275024414,33.441795349121094,-5.9118547439575195,-0.29827752709388733
2031-11-21,,27.53333282470703,33.44202423095703,-5.944340705871582,0.0356491394340992
2031-11-22,,27.593215942382812,33.442256927490234,-5.971741199493408,0.1226998120546341
2031-11-23,,27.482074737548828,33.44248962402344,-5.994563579559326,0.03415101766586304
2031-11-24,,27.464542388916016,33.442718505859375,-6.013305187225342,0.03512951359152794
2031-11-25,,27.448890686035156,33.44294738769531,-6.028454303741455,0.034396570175886154
2031-11-26,,27.438949584960938,33.443180084228516,-6.040482997894287,0.03625147417187691
2031-11-27,,27.095287322998047,33.44341278076172,-6.04984712600708,-0.29827752709388733
2031-11-28,,27.422317504882812,33.443641662597656,-6.056974411010742,0.0356491394340992
2031-11-29,,27.50430679321289,33.443870544433594,-6.062265396118164,0.1226998120546341
2031-11-30,,27.412158966064453,33.4441032409668,-6.066096782684326,0.03415101766586304
2031-12-01,,27.410659790039062,33.4443359375,-6.06880521774292,0.03512951359152794
2031-12-02,,27.40826416015625,33.44456481933594,-6.07069730758667,0.034396570175886154
2031-12-03,,27.409008026123047,33.44479751586914,-6.072040557861328,0.03625147417187691
2031-12-04,,27.073680877685547,33.44502639770508,-6.073070049285889,-0.29827752709388733
2031-12-05,,27.40692710876465,33.44525909423828,-6.073980331420898,0.0356491394340992
2031-12-06,,27.49325942993164,33.44548797607422,-6.074930191040039,0.1226998120546341
2031-12-07,,27.40383529663086,33.44572067260742,-6.076038360595703,0.03415101766586304
2031-12-08,,27.403690338134766,33.445953369140625,-6.077390670776367,0.03512951359152794
2031-12-09,,27.401538848876953,33.44618225097656,-6.079039573669434,0.034396570175886154
2031-12-10,,27.40166473388672,33.4464111328125,-6.080999374389648,0.03625147417187691
2031-12-11,,27.065109252929688,33.4466438293457,-6.083257675170898,-0.29827752709388733
2031-12-12,,27.396747589111328,33.446876525878906,-6.085775852203369,0.0356491394340992
2031-12-13,,27.481319427490234,33.447105407714844,-6.088487148284912,0.1226998120546341
2031-12-14,,27.390186309814453,33.44733810424805,-6.091302394866943,0.03415101766586304
2031-12-15,,27.38858413696289,33.447566986083984,-6.094115257263184,0.03512951359152794
2031-12-16,,27.38538932800293,33.44779968261719,-6.096805095672607,0.034396570175886154
2031-12-17,,27.38504409790039,33.448028564453125,-6.09923791885376,0.03625147417187691
2031-12-18,,27.0487117767334,33.44826126098633,-6.101272106170654,-0.29827752709388733
2031-12-19,,27.381378173828125,33.448490142822266,-6.102763652801514,0.0356491394340992
2031-12-20,,27.467853546142578,33.44872283935547,-6.103568077087402,0.1226998120546341
2031-12-21,,27.379566192626953,33.44895553588867,-6.103539943695068,0.03415101766586304
2031-12-22,,27.38176727294922,33.44918441772461,-6.102546691894531,0.03512951359152794
2031-12-23,,27.38334846496582,33.44941329956055,-6.100462913513184,0.034396570175886154
2031-12-24,,27.388721466064453,33.44964599609375,-6.097175121307373,0.03625147417187691
2031-12-25,,27.059009552001953,33.44987869262695,-6.092588901519775,-0.29827752709388733
2031-12-26,,27.399133682250977,33.45010757446289,-6.086623668670654,0.0356491394340992
2031-12-27,,27.49381446838379,33.450340270996094,-6.079224109649658,0.1226998120546341
2031-12-28,,27.414363861083984,33.45056915283203,-6.0703558921813965,0.03415101766586304
2031-12-29,,27.42592430114746,33.450801849365234,-6.060006141662598,0.03512951359152794
2031-12-30,,27.437236785888672,33.45103073120117,-6.048190593719482,0.034396570175886154
2031-12-31,,27.45256233215332,33.451263427734375,-6.034951210021973,0.03625147417187691
2032-01-01,,27.13286781311035,33.45149612426758,-6.020349502563477,-0.29827752709388733
2032-01-02,,27.482898712158203,33.451725006103516,-6.004477024078369,0.0356491394340992
2032-01-03,,27.587202072143555,33.45195388793945,-5.987452030181885,0.1226998120546341
2032-01-04,,27.516921997070312,33.452186584472656,-5.9694132804870605,0.03415101766586304
2032-01-05,,27.537025451660156,33.45241928100586,-5.950523376464844,0.03512951359152794
2032-01-06,,27.556079864501953,33.4526481628418,-5.930965423583984,0.034396570175886154
2032-01-07,,27.578189849853516,33.452877044677734,-5.910940647125244,0.03625147417187691
2032-01-08,,27.264163970947266,33.45310974121094,-5.890666484832764,-0.29827752709388733
2032-01-09,,27.61861801147461,33.45334243774414,-5.870372772216797,0.0356491394340992
2032-01-10,,27.725969314575195,33.45357131958008,-5.850302219390869,0.1226998120546341
2032-01-11,,27.65725326538086,33.453800201416016,-5.8306989669799805,0.03415101766586304
2032-01-12,,27.677349090576172,33.45403289794922,-5.811816215515137,0.03512951359152794
2032-01-13,,27.69475555419922,33.45426559448242,-5.7939043045043945,0.034396570175886154
2032-01-14,,27.713537216186523,33.45449447631836,-5.777209281921387,0.03625147417187691
2032-01-15,,27.39447784423828,33.45472717285156,-5.761969566345215,-0.29827752709388733
2032-01-16,,27.742191314697266,33.4549560546875,-5.748414993286133,0.0356491394340992
2032-01-17,,27.841129302978516,33.4551887512207,-5.736758708953857,0.1226998120546341
2032-01-18,,27.762374877929688,33.45541763305664,-5.727194786071777,0.03415101766586304
2032-01-19,,27.77088165283203,33.455650329589844,-5.719897747039795,0.03512951359152794
2032-01-20,,27.7752628326416,33.45588302612305,-5.715015888214111,0.034396570175886154
2032-01-21,,27.77968978881836,33.456111907958984,-5.712674617767334,0.03625147417187691
2032-01-22,,27.44510269165039,33.45634078979492,-5.712963104248047,-0.29827752709388733
2032-01-23,,27.776281356811523,33.456573486328125,-5.7159423828125,0.0356491394340992
2032-01-24,,27.857864379882812,33.45680618286133,-5.721640586853027,0.1226998120546341
2032-01-25,,27.761137008666992,33.457035064697266,-5.730049133300781,0.03415101766586304
2032-01-26,,27.751270294189453,33.4572639465332,-5.741123676300049,0.03512951359152794
2032-01-27,,27.737112045288086,33.457496643066406,-5.754782199859619,0.034396570175886154
2032-01-28,,27.723072052001953,33.45772933959961,-5.770908832550049,0.03625147417187691
2032-01-29,,27.370332717895508,33.45795822143555,-5.789348125457764,-0.29827752709388733
2032-01-30,,27.683921813964844,33.458187103271484,-5.809915065765381,0.0356491394340992
2032-01-31,,27.74873924255371,33.45841979980469,-5.832382678985596,0.1226998120546341
2032-02-01,,27.636302947998047,33.45865249633789,-5.856500148773193,0.03415101766586304
2032-02-02,,27.612030029296875,33.45888137817383,-5.8819804191589355,0.03512951359152794
2032-02-03,,27.584997177124023,33.45911407470703,-5.908514022827148,0.034396570175886154
2032-02-04,,27.559833526611328,33.45934295654297,-5.935763835906982,0.03625147417187691
2032-02-05,,27.197921752929688,33.45957565307617,-5.963375568389893,-0.29827752709388733
2032-02-06,,27.50447654724121,33.45980453491211,-5.990978240966797,0.0356491394340992
2032-02-07,,27.564556121826172,33.46003723144531,-6.01818323135376,0.1226998120546341
2032-02-08,,27.449817657470703,33.460269927978516,-6.044600486755371,0.03415101766586304
2032-02-09,,27.425796508789062,33.46049880981445,-6.069833755493164,0.03512951359152794
2032-02-10,,27.401641845703125,33.46072769165039,-6.0934834480285645,0.034396570175886154
2032-02-11,,27.382049560546875,33.460960388183594,-6.115163326263428,0.03625147417187691
2032-02-12,,27.028419494628906,33.4611930847168,-6.134494304656982,-0.29827752709388733
2032-02-13,,27.345958709716797,33.461421966552734,-6.1511125564575195,0.0356491394340992
2032-02-14,,27.419681549072266,33.46165466308594,-6.164672374725342,0.1226998120546341
2032-02-15,,27.321176528930664,33.461883544921875,-6.174858570098877,0.03415101766586304
2032-02-16,,27.31586456298828,33.46211624145508,-6.181380271911621,0.03512951359152794
2032-02-17,,27.31275749206543,33.462345123291016,-6.183983325958252,0.034396570175886154
2032-02-18,,27.316381454467773,33.46257781982422,-6.182448387145996,0.03625147417187691
2032-02-19,,26.987932205200195,33.462806701660156,-6.176598072052002,-0.29827752709388733
2032-02-20,,27.33238983154297,33.46303939819336,-6.166297435760498,0.0356491394340992
2032-02-21,,27.43450927734375,33.4632682800293,-6.15146017074585,0.1226998120546341
2032-02-22,,27.365604400634766,33.4635009765625,-6.132046699523926,0.03415101766586304
2032-02-23,,27.390789031982422,33.46372985839844,-6.1080708503723145,0.03512951359152794
2032-02-24,,27.418764114379883,33.46396255493164,-6.079594612121582,0.034396570175886154
2032-02-25,,27.453712463378906,33.464195251464844,-6.046732425689697,0.03625147417187691
2032-02-26,,27.156496047973633,33.46442413330078,-6.009650707244873,-0.29827752709388733
2032-02-27,,27.531734466552734,33.464656829833984,-5.968570232391357,0.0356491394340992
2032-02-28,,27.663829803466797,33.46488571166992,-5.9237565994262695,0.1226998120546341
2032-02-29,,27.62374496459961,33.465118408203125,-5.875524520874023,0.03415101766586304
2032-03-01,,27.676239013671875,33.46534729003906,-5.824238300323486,0.03512951359152794
2032-03-02,,27.72967529296875,33.465579986572266,-5.770299911499023,0.034396570175886154
2032-03-03,,27.787912368774414,33.4658088684082,-5.714148998260498,0.03625147417187691
2032-03-04,,27.511497497558594,33.466041564941406,-5.656264781951904,-0.29827752709388733
2032-03-05,,27.904766082763672,33.466270446777344,-5.597153663635254,0.0356491394340992
2032-03-06,,28.05185890197754,33.46650314331055,-5.537343502044678,0.1226998120546341
2032-03-07,,28.02349853515625,33.46673583984375,-5.4773850440979,0.03415101766586304
2032-03-08,,28.08425521850586,33.46696472167969,-5.41784143447876,0.03512951359152794
2032-03-09,,28.142311096191406,33.467193603515625,-5.35928201675415,0.034396570175886154
2032-03-10,,28.201400756835938,33.46742630004883,-5.3022780418396,0.03625147417187691
2032-03-11,,27.9219913482666,33.46765899658203,-5.247389316558838,-0.29827752709388733
2032-03-12,,28.308368682861328,33.46788787841797,-5.195167541503906,0.0356491394340992
2032-03-13,,28.44467544555664,33.468116760253906,-5.146143913269043,0.1226998120546341
2032-03-14,,28.401676177978516,33.46834945678711,-5.100822448730469,0.03415101766586304
2032-03-15,,28.44403839111328,33.46858215332031,-5.059671878814697,0.03512951359152794
2032-03-16,,28.480083465576172,33.46881103515625,-5.0231242179870605,0.034396570175886154
2032-03-17,,28.513729095458984,33.46904373168945,-4.99156379699707,0.03625147417187691
2032-03-18,,28.205673217773438,33.46927261352539,-4.965322494506836,-0.29827752709388733
2032-03-19,,28.560474395751953,33.469505310058594,-4.944677352905273,0.0356491394340992
2032-03-20,,28.66259765625,33.46973419189453,-4.929839134216309,0.1226998120546341
2032-03-21,,28.583160400390625,33.469966888427734,-4.92095422744751,0.03415101766586304
2032-03-22,,28.587230682373047,33.47019958496094,-4.918098449707031,0.03512951359152794
2032-03-23,,28.583553314208984,33.470428466796875,-4.921272277832031,0.034396570175886154
2032-03-24,,28.576515197753906,33.47065734863281,-4.93039608001709,0.03625147417187691
2032-03-25,,28.227294921875,33.470890045166016,-4.945318222045898,-0.29827752709388733
2032-03-26,,28.540973663330078,33.47112274169922,-4.965798854827881,0.0356491394340992
2032-03-27,,28.602527618408203,33.471351623535156,-4.991523265838623,0.1226998120546341
2032-03-28,,28.483638763427734,33.471580505371094,-5.022093772888184,0.03415101766586304
2032-03-29,,28.449909210205078,33.4718132019043,-5.057035446166992,0.03512951359152794
2032-03-30,,28.410648345947266,33.4720458984375,-5.0957932472229,0.034396570175886154
2032-03-31,,28.370784759521484,33.47227478027344,-5.137739658355713,0.03625147417187691
2032-04-01,,27.99205207824707,33.472503662109375,-5.182176113128662,-0.29827752709388733
2032-04-02,,28.280052185058594,33.47273635864258,-5.228335380554199,0.0356491394340992
2032-04-03,,28.32027816772461,33.47296905517578,-5.275390625,0.1226998120546341
2032-04-04,,28.184890747070312,33.47319793701172,-5.3224592208862305,0.03415101766586304
2032-04-05,,28.139951705932617,33.47343063354492,-5.368606090545654,0.03512951359152794
2032-04-06,,28.09520149230957,33.47365951538086,-5.4128570556640625,0.034396570175886154
2032-04-07,,28.05594253540039,33.47389221191406,-5.454200267791748,0.03625147417187691
2032-04-08,,27.684246063232422,33.47412109375,-5.491598129272461,-0.29827752709388733
2032-04-09,,27.98600959777832,33.4743537902832,-5.523994445800781,0.0356491394340992
2032-04-10,,28.04696273803711,33.474586486816406,-5.55032205581665,0.1226998120546341
2032-04-11,,27.939453125,33.474815368652344,-5.569513320922852,0.03415101766586304
2032-04-12,,27.929664611816406,33.47504425048828,-5.580509662628174,0.03512951359152794
2032-04-13,,27.927406311035156,33.475276947021484,-5.582268714904785,0.034396570175886154
2032-04-14,,27.937984466552734,33.47550964355469,-5.573776721954346,0.03625147417187691
2032-04-15,,27.62340545654297,33.475738525390625,-5.554055690765381,-0.29827752709388733
2032-04-16,,27.98944854736328,33.47596740722656,-5.522170066833496,0.0356491394340992
2032-04-17,,28.121662139892578,33.476200103759766,-5.477241039276123,0.1226998120546341
2032-04-18,,28.092132568359375,33.47643280029297,-5.418450832366943,0.03415101766586304
2032-04-19,,28.166736602783203,33.476661682128906,-5.34505558013916,0.03512951359152794
2032-04-20,,28.25490951538086,33.47689437866211,-5.256382465362549,0.034396570175886154
2032-04-21,,28.361526489257812,33.47712326049805,-5.151849269866943,0.03625147417187691
2032-04-22,,28.148117065429688,33.47735595703125,-5.030961990356445,-0.29827752709388733
2032-04-23,,28.61990737915039,33.47758483886719,-4.893326759338379,0.0356491394340992
2032-04-24,,28.86186981201172,33.47781753540039,-4.7386474609375,0.1226998120546341
2032-04-25,,28.945465087890625,33.47804641723633,-4.566734790802002,0.03415101766586304
2032-04-26,,29.13589859008789,33.47827911376953,-4.377508640289307,0.03512951359152794
2032-04-27,,29.341907501220703,33.47850799560547,-4.170999526977539,0.034396570175886154
2032-04-28,,29.567642211914062,33.47874069213867,-3.9473509788513184,0.03625147417187691
2032-04-29,,29.473876953125,33.478973388671875,-3.706817150115967,-0.29827752709388733
2032-04-30,,30.065086364746094,33.47920227050781,-3.4497666358947754,0.0356491394340992
2032-05-01,,30.425457000732422,33.479434967041016,-3.1766767501831055,0.1226998120546341
2032-05-02,,30.625682830810547,33.47966384887695,-2.8881332874298096,0.03415101766586304
2032-05-03,,30.930198669433594,33.479896545410156,-2.5848264694213867,0.03512951359152794
2032-05-04,,31.24697494506836,33.480125427246094,-2.2675464153289795,0.034396570175886154
2032-05-05,,31.579429626464844,33.4803581237793,-1.9371795654296875,0.03625147417187691
2032-05-06,,31.58761215209961,33.480587005615234,-1.5946991443634033,-0.29827752709388733
2032-05-07,,32.275306701660156,33.48081970214844,-1.2411611080169678,0.0356491394340992
2032-05-08,,32.726051330566406,33.481048583984375,-0.8776968717575073,0.1226998120546341
2032-05-09,,33.00992965698242,33.48128128051758,-0.5055034160614014,0.03415101766586304
2032-05-10,,33.390804290771484,33.481510162353516,-0.12583471834659576,0.03512951359152794
2032-05-11,,33.776145935058594,33.48174285888672,0.2600058317184448,0.034396570175886154
2032-05-12,,34.16890335083008,33.48197555541992,0.6506776213645935,0.03625147417187691
2032-05-13,,34.228736877441406,33.48220443725586,1.0448089838027954,-0.29827752709388733
2032-05-14,,34.95909881591797,33.4824333190918,1.4410139322280884,0.0356491394340992
2032-05-15,,35.443260192871094,33.482666015625,1.8378958702087402,0.1226998120546341
2032-05-16,,35.7511100769043,33.4828987121582,2.2340614795684814,0.03415101766586304
2032-05-17,,36.14638900756836,33.48312759399414,2.6281309127807617,0.03512951359152794
2032-05-18,,36.536502838134766,33.483360290527344,3.018747568130493,0.034396570175886154
2032-05-19,,36.9244270324707,33.48358917236328,3.4045867919921875,0.03625147417187691
2032-05-20,,36.969913482666016,33.483821868896484,3.7843706607818604,-0.29827752709388733
2032-05-21,,37.676570892333984,33.48405075073242,4.1568708419799805,0.0356491394340992
2032-05-22,,38.127906799316406,33.484283447265625,4.5209221839904785,0.1226998120546341
2032-05-23,,38.39409255981445,33.48451614379883,4.87542724609375,0.03415101766586304
2032-05-24,,38.73924255371094,33.484745025634766,5.219369411468506,0.03512951359152794
2032-05-25,,39.07118606567383,33.4849739074707,5.551812648773193,0.034396570175886154
2032-05-26,,39.39337158203125,33.485206604003906,5.871915340423584,0.03625147417187691
2032-05-27,,39.366085052490234,33.48543930053711,6.178925037384033,-0.29827752709388733
2032-05-28,,39.99351501464844,33.48566818237305,6.47219705581665,0.0356491394340992
2032-05-29,,40.35978698730469,33.485897064208984,6.751187324523926,0.1226998120546341
2032-05-30,,40.535736083984375,33.48612976074219,7.015456199645996,0.03415101766586304
2032-05-31,,40.78616714477539,33.48636245727539,7.264674663543701,0.03512951359152794
2032-06-01,,41.01961135864258,33.48659133911133,7.498620986938477,0.034396570175886154
2032-06-02,,41.240257263183594,33.486820220947266,7.717182159423828,0.03625147417187691
2032-06-03,,41.109127044677734,33.48705291748047,7.920350551605225,-0.29827752709388733
2032-06-04,,41.631160736083984,33.48728561401367,8.108227729797363,0.0356491394340992
2032-06-05,,41.8912239074707,33.48751449584961,8.281009674072266,0.1226998120546341
2032-06-06,,41.96089172363281,33.48774719238281,8.438994407653809,0.03415101766586304
2032-06-07,,42.105682373046875,33.487979888916016,8.582573890686035,0.03512951359152794
2032-06-08,,42.23482894897461,33.48820877075195,8.712224960327148,0.034396570175886154
2032-06-09,,42.353187561035156,33.48843765258789,8.828499794006348,0.03625147417187691
2032-06-10,,42.1224250793457,33.488670349121094,8.932032585144043,-0.29827752709388733
2032-06-11,,42.548072814941406,33.4889030456543,9.02352237701416,0.0356491394340992
2032-06-12,,42.715545654296875,33.489131927490234,9.103716850280762,0.1226998120546341
2032-06-13,,42.69693374633789,33.48936080932617,9.173421859741211,0.03415101766586304
2032-06-14,,42.758201599121094,33.489593505859375,9.233479499816895,0.03512951359152794
2032-06-15,,42.808982849121094,33.48982620239258,9.284761428833008,0.034396570175886154
2032-06-16,,42.85447311401367,33.490055084228516,9.328165054321289,0.03625147417187691
2032-06-17,,42.556602478027344,33.49028396606445,9.364594459533691,-0.29827752709388733
2032-06-18,,42.92112731933594,33.490516662597656,9.394960403442383,0.0356491394340992
2032-06-19,,43.03361129760742,33.49074935913086,9.420162200927734,0.1226998120546341
2032-06-20,,42.96622085571289,33.4909782409668,9.441088676452637,0.03415101766586304
2032-06-21,,42.98493957519531,33.491207122802734,9.458600997924805,0.03512951359152794
2032-06-22,,42.999366760253906,33.49143981933594,9.473527908325195,0.034396570175886154
2032-06-23,,43.01457595825195,33.49167251586914,9.486654281616211,0.03625147417187691
2032-06-24,,42.692344665527344,33.49190139770508,9.4987211227417,-0.29827752709388733
2032-06-25,,43.0381965637207,33.49213409423828,9.510412216186523,0.0356491394340992
2032-06-26,,43.137413024902344,33.492366790771484,9.52234935760498,0.1226998120546341
2032-06-27,,43.061832427978516,33.49259567260742,9.535087585449219,0.03415101766586304
2032-06-28,,43.077064514160156,33.49282455444336,9.54910945892334,0.03512951359152794
2032-06-29,,43.092281341552734,33.49305725097656,9.564825057983398,0.034396570175886154
2032-06-30,,43.11210250854492,33.493289947509766,9.582564353942871,0.03625147417187691
2032-07-01,,42.797821044921875,33.4935188293457,9.602577209472656,-0.29827752709388733
2032-07-02,,43.15442657470703,33.49374771118164,9.625029563903809,0.0356491394340992
2032-07-03,,43.26668930053711,33.493980407714844,9.650008201599121,0.1226998120546341
2032-07-04,,43.20588302612305,33.49421310424805,9.677520751953125,0.03415101766586304
2032-07-05,,43.237056732177734,33.494441986083984,9.707487106323242,0.03512951359152794
2032-07-06,,43.268829345703125,33.49467468261719,9.739758491516113,0.034396570175886154
2032-07-07,,43.30526351928711,33.494903564453125,9.774106979370117,0.03625147417187691
2032-07-08,,43.00708770751953,33.49513626098633,9.81023120880127,-0.29827752709388733
2032-07-09,,43.3787841796875,33.495365142822266,9.847769737243652,0.0356491394340992
2032-07-10,,43.50459289550781,33.49559783935547,9.886295318603516,0.1226998120546341
2032-07-11,,43.45531463623047,33.495826721191406,9.925333023071289,0.03415101766586304
2032-07-12,,43.49553680419922,33.49605941772461,9.964350700378418,0.03512951359152794
2032-07-13,,43.53346252441406,33.49628829956055,10.002779006958008,0.034396570175886154
2032-07-14,,43.57278823852539,33.49652099609375,10.040014266967773,0.03625147417187691
2032-07-15,,43.27390670776367,33.49675369262695,10.075432777404785,-0.29827752709388733
2032-07-16,,43.64101028442383,33.49698257446289,10.108379364013672,0.0356491394340992
2032-07-17,,43.758113861083984,33.497215270996094,10.138199806213379,0.1226998120546341
2032-07-18,,43.695831298828125,33.49744415283203,10.16423511505127,0.03415101766586304
2032-07-19,,43.71863555908203,33.497676849365234,10.185831069946289,0.03512951359152794
2032-07-20,,43.73465347290039,33.49790573120117,10.202350616455078,0.034396570175886154
2032-07-21,,43.747562408447266,33.498138427734375,10.213174819946289,0.03625147417187691
2032-07-22,,43.417808532714844,33.49836730957031,10.217716217041016,-0.29827752709388733
2032-07-23,,43.74967575073242,33.498600006103516,10.215426445007324,0.0356491394340992
2032-07-24,,43.82733154296875,33.49882888793945,10.205801963806152,0.1226998120546341
2032-07-25,,43.721595764160156,33.499061584472656,10.188383102416992,0.03415101766586304
2032-07-26,,43.69718933105469,33.499290466308594,10.162771224975586,0.03512951359152794
2032-07-27,,43.66254806518555,33.4995231628418,10.128628730773926,0.034396570175886154
2032-07-28,,43.62168884277344,33.499755859375,10.085683822631836,0.03625147417187691
2032-07-29,,43.23543930053711,33.49998474121094,10.033731460571289,-0.29827752709388733
2032-07-30,,43.508506774902344,33.500213623046875,9.972640991210938,0.0356491394340992
2032-07-31,,43.5255012512207,33.50044631958008,9.902355194091797,0.1226998120546341
2032-08-01,,43.35771942138672,33.50067901611328,9.822891235351562,0.03415101766586304
2032-08-02,,43.2703857421875,33.50090789794922,9.734349250793457,0.03512951359152794
2032-08-03,,43.17243576049805,33.50114059448242,9.6368989944458,0.034396570175886154
2032-08-04,,43.06840515136719,33.50136947631836,9.53078556060791,0.03625147417187691
2032-08-05,,42.619651794433594,33.50160217285156,9.416327476501465,-0.29827752709388733
2032-08-06,,42.831398010253906,33.5018310546875,9.293915748596191,0.0356491394340992
2032-08-07,,42.78877258300781,33.5020637512207,9.164009094238281,0.1226998120546341
2032-08-08,,42.563568115234375,33.502296447753906,9.02712345123291,0.03415101766586304
2032-08-09,,42.42149353027344,33.502525329589844,8.883838653564453,0.03512951359152794
2032-08-10,,42.27193069458008,33.50275421142578,8.73477840423584,0.034396570175886154
2032-08-11,,42.1198616027832,33.502986907958984,8.580622673034668,0.03625147417187691
2032-08-12,,41.62702178955078,33.50321960449219,8.422082901000977,-0.29827752709388733
2032-08-13,,41.79900360107422,33.503448486328125,8.259906768798828,0.0356491394340992
2032-08-14,,41.72124099731445,33.50367736816406,8.094864845275879,0.1226998120546341
2032-08-15,,41.46580505371094,33.503910064697266,7.927746772766113,0.03415101766586304
2032-08-16,,41.298622131347656,33.50414276123047,7.759349822998047,0.03512951359152794
2032-08-17,,41.129241943359375,33.504371643066406,7.590476036071777,0.034396570175886154
2032-08-18,,40.9627685546875,33.504600524902344,7.421915531158447,0.03625147417187691
2032-08-19,,40.46100616455078,33.50483322143555,7.254447937011719,-0.29827752709388733
2032-08-20,,40.629539489746094,33.50506591796875,7.088827133178711,0.0356491394340992
2032-08-21,,40.553775787353516,33.50529479980469,6.925778865814209,0.1226998120546341
2032-08-22,,40.305667877197266,33.50552749633789,6.765991687774658,0.03415101766586304
2032-08-23,,40.15099334716797,33.50575637817383,6.610108375549316,0.03512951359152794
2032-08-24,,39.999107360839844,33.50598907470703,6.45872163772583,0.034396570175886154
2032-08-25,,39.854835510253906,33.50621795654297,6.312365531921387,0.03625147417187691
2032-08-26,,39.37968063354492,33.50645065307617,6.171511173248291,-0.29827752709388733
2032-08-27,,39.578895568847656,33.506683349609375,6.036563873291016,0.0356491394340992
2032-08-28,,39.53746795654297,33.50691223144531,5.907855033874512,0.1226998120546341
2032-08-29,,39.326934814453125,33.50714111328125,5.785641670227051,0.03415101766586304
2032-08-30,,39.212608337402344,33.50737380981445,5.670104503631592,0.03512951359152794
2032-08-31,,39.10334777832031,33.507606506347656,5.561344146728516,0.034396570175886154
2032-09-01,,39.00345993041992,33.507835388183594,5.459374904632568,0.03625147417187691
2032-09-02,,38.57392501831055,33.50806427001953,5.364136695861816,-0.29827752709388733
2032-09-03,,38.81943130493164,33.508296966552734,5.275484561920166,0.0356491394340992
2032-09-04,,38.82442092895508,33.50852966308594,5.193195343017578,0.1226998120546341
2032-09-05,,38.65987777709961,33.508758544921875,5.116966724395752,0.03415101766586304
2032-09-06,,38.59054183959961,33.50898742675781,5.046425819396973,0.03512951359152794
2032-09-07,,38.524742126464844,33.509220123291016,4.981124401092529,0.034396570175886154
2032-09-08,,38.46625518798828,33.50945281982422,4.9205498695373535,0.03625147417187691
2032-09-09,,38.075531005859375,33.509681701660156,4.864128112792969,-0.29827752709388733
2032-09-10,,38.35679244995117,33.50991439819336,4.811229228973389,0.0356491394340992
2032-09-11,,38.39401626586914,33.5101432800293,4.761171340942383,0.1226998120546341
2032-09-12,,38.25775909423828,33.5103759765625,4.71323299407959,0.03415101766586304
2032-09-13,,38.21238708496094,33.51060485839844,4.666653156280518,0.03512951359152794
2032-09-14,,38.1658821105957,33.51083755493164,4.6206464767456055,0.034396570175886154
2032-09-15,,38.12172317504883,33.511070251464844,4.574403285980225,0.03625147417187691
2032-09-16,,37.7401237487793,33.51129913330078,4.527101516723633,-0.29827752709388733
2032-09-17,,38.02509689331055,33.51152801513672,4.477917194366455,0.0356491394340992
2032-09-18,,38.06048583984375,33.51176071166992,4.426027297973633,0.1226998120546341
2032-09-19,,37.91676330566406,33.511993408203125,4.3706207275390625,0.03415101766586304
2032-09-20,,37.85825729370117,33.51222229003906,4.310906410217285,0.03512951359152794
2032-09-21,,37.792972564697266,33.512454986572266,4.246120452880859,0.034396570175886154
2032-09-22,,37.72447204589844,33.5126838684082,4.175533771514893,0.03625147417187691
2032-09-23,,37.31309509277344,33.512916564941406,4.098458766937256,-0.29827752709388733
2032-09-24,,37.563053131103516,33.513145446777344,4.014257431030273,0.0356491394340992
2032-09-25,,37.55842590332031,33.51337814331055,3.9223456382751465,0.1226998120546341
2032-09-26,,37.369964599609375,33.513607025146484,3.822202682495117,0.03415101766586304
2032-09-27,,37.2623405456543,33.51383972167969,3.7133705615997314,0.03512951359152794
2032-09-28,,37.14392852783203,33.514068603515625,3.5954649448394775,0.034396570175886154
2032-09-29,,37.01872634887695,33.51430130004883,3.468172311782837,0.03625147417187691
2032-09-30,,36.547515869140625,33.514530181884766,3.3312604427337646,-0.29827752709388733
2032-10-01,,36.7349853515625,33.51476287841797,3.1845734119415283,0.0356491394340992
2032-10-02,,36.66573715209961,33.51499557495117,3.0280404090881348,0.1226998120546341
2032-10-03,,36.41104507446289,33.51522445678711,2.8616695404052734,0.03415101766586304
2032-10-04,,36.236141204833984,33.51545715332031,2.6855545043945312,0.03512951359152794
2032-10-05,,36.049949645996094,33.51568603515625,2.499868869781494,0.034396570175886154
2032-10-06,,35.85703659057617,33.51591873168945,2.304866075515747,0.03625147417187691
2032-10-07,,35.31875228881836,33.51614761352539,2.1008799076080322,-0.29827752709388733
2032-10-08,,35.440345764160156,33.516380310058594,1.8883168697357178,0.0356491394340992
2032-10-09,,35.306968688964844,33.51660919189453,1.667657494544983,0.1226998120546341
2032-10-10,,34.990440368652344,33.516841888427734,1.4394478797912598,0.03415101766586304
2032-10-11,,34.756500244140625,33.51707077026367,1.2042971849441528,0.03512951359152794
2032-10-12,,34.51457214355469,33.517303466796875,0.9628724455833435,0.034396570175886154
2032-10-13,,34.269676208496094,33.51753616333008,0.7158910036087036,0.03625147417187691
2032-10-14,,33.6836051940918,33.517765045166016,0.4641169607639313,-0.29827752709388733
2032-10-15,,33.761993408203125,33.51799392700195,0.20835080742835999,0.0356491394340992
2032-10-16,,33.59035110473633,33.518226623535156,-0.05057432875037193,0.1226998120546341
2032-10-17,,33.240806579589844,33.51845932006836,-0.31180185079574585,0.03415101766586304
2032-10-18,,32.97936248779297,33.5186882019043,-0.5744566321372986,0.03512951359152794
2032-10-19,,32.715660095214844,33.518917083740234,-0.8376551866531372,0.034396570175886154
2032-10-20,,32.45488739013672,33.51914978027344,-1.1005111932754517,0.03625147417187691
2032-10-21,,31.858959197998047,33.51938247680664,-1.362144112586975,-0.29827752709388733
2032-10-22,,31.933574676513672,33.51961135864258,-1.6216846704483032,0.0356491394340992
2032-10-23,,31.764259338378906,33.51984405517578,-1.8782840967178345,0.1226998120546341
2032-10-24,,31.423107147216797,33.52007293701172,-2.1311185359954834,0.03415101766586304
2032-10-25,,31.176036834716797,33.52030563354492,-2.37939715385437,0.03512951359152794
2032-10-26,,30.932567596435547,33.52053451538086,-2.6223671436309814,0.034396570175886154
2032-10-27,,30.697696685791016,33.52076721191406,-2.859318971633911,0.03625147417187691
2032-10-28,,30.133129119873047,33.520999908447266,-3.089592933654785,-0.29827752709388733
2032-10-29,,30.244293212890625,33.5212287902832,-3.3125829696655273,0.0356491394340992
2032-10-30,,30.11642074584961,33.52145767211914,-3.5277388095855713,0.1226998120546341
2032-10-31,,29.821266174316406,33.521690368652344,-3.7345731258392334,0.03415101766586304
2032-11-01,,29.624393463134766,33.52192306518555,-3.9326586723327637,0.03512951359152794
2032-11-02,,29.434913635253906,33.522151947021484,-4.121636867523193,0.034396570175886154
2032-11-03,,29.25741958618164,33.52238082885742,-4.30121374130249,0.03625147417187691
2032-11-04,,28.753173828125,33.522613525390625,-4.471164703369141,-0.29827752709388733
2032-11-05,,28.927165985107422,33.52284622192383,-4.6313300132751465,0.0356491394340992
2032-11-06,,28.864154815673828,33.523075103759766,-4.781620025634766,0.1226998120546341
2032-11-07,,28.635452270507812,33.5233039855957,-4.922006607055664,0.03415101766586304
2032-11-08,,28.50613784790039,33.523536682128906,-5.0525312423706055,0.03512951359152794
2032-11-09,,28.384872436523438,33.52376937866211,-5.173293590545654,0.034396570175886154
2032-11-10,,28.275798797607422,33.52399826049805,-5.284450531005859,0.03625147417187691
2032-11-11,,27.839733123779297,33.52423095703125,-5.3862175941467285,-0.29827752709388733
2032-11-12,,28.081249237060547,33.52445983886719,-5.4788618087768555,0.0356491394340992
2032-11-13,,28.084697723388672,33.52469253540039,-5.562694072723389,0.1226998120546341
2032-11-14,,27.921005249023438,33.52492141723633,-5.638069152832031,0.03415101766586304
2032-11-15,,27.854904174804688,33.52515411376953,-5.705381393432617,0.03512951359152794
2032-11-16,,27.794727325439453,33.525386810302734,-5.765055179595947,0.034396570175886154
2032-11-17,,27.74432373046875,33.52561569213867,-5.8175435066223145,0.03625147417187691
2032-11-18,,27.364246368408203,33.52584457397461,-5.863320827484131,-0.29827752709388733
2032-11-19,,27.658849716186523,33.52607727050781,-5.9028778076171875,0.0356491394340992
2032-11-20,,27.712291717529297,33.526309967041016,-5.936716079711914,0.1226998120546341
2032-11-21,,27.595348358154297,33.52653884887695,-5.965340614318848,0.03415101766586304
2032-11-22,,27.57263946533203,33.52676773071289,-5.989259243011475,0.03512951359152794
2032-11-23,,27.55242347717285,33.527000427246094,-6.008974552154541,0.034396570175886154
2032-11-24,,27.53850746154785,33.5272331237793,-6.0249762535095215,0.03625147417187691
2032-11-25,,27.191442489624023,33.527462005615234,-6.037741661071777,-0.29827752709388733
2032-11-26,,27.515613555908203,33.52769470214844,-6.047731876373291,0.0356491394340992
2032-11-27,,27.595245361328125,33.527923583984375,-6.055379390716553,0.1226998120546341
2032-11-28,,27.50121307373047,33.52815628051758,-6.061093807220459,0.03415101766586304
2032-11-29,,27.49825668334961,33.528385162353516,-6.0652570724487305,0.03512951359152794
2032-11-30,,27.494800567626953,33.52861785888672,-6.0682148933410645,0.034396570175886154
2032-12-01,,27.494815826416016,33.528846740722656,-6.070284366607666,0.03625147417187691
2032-12-02,,27.1590576171875,33.52907943725586,-6.071742534637451,-0.29827752709388733
2032-12-03,,27.49212646484375,33.5293083190918,-6.072831630706787,0.0356491394340992
2032-12-04,,27.578487396240234,33.529541015625,-6.07375431060791,0.1226998120546341
2032-12-05,,27.489240646362305,33.5297737121582,-6.074681758880615,0.03415101766586304
2032-12-06,,27.489391326904297,33.53000259399414,-6.075740814208984,0.03512951359152794
2032-12-07,,27.48760414123535,33.530235290527344,-6.0770263671875,0.034396570175886154
2032-12-08,,27.48811912536621,33.53046417236328,-6.0785980224609375,0.03625147417187691
2032-12-09,,27.15193748474121,33.530696868896484,-6.080480575561523,-0.29827752709388733
2032-12-10,,27.48390769958496,33.53092575073242,-6.082667350769043,0.0356491394340992
2032-12-11,,27.56873321533203,33.531158447265625,-6.085124969482422,0.1226998120546341
2032-12-12,,27.47774314880371,33.53138732910156,-6.087796211242676,0.03415101766586304
2032-12-13,,27.476154327392578,33.531620025634766,-6.0905938148498535,0.03512951359152794
2032-12-14,,27.472827911376953,33.5318489074707,-6.093418598175049,0.034396570175886154
2032-12-15,,27.472183227539062,33.532081604003906,-6.096150875091553,0.03625147417187691
2032-12-16,,27.135372161865234,33.532310485839844,-6.098660945892334,-0.29827752709388733
2032-12-17,,27.467384338378906,33.53254318237305,-6.100808143615723,0.0356491394340992
2032-12-18,,27.55302619934082,33.53277587890625,-6.1024489402771,0.1226998120546341
2032-12-19,,27.46371841430664,33.53300476074219,-6.103438377380371,0.03415101766586304
2032-12-20,,27.464733123779297,33.533233642578125,-6.10363245010376,0.03512951359152794
2032-12-21,,27.464969635009766,33.53346633911133,-6.102893352508545,0.034396570175886154
2032-12-22,,27.468856811523438,33.53369903564453,-6.10109281539917,0.03625147417187691
2032-12-23,,27.137535095214844,33.53392791748047,-6.098116397857666,-0.29827752709388733
2032-12-24,,27.475948333740234,33.53416061401367,-6.093860626220703,0.0356491394340992
2032-12-25,,27.56884002685547,33.53438949584961,-6.088247776031494,0.1226998120546341
2032-12-26,,27.487564086914062,33.53462219238281,-6.081210613250732,0.03415101766586304
2032-12-27,,27.497268676757812,33.53485107421875,-6.072711944580078,0.03512951359152794
2032-12-28,,27.506746292114258,33.53508377075195,-6.062732696533203,0.034396570175886154
2032-12-29,,27.52028465270996,33.535316467285156,-6.0512824058532715,0.03625147417187691
2032-12-30,,27.198875427246094,33.535545349121094,-6.03839111328125,-0.29827752709388733
2032-12-31,,27.54730224609375,33.53577423095703,-6.02412223815918,0.0356491394340992
2033-01-01,,27.650148391723633,33.536006927490234,-6.0085577964782715,0.1226998120546341
2033-01-02,,27.57857894897461,33.53623962402344,-5.9918084144592285,0.03415101766586304
2033-01-03,,27.59758758544922,33.536468505859375,-5.974009990692139,0.03512951359152794
2033-01-04,,27.615779876708984,33.53669738769531,-5.955316066741943,0.034396570175886154
2033-01-05,,27.63727378845215,33.536930084228516,-5.935907363891602,0.03625147417187691
2033-01-06,,27.322904586791992,33.53716278076172,-5.915979385375977,-0.29827752709388733
2033-01-07,,27.677295684814453,33.537391662597656,-5.895745277404785,0.0356491394340992
2033-01-08,,27.78488540649414,33.537620544433594,-5.875436305999756,0.1226998120546341
2033-01-09,,27.716720581054688,33.5378532409668,-5.85528564453125,0.03415101766586304
2033-01-10,,27.7376708984375,33.5380859375,-5.835542678833008,0.03512951359152794
2033-01-11,,27.756256103515625,33.53831481933594,-5.816455841064453,0.034396570175886154
2033-01-12,,27.776519775390625,33.53854751586914,-5.798278331756592,0.03625147417187691
2033-01-13,,27.459245681762695,33.538780212402344,-5.781254768371582,-0.29827752709388733
2033-01-14,,27.80902862548828,33.53900909423828,-5.76563024520874,0.0356491394340992
2033-01-15,,27.91030502319336,33.53923797607422,-5.751634120941162,0.1226998120546341
2033-01-16,,27.834136962890625,33.53947067260742,-5.7394843101501465,0.03415101766586304
2033-01-17,,27.8454532623291,33.539703369140625,-5.729378700256348,0.03512951359152794
2033-01-18,,27.852828979492188,33.53993225097656,-5.721499919891357,0.034396570175886154
2033-01-19,,27.860410690307617,33.5401611328125,-5.716002941131592,0.03625147417187691
2033-01-20,,27.52910041809082,33.5403938293457,-5.713016510009766,-0.29827752709388733
2033-01-21,,27.86363410949707,33.540626525878906,-5.712640285491943,0.0356491394340992
2033-01-22,,27.948612213134766,33.540855407714844,-5.7149434089660645,0.1226998120546341
2033-01-23,,27.855274200439453,33.54108428955078,-5.719961643218994,0.03415101766586304
2033-01-24,,27.8487548828125,33.541316986083984,-5.727694511413574,0.03512951359152794
2033-01-25,,27.83783531188965,33.54154968261719,-5.738109588623047,0.034396570175886154
2033-01-26,,27.826900482177734,33.541778564453125,-5.751131057739258,0.03625147417187691
2033-01-27,,27.47707748413086,33.54200744628906,-5.766654014587402,-0.29827752709388733
2033-01-28,,27.793359756469727,33.542240142822266,-5.784531593322754,0.0356491394340992
2033-01-29,,27.860584259033203,33.54247283935547,-5.804585933685303,0.1226998120546341
2033-01-30,,27.75025177001953,33.542701721191406,-5.826600551605225,0.03415101766586304
2033-01-31,,27.727733612060547,33.54293441772461,-5.850330829620361,0.03512951359152794
2033-02-01,,27.702062606811523,33.54316711425781,-5.875499725341797,0.034396570175886154
2033-02-02,,27.677846908569336,33.54339599609375,-5.90179967880249,0.03625147417187691
2033-02-03,,27.316444396972656,33.54362487792969,-5.928903102874756,-0.29827752709388733
2033-02-04,,27.623048782348633,33.54385757446289,-5.956458568572998,0.0356491394340992
2033-02-05,,27.682689666748047,33.544090270996094,-5.984098434448242,0.1226998120546341
2033-02-06,,27.567028045654297,33.54431915283203,-6.011439800262451,0.03415101766586304
2033-02-07,,27.541587829589844,33.54454803466797,-6.038092613220215,0.03512951359152794
2033-02-08,,27.515520095825195,33.54478073120117,-6.063657283782959,0.034396570175886154
2033-02-09,,27.4935245513916,33.545013427734375,-6.087739944458008,0.03625147417187691
2033-02-10,,27.13701629638672,33.54524230957031,-6.109949588775635,-0.29827752709388733
2033-02-11,,27.451221466064453,33.545475006103516,-6.129902362823486,0.0356491394340992
2033-02-12,,27.521175384521484,33.54570388793945,-6.147230625152588,0.1226998120546341
2033-02-13,,27.418498992919922,33.545936584472656,-6.161587715148926,0.03415101766586304
2033-02-14,,27.408649444580078,33.546165466308594,-6.172645568847656,0.03512951359152794
2033-02-15,,27.40068817138672,33.5463981628418,-6.180108547210693,0.034396570175886154
2033-02-16,,27.399166107177734,33.546627044677734,-6.183714389801025,0.03625147417187691
2033-02-17,,27.065349578857422,33.54685974121094,-6.183230876922607,-0.29827752709388733
2033-02-18,,27.404264450073242,33.547088623046875,-6.178473472595215,0.0356491394340992
2033-02-19,,27.500728607177734,33.54732131958008,-6.169294357299805,0.1226998120546341
2033-02-20,,27.426105499267578,33.54755401611328,-6.155598163604736,0.03415101766586304
2033-02-21,,27.44558334350586,33.54778289794922,-6.1373291015625,0.03512951359152794
2033-02-22,,27.46792221069336,33.54801559448242,-6.114490032196045,0.034396570175886154
2033-02-23,,27.49736785888672,33.54824447631836,-6.087130069732666,0.03625147417187691
2033-02-24,,27.194847106933594,33.54847717285156,-6.055350303649902,-0.29827752709388733
2033-02-25,,27.565048217773438,33.5487060546875,-6.01930570602417,0.0356491394340992
2033-02-26,,27.69243812561035,33.5489387512207,-5.979201316833496,0.1226998120546341
2033-02-27,,27.648025512695312,33.54916763305664,-5.935293197631836,0.03415101766586304
2033-02-28,,27.696643829345703,33.549400329589844,-5.887884616851807,0.03512951359152794
2033-03-01,,27.746702194213867,33.54963302612305,-5.837325572967529,0.034396570175886154
2033-03-02,,27.802104949951172,33.549861907958984,-5.7840094566345215,0.03625147417187691
2033-03-03,,27.52344512939453,33.55009078979492,-5.728369235992432,-0.29827752709388733
2033-03-04,,27.91510009765625,33.550323486328125,-5.670871257781982,0.0356491394340992
2033-03-05,,28.061237335205078,33.55055618286133,-5.6120171546936035,0.1226998120546341
2033-03-06,,28.032604217529297,33.550785064697266,-5.552331447601318,0.03415101766586304
2033-03-07,,28.093786239624023,33.5510139465332,-5.492358684539795,0.03512951359152794
2033-03-08,,28.152984619140625,33.551246643066406,-5.432659149169922,0.034396570175886154
2033-03-09,,28.213932037353516,33.55147933959961,-5.3737993240356445,0.03625147417187691
2033-03-10,,27.93707847595215,33.55170822143555,-5.316352367401123,-0.29827752709388733
2033-03-11,,28.326705932617188,33.55194091796875,-5.260882377624512,0.0356491394340992
2033-03-12,,28.46692657470703,33.55216979980469,-5.207943439483643,0.1226998120546341
2033-03-13,,28.428482055664062,33.55240249633789,-5.158071517944336,0.03415101766586304
2033-03-14,,28.475982666015625,33.55263137817383,-5.11177921295166,0.03512951359152794
2033-03-15,,28.517715454101562,33.55286407470703,-5.069543361663818,0.034396570175886154
2033-03-16,,28.557540893554688,33.553096771240234,-5.031807899475098,0.03625147417187691
2033-03-17,,28.256080627441406,33.55332565307617,-4.998966693878174,-0.29827752709388733
2033-03-18,,28.617835998535156,33.55355453491211,-4.971367359161377,0.0356491394340992
2033-03-19,,28.727184295654297,33.55378723144531,-4.949300765991211,0.1226998120546341
2033-03-20,,28.655174255371094,33.554019927978516,-4.932994365692139,0.03415101766586304
2033-03-21,,28.666767120361328,33.55424880981445,-4.92261266708374,0.03512951359152794
2033-03-22,,28.67062759399414,33.55447769165039,-4.918246746063232,0.034396570175886154
2033-03-23,,28.67104721069336,33.554710388183594,-4.919915676116943,0.03625147417187691
2033-03-24,,28.3291015625,33.5549430847168,-4.9275641441345215,-0.29827752709388733
2033-03-25,,28.649765014648438,33.555171966552734,-4.9410552978515625,0.0356491394340992
2033-03-26,,28.71792984008789,33.55540084838867,-4.9601731300354,0.1226998120546341
2033-03-27,,28.605167388916016,33.555633544921875,-4.984620571136475,0.03415101766586304
2033-03-28,,28.57697296142578,33.55586624145508,-5.014021396636963,0.03512951359152794
2033-03-29,,28.542572021484375,33.556095123291016,-5.047919750213623,0.034396570175886154
2033-03-30,,28.506797790527344,33.55632781982422,-5.085778713226318,0.03625147417187691
2033-03-31,,28.131290435791016,33.556556701660156,-5.1269917488098145,-0.29827752709388733
2033-04-01,,28.42156219482422,33.55678939819336,-5.170874118804932,0.0356491394340992
2033-04-02,,28.46303939819336,33.5570182800293,-5.216678142547607,0.1226998120546341
2033-04-03,,28.327808380126953,33.5572509765625,-5.2635908126831055,0.03415101766586304
2033-04-04,,28.281871795654297,33.5574836730957,-5.3107404708862305,0.03512951359152794
2033-04-05,,28.234901428222656,33.55771255493164,-5.357207775115967,0.034396570175886154
2033-04-06,,28.192167282104492,33.55794143676758,-5.402027130126953,0.03625147417187691
2033-04-07,,27.815704345703125,33.55817413330078,-5.4441938400268555,-0.29827752709388733
2033-04-08,,28.111377716064453,33.558406829833984,-5.4826765060424805,0.0356491394340992
2033-04-09,,28.164913177490234,33.55863571166992,-5.516422748565674,0.1226998120546341
2033-04-10,,28.048648834228516,33.55886459350586,-5.54436731338501,0.03415101766586304
2033-04-11,,28.028785705566406,33.55909729003906,-5.56544303894043,0.03512951359152794
2033-04-12,,28.015140533447266,33.559329986572266,-5.578586101531982,0.034396570175886154
2033-04-13,,28.013057708740234,33.5595588684082,-5.582752227783203,0.03625147417187691
2033-04-14,,27.68459701538086,33.55978775024414,-5.576915740966797,-0.29827752709388733
2033-04-15,,28.035579681396484,33.560020446777344,-5.560091018676758,0.0356491394340992
2033-04-16,,28.151620864868164,33.56025314331055,-5.5313310623168945,0.1226998120546341
2033-04-17,,28.104890823364258,33.560482025146484,-5.489742755889893,0.03415101766586304
2033-04-18,,28.161354064941406,33.56071472167969,-5.43449068069458,0.03512951359152794
2033-04-19,,28.23052978515625,33.560943603515625,-5.364811897277832,0.034396570175886154
2033-04-20,,28.31740951538086,33.56117630004883,-5.28001594543457,0.03625147417187691
2033-04-21,,28.083629608154297,33.561405181884766,-5.179497718811035,-0.29827752709388733
2033-04-22,,28.5345458984375,33.56163787841797,-5.062741756439209,0.0356491394340992
2033-04-23,,28.755245208740234,33.56187057495117,-4.929324150085449,0.1226998120546341
2033-04-24,,28.81732177734375,33.56209945678711,-4.778927326202393,0.03415101766586304
2033-04-25,,28.986125946044922,33.56232833862305,-4.611334323883057,0.03512951359152794
2033-04-26,,29.170520782470703,33.56256103515625,-4.426438808441162,0.034396570175886154
2033-04-27,,29.374801635742188,33.56279373168945,-4.224240779876709,0.03625147417187691
2033-04-28,,29.2598876953125,33.56302261352539,-4.004857540130615,-0.29827752709388733
2033-04-29,,29.830387115478516,33.563255310058594,-3.7685155868530273,0.0356491394340992
2033-04-30,,30.170631408691406,33.56348419189453,-3.5155534744262695,0.1226998120546341
2033-05-01,,30.351444244384766,33.563716888427734,-3.24642276763916,0.03415101766586304
2033-05-02,,30.637393951416016,33.56394577026367,-2.961682081222534,0.03512951359152794
2033-05-03,,30.936580657958984,33.564178466796875,-2.6619958877563477,0.034396570175886154
2033-05-04,,31.252532958984375,33.56440734863281,-2.3481297492980957,0.03625147417187691
2033-05-05,,31.24541473388672,33.564640045166016,-2.020946741104126,-0.29827752709388733
2033-05-06,,31.91912078857422,33.56486892700195,-1.6813985109329224,0.0356491394340992
2033-05-07,,32.35728073120117,33.565101623535156,-1.3305217027664185,0.1226998120546341
2033-05-08,,32.63005447387695,33.565330505371094,-0.9694289565086365,0.03415101766586304
2033-05-09,,33.00138854980469,33.5655632019043,-0.5993021726608276,0.03512951359152794
2033-05-10,,33.37881088256836,33.5657958984375,-0.2213822603225708,0.034396570175886154
2033-05-11,,33.765316009521484,33.56602478027344,0.16303981840610504,0.03625147417187691
2033-05-12,,33.82061004638672,33.56625747680664,0.5526309013366699,-0.29827752709388733
2033-05-13,,34.54816436767578,33.56648635864258,0.946027398109436,0.0356491394340992
2033-05-14,,35.03126525878906,33.56671905517578,1.3418450355529785,0.1226998120546341
2033-05-15,,35.339786529541016,33.56694793701172,1.738688588142395,0.03415101766586304
2033-05-16,,35.73747253417969,33.56718063354492,2.1351635456085205,0.03512951359152794
2033-05-17,,36.131690979003906,33.56740951538086,2.5298850536346436,0.034396570175886154
2033-05-18,,36.52538299560547,33.56764221191406,2.92149019241333,0.03625147417187691
2033-05-19,,36.57823944091797,33.56787109375,3.308645725250244,-0.29827752709388733
2033-05-20,,37.2938117980957,33.5681037902832,3.690060615539551,0.0356491394340992
2033-05-21,,37.75552749633789,33.568336486816406,4.064493656158447,0.1226998120546341
2033-05-22,,38.033477783203125,33.568565368652344,4.430761337280273,0.03415101766586304
2033-05-23,,38.39167785644531,33.56879425048828,4.787753582000732,0.03512951359152794
2033-05-24,,38.737850189208984,33.569026947021484,5.134427070617676,0.034396570175886154
2033-05-25,,39.07533645629883,33.56925964355469,5.469828128814697,0.03625147417187691
2033-05-26,,39.064300537109375,33.569488525390625,5.793088436126709,-0.29827752709388733
2033-05-27,,39.708805084228516,33.56971740722656,6.10343599319458,0.0356491394340992
2033-05-28,,40.09284591674805,33.569950103759766,6.400198459625244,0.1226998120546341
2033-05-29,,40.28713607788086,33.57018280029297,6.682803630828857,0.03415101766586304
2033-05-30,,40.556331634521484,33.570411682128906,6.950788974761963,0.03512951359152794
2033-05-31,,40.808834075927734,33.57064437866211,7.203794956207275,0.034396570175886154
2033-06-01,,41.04869842529297,33.57087326049805,7.441574573516846,0.03625147417187691
2033-06-02,,40.93681335449219,33.57110595703125,7.663986682891846,-0.29827752709388733
2033-06-03,,41.47798156738281,33.57133483886719,7.870997905731201,0.0356491394340992
2033-06-04,,41.7569465637207,33.57156753540039,8.06268310546875,0.1226998120546341
2033-06-05,,41.84516525268555,33.571800231933594,8.239214897155762,0.03415101766586304
2033-06-06,,42.008026123046875,33.57202911376953,8.400866508483887,0.03512951359152794
2033-06-07,,42.154659271240234,33.57225799560547,8.548005104064941,0.034396570175886154
2033-06-08,,42.28982925415039,33.57249069213867,8.6810884475708,0.03625147417187691
2033-06-09,,42.075096130371094,33.572723388671875,8.800651550292969,-0.29827752709388733
2033-06-10,,42.515907287597656,33.57295227050781,8.907307624816895,0.0356491394340992
2033-06-11,,42.69762420654297,33.57318115234375,9.001738548278809,0.1226998120546341
2033-06-12,,42.6922492980957,33.57341384887695,9.084683418273926,0.03415101766586304
2033-06-13,,42.765708923339844,33.573646545410156,9.156933784484863,0.03512951359152794
2033-06-14,,42.82759475708008,33.573875427246094,9.219322204589844,0.034396570175886154
2033-06-15,,42.88307571411133,33.57410430908203,9.27271556854248,0.03625147417187691
2033-06-16,,42.59406661987305,33.574337005615234,9.318002700805664,-0.29827752709388733
2033-06-17,,42.96630859375,33.57456970214844,9.356090545654297,0.0356491394340992
2033-06-18,,43.08538818359375,33.574798583984375,9.38788890838623,0.1226998120546341
2033-06-19,,43.023475646972656,33.57503128051758,9.414297103881836,0.03415101766586304
2033-06-20,,43.046600341796875,33.575260162353516,9.436210632324219,0.03512951359152794
2033-06-21,,43.06438446044922,33.57549285888672,9.454496383666992,0.034396570175886154
2033-06-22,,43.081966400146484,33.575721740722656,9.469993591308594,0.03625147417187691
2033-06-23,,42.76117706298828,33.57595443725586,9.483498573303223,-0.29827752709388733
2033-06-24,,43.107601165771484,33.57618713378906,9.495765686035156,0.0356491394340992
2033-06-25,,43.206607818603516,33.576416015625,9.507491111755371,0.1226998120546341
2033-06-26,,43.130104064941406,33.57664489746094,9.519309043884277,0.03415101766586304
2033-06-27,,43.14380645751953,33.57687759399414,9.531800270080566,0.03512951359152794
2033-06-28,,43.15696716308594,33.577110290527344,9.54546070098877,0.034396570175886154
2033-06-29,,43.17430877685547,33.57733917236328,9.560718536376953,0.03625147417187691
2033-06-30,,42.85721969604492,33.577571868896484,9.577924728393555,-0.29827752709388733
2033-07-01,,43.2108039855957,33.57780075073242,9.597350120544434,0.0356491394340992
2033-07-02,,43.31991195678711,33.578033447265625,9.619180679321289,0.1226998120546341
2033-07-03,,43.25593948364258,33.57826232910156,9.643524169921875,0.03415101766586304
2033-07-04,,43.28403091430664,33.578495025634766,9.670408248901367,0.03512951359152794
2033-07-05,,43.31289291381836,33.5787239074707,9.699772834777832,0.034396570175886154
2033-07-06,,43.34669494628906,33.578956604003906,9.731487274169922,0.03625147417187691
2033-07-07,,43.04624938964844,33.579185485839844,9.765340805053711,-0.29827752709388733
2033-07-08,,43.41611862182617,33.57941818237305,9.80105209350586,0.0356491394340992
2033-07-09,,43.54062271118164,33.579647064208984,9.838274955749512,0.1226998120546341
2033-07-10,,43.490631103515625,33.57987976074219,9.876598358154297,0.03415101766586304
2033-07-11,,43.53079605102539,33.58011245727539,9.915555000305176,0.03512951359152794
2033-07-12,,43.569366455078125,33.58034133911133,9.954628944396973,0.034396570175886154
2033-07-13,,43.61008071899414,33.58057403564453,9.993258476257324,0.03625147417187691
2033-07-14,,43.313377380371094,33.58080291748047,10.030851364135742,-0.29827752709388733
2033-07-15,,43.683467864990234,33.58103561401367,10.06678295135498,0.0356491394340992
2033-07-16,,43.80437088012695,33.58126449584961,10.100408554077148,0.1226998120546341
2033-07-17,,43.74671936035156,33.58149719238281,10.131072998046875,0.03415101766586304
2033-07-18,,43.77497100830078,33.58172607421875,10.158116340637207,0.03512951359152794
2033-07-19,,43.797237396240234,33.58195877075195,10.18088436126709,0.034396570175886154
2033-07-20,,43.81717300415039,33.58218765258789,10.198731422424316,0.03625147417187691
2033-07-21,,43.49517822265625,33.582420349121094,10.21103572845459,-0.29827752709388733
2033-07-22,,43.83550262451172,33.5826530456543,10.21720027923584,0.0356491394340992
2033-07-23,,43.9222526550293,33.582881927490234,10.216670036315918,0.1226998120546341
2033-07-24,,43.82618713378906,33.58311080932617,10.208922386169434,0.03415101766586304
2033-07-25,,43.81196212768555,33.583343505859375,10.193490028381348,0.03512951359152794
2033-07-26,,43.787933349609375,33.58357620239258,10.169962882995605,0.034396570175886154
2033-07-27,,43.75803756713867,33.583805084228516,10.137980461120605,0.03625147417187691
2033-07-28,,43.383018493652344,33.58403396606445,10.097258567810059,-0.29827752709388733
2033-07-29,,43.66748809814453,33.584266662597656,10.04757308959961,0.0356491394340992
2033-07-30,,43.69597244262695,33.58449935913086,9.988774299621582,0.1226998120546341
2033-07-31,,43.53966522216797,33.5847282409668,9.920787811279297,0.03415101766586304
2033-08-01,,43.463706970214844,33.5849609375,9.84361743927002,0.03512951359152794
2033-08-02,,43.37691879272461,33.5851936340332,9.757330894470215,0.034396570175886154
2033-08-03,,43.28376007080078,33.58542251586914,9.66208553314209,0.03625147417187691
2033-08-04,,42.845481872558594,33.58565139770508,9.558109283447266,-0.29827752709388733
2033-08-05,,43.06723403930664,33.58588409423828,9.44570255279541,0.0356491394340992
2033-08-06,,43.0340576171875,33.586116790771484,9.32524299621582,0.1226998120546341
2033-08-07,,42.817657470703125,33.58634567260742,9.197161674499512,0.03415101766586304
2033-08-08,,42.68367385864258,33.58657455444336,9.061968803405762,0.03512951359152794
2033-08-09,,42.54142761230469,33.58680725097656,8.920226097106934,0.034396570175886154
2033-08-10,,42.39583969116211,33.587039947509766,8.77254867553711,0.03625147417187691
2033-08-11,,41.908592224121094,33.5872688293457,8.619600296020508,-0.29827752709388733
2033-08-12,,42.085235595703125,33.58749771118164,8.462087631225586,0.0356491394340992
2033-08-13,,42.01118087768555,33.587730407714844,8.300749778747559,0.1226998120546341
2033-08-14,,41.75846481323242,33.58796310424805,8.136350631713867,0.03415101766586304
2033-08-15,,41.59300231933594,33.588191986083984,7.969677925109863,0.03512951359152794
2033-08-16,,41.424346923828125,33.58842086791992,7.80152702331543,0.034396570175886154
2033-08-17,,41.25760269165039,33.588653564453125,7.632696151733398,0.03625147417187691
2033-08-18,,40.75459289550781,33.58888626098633,7.463983058929443,-0.29827752709388733
2033-08-19,,40.920936584472656,33.589115142822266,7.296169757843018,0.0356491394340992
2033-08-20,,40.842063903808594,33.58934783935547,7.1300177574157715,0.1226998120546341
2033-08-21,,40.58999252319336,33.58958053588867,6.966262340545654,0.03415101766586304
2033-08-22,,40.43053436279297,33.58980941772461,6.805596828460693,0.03512951359152794
2033-08-23,,40.27311706542969,33.59003829956055,6.648679733276367,0.034396570175886154
2033-08-24,,40.12263870239258,33.59027099609375,6.496116638183594,0.03625147417187691
2033-08-25,,39.64067840576172,33.59050369262695,6.348455429077148,-0.29827752709388733
2033-08-26,,39.83256912231445,33.59073257446289,6.206185340881348,0.0356491394340992
2033-08-27,,39.783390045166016,33.59096145629883,6.069726943969727,0.1226998120546341
2033-08-28,,39.56477737426758,33.59119415283203,5.939431190490723,0.03415101766586304
2033-08-29,,39.44213104248047,33.591426849365234,5.815575122833252,0.03512951359152794
2033-08-30,,39.32440948486328,33.59165573120117,5.6983561515808105,0.034396570175886154
2033-08-31,,39.216033935546875,33.59188461303711,5.587896823883057,0.03625147417187691
2033-09-01,,38.778076171875,33.59211730957031,5.484232425689697,-0.29827752709388733
2033-09-02,,39.01531982421875,33.592350006103516,5.387321472167969,0.0356491394340992
2033-09-03,,39.01232147216797,33.59257888793945,5.297040939331055,0.1226998120546341
2033-09-04,,38.84014892578125,33.592811584472656,5.2131853103637695,0.03415101766586304
2033-09-05,,38.76364517211914,33.593040466308594,5.135474681854248,0.03512951359152794
2033-09-06,,38.691219329833984,33.5932731628418,5.063551425933838,0.034396570175886154
2033-09-07,,38.626739501953125,33.593502044677734,4.996984958648682,0.03625147417187691
2033-09-08,,38.23073959350586,33.59373474121094,4.935280799865723,-0.29827752709388733
2033-09-09,,38.50749206542969,33.59396743774414,4.877878665924072,0.0356491394340992
2033-09-10,,38.541053771972656,33.59419631958008,4.824159622192383,0.1226998120546341
2033-09-11,,38.402034759521484,33.594425201416016,4.773458003997803,0.03415101766586304
2033-09-12,,38.3548469543457,33.59465789794922,4.725059509277344,0.03512951359152794
2033-09-13,,38.307498931884766,33.59489059448242,4.678214073181152,0.034396570175886154
2033-09-14,,38.26350784301758,33.59511947631836,4.632138729095459,0.03625147417187691
2033-09-15,,37.88310623168945,33.59535217285156,4.586030960083008,-0.29827752709388733
2033-09-16,,38.17030334472656,33.5955810546875,4.539071559906006,0.0356491394340992
2033-09-17,,38.20895004272461,33.5958137512207,4.490435600280762,0.1226998120546341
2033-09-18,,38.06949234008789,33.59604263305664,4.439298629760742,0.03415101766586304
2033-09-19,,38.01625061035156,33.596275329589844,4.384846210479736,0.03512951359152794
2033-09-20,,37.957183837890625,33.59650421142578,4.326281547546387,0.034396570175886154
2033-09-21,,37.89582061767578,33.596736907958984,4.2628326416015625,0.03625147417187691
2033-09-22,,37.49245071411133,33.59696578979492,4.19376277923584,-0.29827752709388733
2033-09-23,,37.751220703125,33.597198486328125,4.11837100982666,0.0356491394340992
2033-09-24,,37.75613784790039,33.59742736816406,4.036008358001709,0.1226998120546341
2033-09-25,,37.577884674072266,33.597660064697266,3.946075677871704,0.03415101766586304
2033-09-26,,37.48106002807617,33.59789276123047,3.848036766052246,0.03512951359152794
2033-09-27,,37.373931884765625,33.598121643066406,3.74141526222229,0.034396570175886154
2033-09-28,,37.260414123535156,33.59835433959961,3.625810384750366,0.03625147417187691
2033-09-29,,36.80119323730469,33.59858322143555,3.500890016555786,-0.29827752709388733
2033-09-30,,37.0008659362793,33.59881591796875,3.3664000034332275,0.0356491394340992
2033-10-01,,36.943912506103516,33.59904479980469,3.2221670150756836,0.1226998120546341
2033-10-02,,36.70152282714844,33.59927749633789,3.0680978298187256,0.03415101766586304
2033-10-03,,36.538822174072266,33.599510192871094,2.9041812419891357,0.03512951359152794
2033-10-04,,36.3646240234375,33.59973907470703,2.7304890155792236,0.034396570175886154
2033-10-05,,36.18339538574219,33.59996795654297,2.5471746921539307,0.03625147417187691
2033-10-06,,35.656394958496094,33.60020065307617,2.35447359085083,-0.29827752709388733
2033-10-07,,35.788780212402344,33.600433349609375,2.1526975631713867,0.0356491394340992
2033-10-08,,35.66559982299805,33.60066223144531,1.9422370195388794,0.1226998120546341
2033-10-09,,35.35859680175781,33.60089111328125,1.7235523462295532,0.03415101766586304
2033-10-10,,35.133426666259766,33.60112380981445,1.4971755743026733,0.03512951359152794
2033-10-11,,34.899452209472656,33.601356506347656,1.263700008392334,0.034396570175886154
2033-10-12,,34.66161346435547,33.601585388183594,1.0237783193588257,0.03625147417187691
2033-10-13,,34.0816535949707,33.60181427001953,0.7781167030334473,-0.29827752709388733
2033-10-14,,34.165164947509766,33.602046966552734,0.5274669528007507,0.0356491394340992
2033-10-15,,33.99760055541992,33.60227966308594,0.27262166142463684,0.1226998120546341
2033-10-16,,33.651065826416016,33.602508544921875,0.01440637931227684,0.03415101766586304
2033-10-17,,33.391544342041016,33.60274124145508,-0.24632684886455536,0.03512951359152794
2033-10-18,,33.128658294677734,33.602970123291016,-0.5087073445320129,0.034396570175886154
2033-10-19,,32.86759948730469,33.60320281982422,-0.7718527913093567,0.03625147417187691
2033-10-20,,32.27027893066406,33.603431701660156,-1.0348775386810303,-0.29827752709388733
2033-10-21,,32.34241485595703,33.60366439819336,-1.2968978881835938,0.0356491394340992
2033-10-22,,32.169551849365234,33.60389709472656,-1.5570424795150757,0.1226998120546341
2033-10-23,,31.823822021484375,33.6041259765625,-1.814455509185791,0.03415101766586304
2033-10-24,,31.571178436279297,33.60435485839844,-2.0683064460754395,0.03512951359152794
2033-10-25,,31.321189880371094,33.60458755493164,-2.3177967071533203,0.034396570175886154
2033-10-26,,31.078907012939453,33.604820251464844,-2.562161684036255,0.03625147417187691
2033-10-27,,30.506088256835938,33.60504913330078,-2.8006818294525146,-0.29827752709388733
2033-10-28,,30.60824203491211,33.60527801513672,-3.0326850414276123,0.0356491394340992
2033-10-29,,30.470661163330078,33.60551071166992,-3.2575490474700928,0.1226998120546341
2033-10-30,,30.165180206298828,33.605743408203125,-3.474712610244751,0.03415101766586304
2033-10-31,,29.95743179321289,33.60597229003906,-3.683668851852417,0.03512951359152794
2033-11-01,,29.756622314453125,33.606201171875,-3.8839783668518066,0.034396570175886154
2033-11-02,,29.567424774169922,33.6064338684082,-4.075263500213623,0.03625147417187691
2033-11-03,,29.05117416381836,33.606666564941406,-4.2572150230407715,-0.29827752709388733
2033-11-04,,29.212955474853516,33.606895446777344,-4.42958927154541,0.0356491394340992
2033-11-05,,29.137615203857422,33.60712814331055,-4.592212677001953,0.1226998120546341
2033-11-06,,28.896533966064453,33.607357025146484,-4.744975566864014,0.03415101766586304
2033-11-07,,28.7548828125,33.60758972167969,-4.887837886810303,0.03512951359152794
2033-11-08,,28.621395111083984,33.607818603515625,-5.020820617675781,0.034396570175886154
2033-11-09,,28.500293731689453,33.60805130004883,-5.1440110206604,0.03625147417187691
2033-11-10,,28.052453994750977,33.60828399658203,-5.257550239562988,-0.29827752709388733
2033-11-11,,28.282520294189453,33.60851287841797,-5.361642837524414,0.0356491394340992
2033-11-12,,28.27490234375,33.608741760253906,-5.456539630889893,0.1226998120546341
2033-11-13,,28.100584030151367,33.60897445678711,-5.54254150390625,0.03415101766586304
2033-11-14,,28.02433967590332,33.60920715332031,-5.619996070861816,0.03512951359152794
2033-11-15,,27.954545974731445,33.60943603515625,-5.689285755157471,0.034396570175886154
2033-11-16,,27.895092010498047,33.60966873168945,-5.750827789306641,0.03625147417187691
2033-11-17,,27.506553649902344,33.60989761352539,-5.805068492889404,-0.29827752709388733
2033-11-18,,27.793298721313477,33.610130310058594,-5.852479457855225,0.0356491394340992
2033-11-19,,27.839515686035156,33.61035919189453,-5.893544673919678,0.1226998120546341
2033-11-20,,27.71597671508789,33.610591888427734,-5.928764343261719,0.03415101766586304
2033-11-21,,27.687307357788086,33.61082077026367,-5.958644866943359,0.03512951359152794
2033-11-22,,27.661754608154297,33.611053466796875,-5.983694076538086,0.034396570175886154
2033-11-23,,27.64312171936035,33.61128234863281,-6.00441312789917,0.03625147417187691
2033-11-24,,27.29193878173828,33.611515045166016,-6.021297931671143,-0.29827752709388733
2033-11-25,,27.612564086914062,33.61174392700195,-6.034830570220947,0.0356491394340992
2033-11-26,,27.689205169677734,33.611976623535156,-6.045472145080566,0.1226998120546341
2033-11-27,,27.592695236206055,33.61220932006836,-6.0536651611328125,0.03415101766586304
2033-11-28,,27.587745666503906,33.6124382019043,-6.0598249435424805,0.03512951359152794
2033-11-29,,27.582721710205078,33.6126708984375,-6.064343452453613,0.034396570175886154
2033-11-30,,27.581579208374023,33.61289978027344,-6.067571640014648,0.03625147417187691
2033-12-01,,27.245018005371094,33.61313247680664,-6.069835662841797,-0.29827752709388733
2033-12-02,,27.577590942382812,33.61336135864258,-6.0714216232299805,0.0356491394340992
2033-12-03,,27.66370964050293,33.61359405517578,-6.072582244873047,0.1226998120546341
2033-12-04,,27.574443817138672,33.61382293701172,-6.0735297203063965,0.03415101766586304
2033-12-05,,27.57474136352539,33.61405563354492,-6.074442386627197,0.03512951359152794
2033-12-06,,27.573225021362305,33.61428451538086,-6.075457572937012,0.034396570175886154
2033-12-07,,27.57408905029297,33.61451721191406,-6.0766801834106445,0.03625147417187691
2033-12-08,,27.23829460144043,33.614749908447266,-6.0781755447387695,-0.29827752709388733
2033-12-09,,27.570648193359375,33.6149787902832,-6.07997989654541,0.0356491394340992
2033-12-10,,27.65581512451172,33.61520767211914,-6.082093715667725,0.1226998120546341
2033-12-11,,27.565101623535156,33.615440368652344,-6.084488868713379,0.03415101766586304
2033-12-12,,27.563688278198242,33.61567306518555,-6.0871124267578125,0.03512951359152794
2033-12-13,,27.560409545898438,33.615901947021484,-6.089888095855713,0.034396570175886154
2033-12-14,,27.559669494628906,33.61613082885742,-6.092716693878174,0.03625147417187691
2033-12-15,,27.22260093688965,33.616363525390625,-6.095484256744385,-0.29827752709388733
2033-12-16,,27.554182052612305,33.61659622192383,-6.098062515258789,0.0356491394340992
2033-12-17,,27.639211654663086,33.616825103759766,-6.100314140319824,0.1226998120546341
2033-12-18,,27.54911231994629,33.61705780029297,-6.102094650268555,0.03415101766586304
2033-12-19,,27.549158096313477,33.617286682128906,-6.103260040283203,0.03512951359152794
2033-12-20,,27.548250198364258,33.61751937866211,-6.103665351867676,0.034396570175886154
2033-12-21,,27.55082893371582,33.61774826049805,-6.103172302246094,0.03625147417187691
2033-12-22,,27.218053817749023,33.61798095703125,-6.101648807525635,-0.29827752709388733
2033-12-23,,27.554885864257812,33.61821365356445,-6.098975658416748,0.0356491394340992
2033-12-24,,27.646093368530273,33.61844253540039,-6.095048904418945,0.1226998120546341
2033-12-25,,27.56304168701172,33.61867141723633,-6.089782238006592,0.03415101766586304
2033-12-26,,27.570926666259766,33.61890411376953,-6.08310604095459,0.03512951359152794
2033-12-27,,27.578556060791016,33.619136810302734,-6.074975490570068,0.034396570175886154
2033-12-28,,27.590251922607422,33.61936569213867,-6.065365314483643,0.03625147417187691
2033-12-29,,27.26703643798828,33.61959457397461,-6.054280757904053,-0.29827752709388733
2033-12-30,,27.613731384277344,33.61982727050781,-6.041746616363525,0.0356491394340992
2033-12-31,,27.71494483947754,33.620059967041016,-6.027814865112305,0.1226998120546341
2034-01-01,,27.641874313354492,33.62028884887695,-6.0125651359558105,0.03415101766586304
2034-01-02,,27.659549713134766,33.62051773071289,-5.996099948883057,0.03512951359152794
2034-01-03,,27.676597595214844,33.620750427246094,-5.978549003601074,0.034396570175886154
2034-01-04,,27.69717025756836,33.6209831237793,-5.960063457489014,0.03625147417187691
2034-01-05,,27.382118225097656,33.621212005615234,-5.9408159255981445,-0.29827752709388733
2034-01-06,,27.736093521118164,33.62144470214844,-5.920998573303223,0.0356491394340992
2034-01-07,,27.843555450439453,33.621673583984375,-5.900821208953857,0.1226998120546341
2034-01-08,,27.775550842285156,33.62190628051758,-5.880507469177246,0.03415101766586304
2034-01-09,,27.79697036743164,33.622135162353516,-5.860294818878174,0.03512951359152794
2034-01-10,,27.81633949279785,33.62236785888672,-5.840426445007324,0.034396570175886154
2034-01-11,,27.83769989013672,33.62260055541992,-5.821152210235596,0.03625147417187691
2034-01-12,,27.521827697753906,33.62282943725586,-5.8027238845825195,-0.29827752709388733
2034-01-13,,27.87331771850586,33.6230583190918,-5.7853899002075195,0.0356491394340992
2034-01-14,,27.976600646972656,33.623291015625,-5.769392490386963,0.1226998120546341
2034-01-15,,27.902706146240234,33.6235237121582,-5.754968166351318,0.03415101766586304
2034-01-16,,27.916545867919922,33.62375259399414,-5.742337703704834,0.03512951359152794
2034-01-17,,27.926677703857422,33.62398147583008,-5.73170280456543,0.034396570175886154
2034-01-18,,27.93721580505371,33.62421417236328,-5.723251819610596,0.03625147417187691
2034-01-19,,27.609024047851562,33.624446868896484,-5.717145919799805,-0.29827752709388733
2034-01-20,,27.94680404663086,33.62467575073242,-5.713521480560303,0.0356491394340992
2034-01-21,,28.03512191772461,33.62490463256836,-5.712485313415527,0.1226998120546341
2034-01-22,,27.945175170898438,33.62513732910156,-5.714113712310791,0.03415101766586304
2034-01-23,,27.942047119140625,33.625370025634766,-5.7184529304504395,0.03512951359152794
2034-01-24,,27.934486389160156,33.6255989074707,-5.725508689880371,0.034396570175886154
2034-01-25,,27.92682647705078,33.625831604003906,-5.735257148742676,0.03625147417187691
2034-01-26,,27.580148696899414,33.626060485839844,-5.747636318206787,-0.29827752709388733
2034-01-27,,27.899394989013672,33.62629318237305,-5.762545108795166,0.0356491394340992
2034-01-28,,27.969371795654297,33.626522064208984,-5.779850006103516,0.1226998120546341
2034-01-29,,27.861526489257812,33.62675476074219,-5.799378871917725,0.03415101766586304
2034-01-30,,27.841190338134766,33.62698745727539,-5.820925712585449,0.03512951359152794
2034-01-31,,27.817359924316406,33.62721633911133,-5.844252586364746,0.034396570175886154
2034-02-01,,27.79461097717285,33.62744903564453,-5.869089126586914,0.03625147417187691
2034-02-02,,27.43426513671875,33.62767791748047,-5.895136833190918,-0.29827752709388733
2034-02-03,,27.741485595703125,33.62791061401367,-5.922071933746338,0.0356491394340992
2034-02-04,,27.801292419433594,33.62813949584961,-5.94954776763916,0.1226998120546341
2034-02-05,,27.685319900512695,33.62837219238281,-5.977202415466309,0.03415101766586304
2034-02-06,,27.659076690673828,33.62860107421875,-6.004654407501221,0.03512951359152794
2034-02-07,,27.6317138671875,33.62883377075195,-6.031516075134277,0.034396570175886154
2034-02-08,,27.607925415039062,33.62906265258789,-6.057390213012695,0.03625147417187691
2034-02-09,,27.24913787841797,33.629295349121094,-6.08188009262085,-0.29827752709388733
2034-02-10,,27.56058120727539,33.62952423095703,-6.104593753814697,0.0356491394340992
2034-02-11,,27.62731170654297,33.629756927490234,-6.125145435333252,0.1226998120546341
2034-02-12,,27.520977020263672,33.62998962402344,-6.143163204193115,0.03415101766586304
2034-02-13,,27.50705337524414,33.630218505859375,-6.158294200897217,0.03512951359152794
2034-02-14,,27.494638442993164,33.63044738769531,-6.170206546783447,0.034396570175886154
2034-02-15,,27.488338470458984,33.630680084228516,-6.178594589233398,0.03625147417187691
2034-02-16,,27.149446487426758,33.63091278076172,-6.183187961578369,-0.29827752709388733
2034-02-17,,27.483047485351562,33.631141662597656,-6.183745384216309,0.0356491394340992
2034-02-18,,27.57400131225586,33.63137435913086,-6.180071830749512,0.1226998120546341
2034-02-19,,27.493743896484375,33.6316032409668,-6.172009468078613,0.03415101766586304
2034-02-20,,27.507516860961914,33.6318359375,-6.159448623657227,0.03512951359152794
2034-02-21,,27.52413558959961,33.63206481933594,-6.142326354980469,0.034396570175886154
2034-02-22,,27.54792022705078,33.63229751586914,-6.120626926422119,0.03625147417187691
2034-02-23,,27.239864349365234,33.632530212402344,-6.094388484954834,-0.29827752709388733
2034-02-24,,27.604705810546875,33.63275909423828,-6.06370210647583,0.0356491394340992
2034-02-25,,27.72698211669922,33.63298797607422,-6.0287065505981445,0.1226998120546341
2034-02-26,,27.677776336669922,33.63322067260742,-5.98959493637085,0.03415101766586304
2034-02-27,,27.721969604492188,33.633453369140625,-5.946610927581787,0.03512951359152794
2034-02-28,,27.76803207397461,33.63368225097656,-5.9000468254089355,0.034396570175886154
2034-03-01,,27.819923400878906,33.6339111328125,-5.850240230560303,0.03625147417187691
2034-03-02,,27.538291931152344,33.6341438293457,-5.797573566436768,-0.29827752709388733
2034-03-03,,27.927555084228516,33.634376525878906,-5.742471218109131,0.0356491394340992
2034-03-04,,28.07191276550293,33.634605407714844,-5.685393333435059,0.1226998120546341
2034-03-05,,28.042156219482422,33.63483428955078,-5.626830101013184,0.03415101766586304
2034-03-06,,28.102895736694336,33.635066986083984,-5.567302227020264,0.03512951359152794
2034-03-07,,28.16234588623047,33.63529968261719,-5.507347583770752,0.034396570175886154
2034-03-08,,28.224254608154297,33.635528564453125,-5.447526931762695,0.03625147417187691
2034-03-09,,27.949077606201172,33.63576126098633,-5.388403415679932,-0.29827752709388733
2034-03-10,,28.34109115600586,33.63599395751953,-5.330550670623779,0.0356491394340992
2034-03-11,,28.484386444091797,33.63622283935547,-5.274534225463867,0.1226998120546341
2034-03-12,,28.449691772460938,33.636451721191406,-5.220911502838135,0.03415101766586304
2034-03-13,,28.5015869140625,33.63668441772461,-5.170224666595459,0.03512951359152794
2034-03-14,,28.548320770263672,33.63691711425781,-5.12299108505249,0.034396570175886154
2034-03-15,,28.593700408935547,33.63714599609375,-5.079697132110596,0.03625147417187691
2034-03-16,,28.298301696777344,33.63737487792969,-5.040797233581543,-0.29827752709388733
2034-03-17,,28.66655731201172,33.63760757446289,-5.0066986083984375,0.0356491394340992
2034-03-18,,28.782779693603516,33.637840270996094,-4.97775936126709,0.1226998120546341
2034-03-19,,28.717933654785156,33.63806915283203,-4.954285144805908,0.03415101766586304
2034-03-20,,28.736907958984375,33.63829803466797,-4.936522006988525,0.03512951359152794
2034-03-21,,28.74828338623047,33.63853073120117,-4.924646377563477,0.034396570175886154
2034-03-22,,28.756240844726562,33.638763427734375,-4.918771743774414,0.03625147417187691
2034-03-23,,28.42177963256836,33.63899230957031,-4.918935298919678,-0.29827752709388733
2034-03-24,,28.749774932861328,33.63922119140625,-4.925097942352295,0.0356491394340992
2034-03-25,,28.82501220703125,33.63945388793945,-4.937145233154297,0.1226998120546341
2034-03-26,,28.718955993652344,33.639686584472656,-4.954881191253662,0.03415101766586304
2034-03-27,,28.697017669677734,33.639915466308594,-4.978027820587158,0.03512951359152794
2034-03-28,,28.668315887451172,33.6401481628418,-5.00623083114624,0.034396570175886154
2034-03-29,,28.63758087158203,33.640380859375,-5.039051532745361,0.03625147417187691
2034-03-30,,28.266357421875,33.64060974121094,-5.075974464416504,-0.29827752709388733
2034-03-31,,28.560077667236328,33.640838623046875,-5.116410732269287,0.0356491394340992
2034-04-01,,28.604080200195312,33.64107131958008,-5.159692764282227,0.1226998120546341
2034-04-02,,28.47036361694336,33.64130401611328,-5.205090522766113,0.03415101766586304
2034-04-03,,28.42485809326172,33.64153289794922,-5.251804828643799,0.03512951359152794
2034-04-04,,28.377178192138672,33.641761779785156,-5.298980236053467,0.034396570175886154
2034-04-05,,28.332538604736328,33.64199447631836,-5.345707893371582,0.03625147417187691
2034-04-06,,27.95291519165039,33.64222717285156,-5.391031265258789,-0.29827752709388733
2034-04-07,,28.24414825439453,33.6424560546875,-5.433956623077393,0.0356491394340992
2034-04-08,,28.29193115234375,33.6426887512207,-5.473458290100098,0.1226998120546341
2034-04-09,,28.168581008911133,33.64291763305664,-5.508488178253174,0.03415101766586304
2034-04-10,,28.14029312133789,33.643150329589844,-5.537984371185303,0.03512951359152794
2034-04-11,,28.116901397705078,33.64337921142578,-5.560876369476318,0.034396570175886154
2034-04-12,,28.103763580322266,33.643611907958984,-5.576100826263428,0.03625147417187691
2034-04-13,,27.762954711914062,33.64384078979492,-5.582608699798584,-0.29827752709388733
2034-04-14,,28.10035514831543,33.644073486328125,-5.579367160797119,0.0356491394340992
2034-04-15,,28.201622009277344,33.64430236816406,-5.565380096435547,0.1226998120546341
2034-04-16,,28.13899803161621,33.644535064697266,-5.539689064025879,0.03415101766586304
2034-04-17,,28.178508758544922,33.64476776123047,-5.501388072967529,0.03512951359152794
2034-04-18,,28.229766845703125,33.644996643066406,-5.449626922607422,0.034396570175886154
2034-04-19,,28.29785919189453,33.64522933959961,-5.383622646331787,0.03625147417187691
2034-04-20,,28.044513702392578,33.64545822143555,-5.302667140960693,-0.29827752709388733
2034-04-21,,28.475208282470703,33.64569091796875,-5.2061309814453125,0.0356491394340992
2034-04-22,,28.67514419555664,33.64591979980469,-5.09347677230835,0.1226998120546341
2034-04-23,,28.716045379638672,33.64615249633789,-4.964259147644043,0.03415101766586304
2034-04-24,,28.863380432128906,33.64638137817383,-4.818131923675537,0.03512951359152794
2034-04-25,,29.02615737915039,33.64661407470703,-4.654852390289307,0.034396570175886154
2034-04-26,,29.20880889892578,33.64684295654297,-4.4742865562438965,0.03625147417187691
2034-04-27,,29.072391510009766,33.64707565307617,-4.276407718658447,-0.29827752709388733
2034-04-28,,29.62165069580078,33.64730453491211,-4.061304092407227,0.0356491394340992
2034-04-29,,29.941062927246094,33.64753723144531,-3.829174041748047,0.1226998120546341
2034-04-30,,30.10158920288086,33.647769927978516,-3.580329179763794,0.03415101766586304
2034-05-01,,30.367935180664062,33.64799880981445,-3.3151919841766357,0.03512951359152794
2034-05-02,,30.648330688476562,33.64822769165039,-3.0342960357666016,0.034396570175886154
2034-05-03,,30.946434020996094,33.648460388183594,-2.7382781505584717,0.03625147417187691
2034-05-04,,30.922534942626953,33.6486930847168,-2.427880048751831,-0.29827752709388733
2034-05-05,,31.580631256103516,33.648921966552734,-2.103940010070801,0.0356491394340992
2034-05-06,,32.00446319580078,33.64915466308594,-1.7673895359039307,0.1226998120546341
2034-05-07,,32.26428985595703,33.649383544921875,-1.419243335723877,0.03415101766586304
2034-05-08,,32.624149322509766,33.64961624145508,-1.0605965852737427,0.03512951359152794
2034-05-09,,32.99162673950195,33.649845123291016,-0.6926134824752808,0.034396570175886154
2034-05-10,,33.36980438232422,33.65007781982422,-0.3165230453014374,0.03625147417187691
2034-05-11,,33.418426513671875,33.65031051635742,0.06639692187309265,-0.29827752709388733
2034-05-12,,34.14101028442383,33.65053939819336,0.4548226296901703,0.0356491394340992
2034-05-13,,34.62086868286133,33.6507682800293,0.84739750623703,0.1226998120546341
2034-05-14,,34.92789077758789,33.6510009765625,1.2427401542663574,0.03415101766586304
2034-05-15,,35.32582092285156,33.6512336730957,1.6394578218460083,0.03512951359152794
2034-05-16,,35.722015380859375,33.65146255493164,2.0361552238464355,0.034396570175886154
2034-05-17,,36.119388580322266,33.65169143676758,2.431443214416504,0.03625147417187691
2034-05-18,,36.17759704589844,33.65192413330078,2.823953866958618,-0.29827752709388733
2034-05-19,,36.900150299072266,33.652156829833984,3.2123451232910156,0.0356491394340992
2034-05-20,,37.370399475097656,33.65238571166992,3.595313787460327,0.1226998120546341
2034-05-21,,37.65837478637695,33.65261459350586,3.9716055393218994,0.03415101766586304
2034-05-22,,38.02799987792969,33.65284729003906,4.340022087097168,0.03512951359152794
2034-05-23,,38.38690948486328,33.653079986572266,4.699433326721191,0.034396570175886154
2034-05-24,,38.73834228515625,33.6533088684082,5.0487799644470215,0.03625147417187691
2034-05-25,,38.74234390258789,33.653541564941406,5.387083530426025,-0.29827752709388733
2034-05-26,,39.40287399291992,33.653770446777344,5.713454723358154,0.0356491394340992
2034-05-27,,39.803802490234375,33.65400314331055,6.027099132537842,0.1226998120546341
2034-05-28,,40.01569747924805,33.654232025146484,6.3273138999938965,0.03415101766586304
2034-05-29,,40.3031005859375,33.65446472167969,6.61350679397583,0.03512951359152794
2034-05-30,,40.574275970458984,33.65469741821289,6.885184288024902,0.034396570175886154
2034-05-31,,40.8331413269043,33.65492630004883,7.14196252822876,0.03625147417187691
2034-06-01,,40.74044418334961,33.655155181884766,7.383565425872803,-0.29827752709388733
2034-06-02,,41.300865173339844,33.65538787841797,7.609827518463135,0.0356491394340992
2034-06-03,,41.59900665283203,33.65562057495117,7.820687294006348,0.1226998120546341
2034-06-04,,41.70619201660156,33.65584945678711,8.016190528869629,0.03415101766586304
2034-06-05,,41.887699127197266,33.65607833862305,8.196488380432129,0.03512951359152794
2034-06-06,,42.05253982543945,33.65631103515625,8.36182975769043,0.034396570175886154
2034-06-07,,42.205352783203125,33.65654373168945,8.512558937072754,0.03625147417187691
2034-06-08,,42.00760269165039,33.65677261352539,8.649107933044434,-0.29827752709388733
2034-06-09,,42.46464538574219,33.65700149536133,8.771994590759277,0.0356491394340992
2034-06-10,,42.6617546081543,33.65723419189453,8.881817817687988,0.1226998120546341
2034-06-11,,42.67085647583008,33.657466888427734,8.979238510131836,0.03415101766586304
2034-06-12,,42.75780487060547,33.65769577026367,9.064981460571289,0.03512951359152794
2034-06-13,,42.832157135009766,33.657928466796875,9.1398286819458,0.034396570175886154
2034-06-14,,42.89901351928711,33.65815734863281,9.20460319519043,0.03625147417187691
2034-06-15,,42.62027359008789,33.658390045166016,9.260161399841309,-0.29827752709388733
2034-06-16,,43.00165939331055,33.65861892700195,9.307392120361328,0.0356491394340992
2034-06-17,,43.128746032714844,33.658851623535156,9.34719467163086,0.1226998120546341
2034-06-18,,43.07371139526367,33.65908432006836,9.380477905273438,0.03415101766586304
2034-06-19,,43.10259246826172,33.6593132019043,9.408150672912598,0.03512951359152794
2034-06-20,,43.12504577636719,33.659542083740234,9.431106567382812,0.034396570175886154
2034-06-21,,43.14624786376953,33.65977478027344,9.450220108032227,0.03625147417187691
2034-06-22,,42.828067779541016,33.66000747680664,9.466337203979492,-0.29827752709388733
2034-06-23,,43.17615509033203,33.66023635864258,9.480267524719238,0.0356491394340992
2034-06-24,,43.275943756103516,33.66046905517578,9.492775917053223,0.1226998120546341
2034-06-25,,43.19942092895508,33.66069793701172,9.504573822021484,0.03415101766586304
2034-06-26,,43.212371826171875,33.66093063354492,9.516312599182129,0.03512951359152794
2034-06-27,,43.224143981933594,33.66115951538086,9.528587341308594,0.034396570175886154
2034-06-28,,43.23955535888672,33.66139221191406,9.541910171508789,0.03625147417187691
2034-06-29,,42.92007827758789,33.66162109375,9.556733131408691,-0.29827752709388733
2034-06-30,,43.27092742919922,33.6618537902832,9.57342529296875,0.0356491394340992
2034-07-01,,43.37705612182617,33.66208267211914,9.59227466583252,0.1226998120546341
2034-07-02,,43.30995559692383,33.662315368652344,9.613489151000977,0.03415101766586304
2034-07-03,,43.334877014160156,33.66254425048828,9.637201309204102,0.03512951359152794
2034-07-04,,43.36062240600586,33.662776947021484,9.66344928741455,0.034396570175886154
2034-07-05,,43.39146423339844,33.66300964355469,9.692204475402832,0.03625147417187691
2034-07-06,,43.08831024169922,33.663238525390625,9.723347663879395,-0.29827752709388733
2034-07-07,,43.455806732177734,33.66347122192383,9.75669002532959,0.0356491394340992
2034-07-08,,43.578369140625,33.663700103759766,9.79196834564209,0.1226998120546341
2034-07-09,,43.52693176269531,33.66393280029297,9.828847885131836,0.03415101766586304
2034-07-10,,43.56623077392578,33.664161682128906,9.866939544677734,0.03512951359152794
2034-07-11,,43.60457229614258,33.66439437866211,9.905783653259277,0.034396570175886154
2034-07-12,,43.645751953125,33.66462326049805,9.944878578186035,0.03625147417187691
2034-07-13,,43.350250244140625,33.66485595703125,9.983673095703125,-0.29827752709388733
2034-07-14,,43.722320556640625,33.66508483886719,10.021584510803223,0.0356491394340992
2034-07-15,,43.846004486083984,33.66531753540039,10.057989120483398,0.1226998120546341
2034-07-16,,43.791954040527344,33.665550231933594,10.092253684997559,0.03415101766586304
2034-07-17,,43.82463073730469,33.66577911376953,10.1237211227417,0.03512951359152794
2034-07-18,,43.852134704589844,33.66600799560547,10.151731491088867,0.034396570175886154
2034-07-19,,43.878116607666016,33.66624069213867,10.175626754760742,0.03625147417187691
2034-07-20,,43.56296157836914,33.666473388671875,10.194765090942383,-0.29827752709388733
2034-07-21,,43.910865783691406,33.66670227050781,10.208511352539062,0.0356491394340992
2034-07-22,,44.00590133666992,33.66693115234375,10.216267585754395,0.1226998120546341
2034-07-23,,43.91877365112305,33.66716384887695,10.217459678649902,0.03415101766586304
2034-07-24,,43.91408920288086,33.667396545410156,10.211562156677246,0.03512951359152794
2034-07-25,,43.90011215209961,33.667625427246094,10.198091506958008,0.034396570175886154
2034-07-26,,43.88072967529297,33.6678581237793,10.176624298095703,0.03625147417187691
2034-07-27,,43.516597747802734,33.668087005615234,10.1467866897583,-0.29827752709388733
2034-07-28,,43.81224060058594,33.66831970214844,10.108272552490234,0.0356491394340992
2034-07-29,,43.85209274291992,33.668548583984375,10.060843467712402,0.1226998120546341
2034-07-30,,43.7072639465332,33.66878128051758,10.00433349609375,0.03415101766586304
2034-07-31,,43.642791748046875,33.66901397705078,9.938650131225586,0.03512951359152794
2034-08-01,,43.567405700683594,33.66924285888672,9.863767623901367,0.034396570175886154
2034-08-02,,43.485469818115234,33.669471740722656,9.779746055603027,0.03625147417187691
2034-08-03,,43.05814743041992,33.66970443725586,9.686723709106445,-0.29827752709388733
2034-08-04,,43.290489196777344,33.66993713378906,9.584905624389648,0.0356491394340992
2034-08-05,,43.26744079589844,33.670166015625,9.474575996398926,0.1226998120546341
2034-08-06,,43.06063461303711,33.67039489746094,9.356088638305664,0.03415101766586304
2034-08-07,,42.93562316894531,33.67062759399414,9.229867935180664,0.03512951359152794
2034-08-08,,42.801658630371094,33.670860290527344,9.096403121948242,0.034396570175886154
2034-08-09,,42.6635856628418,33.67108917236328,8.956243515014648,0.03625147417187691
2034-08-10,,42.18302917480469,33.67131805419922,8.809988975524902,-0.29827752709388733
2034-08-11,,42.36549377441406,33.67155075073242,8.658293724060059,0.0356491394340992
2034-08-12,,42.29633712768555,33.671783447265625,8.50185489654541,0.1226998120546341
2034-08-13,,42.04756546020508,33.67201232910156,8.341401100158691,0.03415101766586304
2034-08-14,,41.885066986083984,33.672245025634766,8.177695274353027,0.03512951359152794
2034-08-15,,41.718387603759766,33.6724739074707,8.011515617370605,0.034396570175886154
2034-08-16,,41.55261993408203,33.672706604003906,7.843660354614258,0.03625147417187691
2034-08-17,,41.049583435058594,33.672935485839844,7.674922943115234,-0.29827752709388733
2034-08-18,,41.21492385864258,33.67316818237305,7.506107330322266,0.0356491394340992
2034-08-19,,41.13409423828125,33.67340087890625,7.337996006011963,0.1226998120546341
2034-08-20,,40.8791389465332,33.67362976074219,7.171358585357666,0.03415101766586304
2034-08-21,,40.71592712402344,33.673858642578125,7.006937026977539,0.03512951359152794
2034-08-22,,40.553924560546875,33.67409133911133,6.8454365730285645,0.034396570175886154
2034-08-23,,40.398101806640625,33.67432403564453,6.687525272369385,0.03625147417187691
2034-08-24,,39.910091400146484,33.67455291748047,6.53381872177124,-0.29827752709388733
2034-08-25,,40.09531784057617,33.674781799316406,6.384883403778076,0.0356491394340992
2034-08-26,,40.038936614990234,33.67501449584961,6.241222858428955,0.1226998120546341
2034-08-27,,39.81267166137695,33.67524719238281,6.103275775909424,0.03415101766586304
2034-08-28,,39.6820182800293,33.67547607421875,5.971411228179932,0.03512951359152794
2034-08-29,,39.556026458740234,33.67570877075195,5.84592342376709,0.034396570175886154
2034-08-30,,39.43922424316406,33.67593765258789,5.727031230926514,0.03625147417187691
2034-08-31,,38.992767333984375,33.676170349121094,5.614873886108398,-0.29827752709388733
2034-09-01,,39.221561431884766,33.67639923095703,5.509511947631836,0.0356491394340992
2034-09-02,,39.21025466918945,33.676631927490234,5.410921573638916,0.1226998120546341
2034-09-03,,39.03001403808594,33.67686080932617,5.318999290466309,0.03415101766586304
2034-09-04,,38.94578552246094,33.677093505859375,5.233561038970947,0.03512951359152794
2034-09-05,,38.866065979003906,33.67732238769531,5.15434455871582,0.034396570175886154
2034-09-06,,38.79481887817383,33.677555084228516,5.081011772155762,0.03625147417187691
2034-09-07,,38.39265823364258,33.67778778076172,5.013150691986084,-0.29827752709388733
2034-09-08,,38.663944244384766,33.678016662597656,4.950279712677002,0.0356491394340992
2034-09-09,,38.692806243896484,33.67824935913086,4.891857624053955,0.1226998120546341
2034-09-10,,38.54991149902344,33.6784782409668,4.837279796600342,0.03415101766586304
2034-09-11,,38.49972915649414,33.6787109375,4.785889148712158,0.03512951359152794
2034-09-12,,38.450321197509766,33.67893981933594,4.736983299255371,0.034396570175886154
2034-09-13,,38.40524673461914,33.67917251586914,4.689821720123291,0.03625147417187691
2034-09-14,,38.02475357055664,33.67940139770508,4.643628120422363,-0.29827752709388733
2034-09-15,,38.312889099121094,33.67963409423828,4.597604751586914,0.0356491394340992
2034-09-16,,38.35350036621094,33.67986297607422,4.550936698913574,0.1226998120546341
2034-09-17,,38.217041015625,33.68009567260742,4.5027971267700195,0.03415101766586304
2034-09-18,,38.167816162109375,33.68032455444336,4.452362060546875,0.03512951359152794
2034-09-19,,38.113765716552734,33.68055725097656,4.398813724517822,0.034396570175886154
2034-09-20,,38.05839157104492,33.680789947509766,4.341350555419922,0.03625147417187691
2034-09-21,,37.66193771362305,33.6810188293457,4.279194355010986,-0.29827752709388733
2034-09-22,,37.92849349975586,33.68124771118164,4.2115960121154785,0.0356491394340992
2034-09-23,,37.9420280456543,33.681480407714844,4.137847900390625,0.1226998120546341
2034-09-24,,37.77315139770508,33.68171310424805,4.057286262512207,0.03415101766586304
2034-09-25,,37.686370849609375,33.681941986083984,3.969298839569092,0.03512951359152794
2034-09-26,,37.589900970458984,33.68217468261719,3.873333215713501,0.034396570175886154
2034-09-27,,37.487552642822266,33.682403564453125,3.7688989639282227,0.03625147417187691
2034-09-28,,37.03993225097656,33.68263626098633,3.6555731296539307,-0.29827752709388733
2034-09-29,,37.251522064208984,33.682865142822266,3.533007860183716,0.0356491394340992
2034-09-30,,37.20672607421875,33.68309783935547,3.400930166244507,0.1226998120546341
2034-10-01,,36.97662353515625,33.68333053588867,3.2591450214385986,0.03415101766586304
2034-10-02,,36.826229095458984,33.68355941772461,3.107538938522339,0.03512951359152794
2034-10-03,,36.664268493652344,33.68378829956055,2.9460809230804443,0.034396570175886154
2034-10-04,,36.49509048461914,33.68402099609375,2.7748215198516846,0.03625147417187691
2034-10-05,,35.97986602783203,33.68425369262695,2.5938937664031982,-0.29827752709388733
2034-10-06,,36.1236457824707,33.68448257446289,2.403513193130493,0.0356491394340992
2034-10-07,,36.01138687133789,33.68471145629883,2.2039718627929688,0.1226998120546341
2034-10-08,,35.71473693847656,33.68494415283203,1.9956421852111816,0.03415101766586304
2034-10-09,,35.499271392822266,33.685176849365234,1.7789669036865234,0.03512951359152794
2034-10-10,,35.274261474609375,33.68540573120117,1.5544596910476685,0.034396570175886154
2034-10-11,,35.044586181640625,33.68563461303711,1.3226996660232544,0.03625147417187691
2034-10-12,,34.47191619873047,33.68586730957031,1.0843254327774048,-0.29827752709388733
2034-10-13,,34.5617790222168,33.686100006103516,0.8400300145149231,0.0356491394340992
2034-10-14,,34.39958190917969,33.68632888793945,0.5905541777610779,0.1226998120546341
2034-10-15,,34.05739212036133,33.686561584472656,0.3366814851760864,0.03415101766586304
2034-10-16,,33.801151275634766,33.68679428100586,0.07922972738742828,0.03512951359152794
2034-10-17,,33.54046630859375,33.6870231628418,-0.18095466494560242,0.034396570175886154
2034-10-18,,33.28049850463867,33.687252044677734,-0.44300559163093567,0.03625147417187691
2034-10-19,,32.683162689208984,33.68748474121094,-0.7060431838035583,-0.29827752709388733
2034-10-20,,32.75418472290039,33.68771743774414,-0.9691811203956604,0.0356491394340992
2034-10-21,,32.57910919189453,33.68794631958008,-1.2315349578857422,0.1226998120546341
2034-10-22,,32.230098724365234,33.688175201416016,-1.4922294616699219,0.03415101766586304
2034-10-23,,31.973133087158203,33.68840789794922,-1.7504048347473145,0.03512951359152794
2034-10-24,,31.717811584472656,33.68864059448242,-2.0052223205566406,0.034396570175886154
2034-10-25,,31.46924591064453,33.68886947631836,-2.255875587463379,0.03625147417187691
2034-10-26,,30.889232635498047,33.6890983581543,-2.5015907287597656,-0.29827752709388733
2034-10-27,,30.98334503173828,33.6893310546875,-2.7416374683380127,0.0356491394340992
2034-10-28,,30.836933135986328,33.6895637512207,-2.975330352783203,0.1226998120546341
2034-10-29,,30.521907806396484,33.68979263305664,-3.2020344734191895,0.03415101766586304
2034-10-30,,30.30398178100586,33.69002151489258,-3.421172618865967,0.03512951359152794
2034-10-31,,30.092430114746094,33.69025421142578,-3.6322247982025146,0.034396570175886154
2034-11-01,,29.89200210571289,33.690486907958984,-3.834733247756958,0.03625147417187691
2034-11-02,,29.364131927490234,33.69071578979492,-4.028306007385254,-0.29827752709388733
2034-11-03,,29.513980865478516,33.690948486328125,-4.212615966796875,0.0356491394340992
2034-11-04,,29.426475524902344,33.69118118286133,-4.387404441833496,0.1226998120546341
2034-11-05,,29.173084259033203,33.691410064697266,-4.552477836608887,0.03415101766586304
2034-11-06,,29.019058227539062,33.6916389465332,-4.707712173461914,0.03512951359152794
2034-11-07,,28.87322235107422,33.691871643066406,-4.853048801422119,0.034396570175886154
2034-11-08,,28.739856719970703,33.69210433959961,-4.988497257232666,0.03625147417187691
2034-11-09,,28.279930114746094,33.69233322143555,-5.114123821258545,-0.29827752709388733
2034-11-10,,28.498149871826172,33.692562103271484,-5.230061054229736,0.0356491394340992
2034-11-11,,28.47900390625,33.69279479980469,-5.336492538452148,0.1226998120546341
2034-11-12,,28.293514251708984,33.69302749633789,-5.433662414550781,0.03415101766586304
2034-11-13,,28.206531524658203,33.69325637817383,-5.521856784820557,0.03512951359152794
2034-11-14,,28.12647247314453,33.69348907470703,-5.601414203643799,0.034396570175886154
2034-11-15,,28.057266235351562,33.69371795654297,-5.672706127166748,0.03625147417187691
2034-11-16,,27.659526824951172,33.69395065307617,-5.73614501953125,-0.29827752709388733
2034-11-17,,27.937660217285156,33.69417953491211,-5.792167663574219,0.0356491394340992
2034-11-18,,27.975872039794922,33.69441223144531,-5.841240406036377,0.1226998120546341
2034-11-19,,27.844947814941406,33.69464111328125,-5.883846282958984,0.03415101766586304
2034-11-20,,27.80952262878418,33.69487380981445,-5.920479774475098,0.03512951359152794
2034-11-21,,27.77785301208496,33.69510269165039,-5.951647758483887,0.034396570175886154
2034-11-22,,27.75373077392578,33.695335388183594,-5.9778571128845215,0.03625147417187691
2034-11-23,,27.39767837524414,33.6955680847168,-5.999611854553223,-0.29827752709388733
2034-11-24,,27.71403694152832,33.695796966552734,-6.017409324645996,0.0356491394340992
2034-11-25,,27.78699493408203,33.69602966308594,-6.031734943389893,0.1226998120546341
2034-11-26,,27.687353134155273,33.696258544921875,-6.043056964874268,0.03415101766586304
2034-11-27,,27.679798126220703,33.69649124145508,-6.051822662353516,0.03512951359152794
2034-11-28,,27.67266273498535,33.696720123291016,-6.0584540367126465,0.034396570175886154
2034-11-29,,27.669857025146484,33.69695281982422,-6.0633463859558105,0.03625147417187691
2034-11-30,,27.33203887939453,33.697181701660156,-6.066865921020508,-0.29827752709388733
2034-12-01,,27.663719177246094,33.69741439819336,-6.0693440437316895,0.0356491394340992
2034-12-02,,27.749271392822266,33.6976432800293,-6.07107400894165,0.1226998120546341
2034-12-03,,27.659706115722656,33.6978759765625,-6.072319030761719,0.03415101766586304
2034-12-04,,27.65993309020996,33.69810485839844,-6.073302268981934,0.03512951359152794
2034-12-05,,27.658523559570312,33.69833755493164,-6.0742082595825195,0.034396570175886154
2034-12-06,,27.65963363647461,33.698570251464844,-6.075188159942627,0.03625147417187691
2034-12-07,,27.324169158935547,33.69879913330078,-6.076352119445801,-0.29827752709388733
2034-12-08,,27.656904220581055,33.69902801513672,-6.077774524688721,0.0356491394340992
2034-12-09,,27.74245834350586,33.69926071166992,-6.079500198364258,0.1226998120546341
2034-12-10,,27.65210723876953,33.699493408203125,-6.081536769866943,0.03415101766586304
2034-12-11,,27.650985717773438,33.69972229003906,-6.083865642547607,0.03512951359152794
2034-12-12,,27.64790916442871,33.699954986572266,-6.086440086364746,0.034396570175886154
2034-12-13,,27.647249221801758,33.7001838684082,-6.08918571472168,0.03625147417187691
2034-12-14,,27.31012725830078,33.700416564941406,-6.092010498046875,-0.29827752709388733
2034-12-15,,27.641490936279297,33.700645446777344,-6.094804763793945,0.0356491394340992
2034-12-16,,27.726133346557617,33.70087814331055,-6.097443580627441,0.1226998120546341
2034-12-17,,27.63547134399414,33.70111083984375,-6.099789619445801,0.03415101766586304
2034-12-18,,27.634767532348633,33.70133972167969,-6.1017022132873535,0.03512951359152794
2034-12-19,,27.632930755615234,33.701568603515625,-6.1030354499816895,0.034396570175886154
2034-12-20,,27.63440704345703,33.70180130004883,-6.103643894195557,0.03625147417187691
2034-12-21,,27.30036735534668,33.70203399658203,-6.103387355804443,-0.29827752709388733
2034-12-22,,27.635780334472656,33.70226287841797,-6.102132320404053,0.0356491394340992
2034-12-23,,27.72543716430664,33.702491760253906,-6.099757671356201,0.1226998120546341
2034-12-24,,27.64072036743164,33.70272445678711,-6.096153736114502,0.03415101766586304
2034-12-25,,27.646854400634766,33.70295715332031,-6.0912299156188965,0.03512951359152794
2034-12-26,,27.652671813964844,33.70318603515625,-6.084909439086914,0.034396570175886154
2034-12-27,,27.66252326965332,33.70341491699219,-6.077145576477051,0.03625147417187691
2034-12-28,,27.33746337890625,33.70364761352539,-6.067907810211182,-0.29827752709388733
2034-12-29,,27.68233871459961,33.703880310058594,-6.057189464569092,0.0356491394340992
2034-12-30,,27.781795501708984,33.70410919189453,-6.045012950897217,0.1226998120546341
2034-12-31,,27.70706558227539,33.704341888427734,-6.031424522399902,0.03415101766586304
2035-01-01,,27.72320556640625,33.70457077026367,-6.016495704650879,0.03512951359152794
2035-01-02,,27.738876342773438,33.704803466796875,-6.000324249267578,0.034396570175886154
2035-01-03,,27.75825309753418,33.70503234863281,-5.983031749725342,0.03625147417187691
2035-01-04,,27.442222595214844,33.705265045166016,-5.96476411819458,-0.29827752709388733
2035-01-05,,27.795455932617188,33.70549774169922,-5.945689678192139,0.0356491394340992
2035-01-06,,27.90243148803711,33.705726623535156,-5.925995349884033,0.1226998120546341
2035-01-07,,27.83422088623047,33.705955505371094,-5.905886650085449,0.03415101766586304
2035-01-08,,27.85573387145996,33.7061882019043,-5.885585784912109,0.03512951359152794
2035-01-09,,27.875492095947266,33.7064208984375,-5.865324974060059,0.034396570175886154
2035-01-10,,27.897552490234375,33.70664978027344,-5.8453474044799805,0.03625147417187691
2035-01-11,,27.582698822021484,33.706878662109375,-5.825902462005615,-0.29827752709388733
2035-01-12,,27.935523986816406,33.70711135864258,-5.8072381019592285,0.0356491394340992
2035-01-13,,28.040435791015625,33.70734405517578,-5.789608001708984,0.1226998120546341
2035-01-14,,27.96847152709961,33.70757293701172,-5.773253917694092,0.03415101766586304
2035-01-15,,27.98451805114746,33.707801818847656,-5.758415222167969,0.03512951359152794
2035-01-16,,27.997116088867188,33.70803451538086,-5.745315074920654,0.034396570175886154
2035-01-17,,28.010353088378906,33.70826721191406,-5.734163284301758,0.03625147417187691
2035-01-18,,27.685068130493164,33.70849609375,-5.725151538848877,-0.29827752709388733
2035-01-19,,28.02593231201172,33.7087287902832,-5.71844482421875,0.0356491394340992
2035-01-20,,28.11747169494629,33.70895767211914,-5.714188098907471,0.1226998120546341
2035-01-21,,28.03084373474121,33.709190368652344,-5.712496757507324,0.03415101766586304
2035-01-22,,28.031095504760742,33.70941925048828,-5.713453769683838,0.03512951359152794
2035-01-23,,28.026935577392578,33.709651947021484,-5.7171125411987305,0.034396570175886154
2035-01-24,,28.02264404296875,33.70988464355469,-5.7234907150268555,0.03625147417187691
2035-01-25,,27.679264068603516,33.710113525390625,-5.732571125030518,-0.29827752709388733
2035-01-26,,28.001693725585938,33.71034240722656,-5.74429988861084,0.0356491394340992
2035-01-27,,28.074687957763672,33.710575103759766,-5.7585883140563965,0.1226998120546341
2035-01-28,,27.969650268554688,33.71080780029297,-5.7753071784973145,0.03415101766586304
2035-01-29,,27.951866149902344,33.711036682128906,-5.794300079345703,0.03512951359152794
2035-01-30,,27.930301666259766,33.71126937866211,-5.815362930297852,0.034396570175886154
2035-01-31,,27.909482955932617,33.71149826049805,-5.838268280029297,0.03625147417187691
2035-02-01,,27.55069923400879,33.71173095703125,-5.862752914428711,-0.29827752709388733
2035-02-02,,27.859081268310547,33.71195983886719,-5.8885273933410645,0.0356491394340992
2035-02-03,,27.919620513916016,33.71219253540039,-5.915272235870361,0.1226998120546341
2035-02-04,,27.803926467895508,33.71242141723633,-5.9426469802856445,0.03415101766586304
2035-02-05,,27.777490615844727,33.71265411376953,-5.970292091369629,0.03512951359152794
2035-02-06,,27.749446868896484,33.71288299560547,-5.99783182144165,0.034396570175886154
2035-02-07,,27.724491119384766,33.71311569213867,-6.024877071380615,0.03625147417187691
2035-02-08,,27.364032745361328,33.71334457397461,-6.0510358810424805,-0.29827752709388733
2035-02-09,,27.673316955566406,33.71357727050781,-6.075908660888672,0.0356491394340992
2035-02-10,,27.73740577697754,33.713809967041016,-6.099102973937988,0.1226998120546341
2035-02-11,,27.627960205078125,33.71403884887695,-6.1202311515808105,0.03415101766586304
2035-02-12,,27.610483169555664,33.714271545410156,-6.138916969299316,0.03512951359152794
2035-02-13,,27.59409523010254,33.714500427246094,-6.154801368713379,0.034396570175886154
2035-02-14,,27.583438873291016,33.7147331237793,-6.16754674911499,0.03625147417187691
2035-02-15,,27.23984146118164,33.714962005615234,-6.176843643188477,-0.29827752709388733
2035-02-16,,27.568431854248047,33.71519470214844,-6.182408332824707,0.0356491394340992
2035-02-17,,27.654129028320312,33.715423583984375,-6.183995723724365,0.1226998120546341
2035-02-18,,27.568408966064453,33.71565628051758,-6.181396961212158,0.03415101766586304
2035-02-19,,27.57657241821289,33.715885162353516,-6.174444198608398,0.03512951359152794
2035-02-20,,27.58749771118164,33.71611785888672,-6.163015365600586,0.034396570175886154
2035-02-21,,27.60556411743164,33.71635055541992,-6.147036552429199,0.03625147417187691
2035-02-22,,27.291820526123047,33.71657943725586,-6.1264801025390625,-0.29827752709388733
2035-02-23,,27.65108871459961,33.7168083190918,-6.101370334625244,0.0356491394340992
2035-02-24,,27.767955780029297,33.717041015625,-6.071783542633057,0.1226998120546341
2035-02-25,,27.713573455810547,33.7172737121582,-6.037848949432373,0.03415101766586304
2035-02-26,,27.752885818481445,33.71750259399414,-5.999746799468994,0.03512951359152794
2035-02-27,,27.794424057006836,33.71773147583008,-5.957705497741699,0.034396570175886154
2035-02-28,,27.842208862304688,33.71796417236328,-5.912005424499512,0.03625147417187691
2035-03-01,,27.556943893432617,33.718196868896484,-5.862975120544434,-0.29827752709388733
2035-03-02,,27.94308853149414,33.71842575073242,-5.810986042022705,0.0356491394340992
2035-03-03,,28.08490562438965,33.718658447265625,-5.7564520835876465,0.1226998120546341
2035-03-04,,28.053218841552734,33.71888732910156,-5.699822425842285,0.03415101766586304
2035-03-05,,28.112667083740234,33.719120025634766,-5.641582489013672,0.03512951359152794
2035-03-06,,28.17150115966797,33.7193489074707,-5.582245349884033,0.034396570175886154
2035-03-07,,28.23348617553711,33.719581604003906,-5.522346496582031,0.03625147417187691
2035-03-08,,27.959095001220703,33.71981430053711,-5.46243953704834,-0.29827752709388733
2035-03-09,,28.352603912353516,33.72004318237305,-5.403088569641113,0.0356491394340992
2035-03-10,,28.49810791015625,33.720272064208984,-5.344864368438721,0.1226998120546341
2035-03-11,,28.466320037841797,33.72050476074219,-5.28833532333374,0.03415101766586304
2035-03-12,,28.521804809570312,33.72073745727539,-5.234062194824219,0.03512951359152794
2035-03-13,,28.572769165039062,33.72096633911133,-5.182591915130615,0.034396570175886154
2035-03-14,,28.623001098632812,33.721195220947266,-5.1344475746154785,0.03625147417187691
2035-03-15,,28.333026885986328,33.72142791748047,-5.090125560760498,-0.29827752709388733
2035-03-16,,28.70722198486328,33.72166061401367,-5.050087928771973,0.0356491394340992
2035-03-17,,28.829837799072266,33.72188949584961,-5.014752388000488,0.1226998120546341
2035-03-18,,28.771778106689453,33.72211837768555,-4.984492778778076,0.03415101766586304
2035-03-19,,28.797855377197266,33.72235107421875,-4.959627151489258,0.03512951359152794
2035-03-20,,28.81656265258789,33.72258377075195,-4.940415859222412,0.034396570175886154
2035-03-21,,28.832008361816406,33.72281265258789,-4.927055835723877,0.03625147417187691
2035-03-22,,28.50509262084961,33.723045349121094,-4.919674396514893,-0.29827752709388733
2035-03-23,,28.840595245361328,33.72327423095703,-4.918328762054443,0.0356491394340992
2035-03-24,,28.923206329345703,33.723506927490234,-4.923000335693359,0.1226998120546341
2035-03-25,,28.824295043945312,33.72373580932617,-4.933590888977051,0.03415101766586304
2035-03-26,,28.809173583984375,33.723968505859375,-4.94992733001709,0.03512951359152794
2035-03-27,,28.786842346191406,33.72420120239258,-4.971752643585205,0.034396570175886154
2035-03-28,,28.761951446533203,33.724430084228516,-4.998729228973389,0.03625147417187691
2035-03-29,,28.39594268798828,33.72465896606445,-5.030440330505371,-0.29827752709388733
2035-03-30,,28.69415283203125,33.724891662597656,-5.066390514373779,0.0356491394340992
2035-03-31,,28.74181365966797,33.72512435913086,-5.106007099151611,0.1226998120546341
2035-04-01,,28.610858917236328,33.7253532409668,-5.148644924163818,0.03415101766586304
2035-04-02,,28.567127227783203,33.725582122802734,-5.19358491897583,0.03512951359152794
2035-04-03,,28.520164489746094,33.72581481933594,-5.240048885345459,0.034396570175886154
2035-04-04,,28.47510528564453,33.72604751586914,-5.2871928215026855,0.03625147417187691
2035-04-05,,28.09387969970703,33.72627639770508,-5.3341193199157715,-0.29827752709388733
2035-04-06,,28.38227081298828,33.72650909423828,-5.379885673522949,0.0356491394340992
2035-04-07,,28.425933837890625,33.72673797607422,-5.423505783081055,0.1226998120546341
2035-04-08,,28.297161102294922,33.72697067260742,-5.46396017074585,0.03415101766586304
2035-04-09,,28.262123107910156,33.72719955444336,-5.500207901000977,0.03512951359152794
2035-04-10,,28.23064422607422,33.72743225097656,-5.531186580657959,0.034396570175886154
2035-04-11,,28.208084106445312,33.7276611328125,-5.555831432342529,0.03625147417187691
2035-04-12,,27.856544494628906,33.7278938293457,-5.573071002960205,-0.29827752709388733
2035-04-13,,28.18191909790039,33.728126525878906,-5.581855297088623,0.0356491394340992
2035-04-14,,28.269908905029297,33.728355407714844,-5.581146240234375,0.1226998120546341
2035-04-15,,28.192800521850586,33.72858810424805,-5.569937229156494,0.03415101766586304
2035-04-16,,28.216686248779297,33.728816986083984,-5.54725980758667,0.03512951359152794
2035-04-17,,28.251251220703125,33.72904968261719,-5.51219367980957,0.034396570175886154
2035-04-18,,28.301658630371094,33.729278564453125,-5.463873386383057,0.03625147417187691
2035-04-19,,28.02973175048828,33.72951126098633,-5.401500225067139,-0.29827752709388733
2035-04-20,,28.441043853759766,33.729740142822266,-5.324343681335449,0.0356491394340992
2035-04-21,,28.62091827392578,33.72997283935547,-5.231756687164307,0.1226998120546341
2035-04-22,,28.64117431640625,33.730201721191406,-5.123178005218506,0.03415101766586304
2035-04-23,,28.767425537109375,33.73043441772461,-4.998137474060059,0.03512951359152794
2035-04-24,,28.908798217773438,33.73066711425781,-4.856264114379883,0.034396570175886154
2035-04-25,,29.06985855102539,33.73089599609375,-4.697289943695068,0.03625147417187691
2035-04-26,,28.91179656982422,33.73112487792969,-4.521052360534668,-0.29827752709388733
2035-04-27,,29.43950653076172,33.73135757446289,-4.327497959136963,0.0356491394340992
2035-04-28,,29.73760223388672,33.731590270996094,-4.1166863441467285,0.1226998120546341
2035-04-29,,29.877182006835938,33.73181915283203,-3.8887875080108643,0.03415101766586304
2035-04-30,,30.123092651367188,33.73204803466797,-3.6440858840942383,0.03512951359152794
2035-05-01,,30.38370132446289,33.73228073120117,-3.382976531982422,0.034396570175886154
2035-05-02,,30.662799835205078,33.732513427734375,-3.105964183807373,0.03625147417187691
2035-05-03,,30.620803833007812,33.73274230957031,-2.8136608600616455,-0.29827752709388733
2035-05-04,,31.261837005615234,33.732975006103516,-2.5067834854125977,0.0356491394340992
2035-05-05,,31.669761657714844,33.73320770263672,-2.186145544052124,0.1226998120546341
2035-05-06,,31.914932250976562,33.733436584472656,-1.8526549339294434,0.03415101766586304
2035-05-07,,32.26148986816406,33.733665466308594,-1.5073084831237793,0.03512951359152794
2035-05-08,,32.61711502075195,33.7338981628418,-1.1511799097061157,0.034396570175886154
2035-05-09,,32.984962463378906,33.734130859375,-0.7854189872741699,0.03625147417187691
2035-05-10,,33.024845123291016,33.73435974121094,-0.41123655438423157,-0.29827752709388733
2035-05-11,,33.74033737182617,33.734588623046875,-0.02990095131099224,0.0356491394340992
2035-05-12,,34.21479415893555,33.73482131958008,0.35727405548095703,0.1226998120546341
2035-05-13,,34.51814270019531,33.73505401611328,0.748940110206604,0.03415101766586304
2035-05-14,,34.91413497924805,33.73528289794922,1.1437208652496338,0.03512951359152794
2035-05-15,,35.31013488769531,33.735511779785156,1.5402257442474365,0.034396570175886154
2035-05-16,,35.70905685424805,33.73574447631836,1.9370585680007935,0.03625147417187691
2035-05-17,,35.77052688598633,33.73597717285156,2.332828998565674,-0.29827752709388733
2035-05-18,,36.498016357421875,33.7362060546875,2.726161241531372,0.0356491394340992
2035-05-19,,36.9748420715332,33.73643493652344,3.1157050132751465,0.1226998120546341
2035-05-20,,37.27096939086914,33.73666763305664,3.5001487731933594,0.03415101766586304
2035-05-21,,37.65025329589844,33.736900329589844,3.8782248497009277,0.03512951359152794
2035-05-22,,38.02024459838867,33.73712921142578,4.248719692230225,0.034396570175886154
2035-05-23,,38.38409423828125,33.737361907958984,4.610484600067139,0.03625147417187691
2035-05-24,,38.401756286621094,33.73759460449219,4.962441444396973,-0.29827752709388733
2035-05-25,,39.077064514160156,33.737823486328125,5.303593158721924,0.0356491394340992
2035-05-26,,39.49378204345703,33.73805236816406,5.633026599884033,0.1226998120546341
2035-05-27,,39.72235870361328,33.738285064697266,5.94992208480835,0.03415101766586304
2035-05-28,,40.02720260620117,33.73851776123047,6.253554344177246,0.03512951359152794
2035-05-29,,40.316444396972656,33.738746643066406,6.543302059173584,0.034396570175886154
2035-05-30,,40.593875885009766,33.738975524902344,6.8186492919921875,0.03625147417187691
2035-05-31,,40.52011489868164,33.73920822143555,7.079181671142578,-0.29827752709388733
2035-06-01,,41.09968566894531,33.73944091796875,7.324598789215088,0.0356491394340992
2035-06-02,,41.417076110839844,33.73966979980469,7.5547051429748535,0.1226998120546341
2035-06-03,,41.54346466064453,33.739898681640625,7.769415378570557,0.03415101766586304
2035-06-04,,41.74401092529297,33.74013137817383,7.968747138977051,0.03512951359152794
2035-06-05,,41.92758560180664,33.74036407470703,8.152828216552734,0.034396570175886154
2035-06-06,,42.098724365234375,33.74059295654297,8.321878433227539,0.03625147417187691
2035-06-07,,41.91877365112305,33.74082565307617,8.476223945617676,-0.29827752709388733
2035-06-08,,42.39297866821289,33.74105453491211,8.61627197265625,0.0356491394340992
2035-06-09,,42.606510162353516,33.74128723144531,8.742522239685059,0.1226998120546341
2035-06-10,,42.631221771240234,33.74151611328125,8.855552673339844,0.03415101766586304
2035-06-11,,42.732887268066406,33.74174880981445,8.95600700378418,0.03512951359152794
2035-06-12,,42.82097625732422,33.741981506347656,9.044598579406738,0.034396570175886154
2035-06-13,,42.90055465698242,33.742210388183594,9.12209415435791,0.03625147417187691
2035-06-14,,42.63347244262695,33.74243927001953,9.18930721282959,-0.29827752709388733
2035-06-15,,43.025413513183594,33.742671966552734,9.247088432312012,0.0356491394340992
2035-06-16,,43.16191864013672,33.74290466308594,9.296316146850586,0.1226998120546341
2035-06-17,,43.115177154541016,33.743133544921875,9.337890625,0.03415101766586304
2035-06-18,,43.151214599609375,33.74336624145508,9.372718811035156,0.03512951359152794
2035-06-19,,43.17970275878906,33.743595123291016,9.40170955657959,0.034396570175886154
2035-06-20,,43.20583724975586,33.74382781982422,9.425760269165039,0.03625147417187691
2035-06-21,,42.89153289794922,33.744056701660156,9.445754051208496,-0.29827752709388733
2035-06-22,,43.24248123168945,33.74428939819336,9.462542533874512,0.0356491394340992
2035-06-23,,43.34416580200195,33.7445182800293,9.476946830749512,0.1226998120546341
2035-06-24,,43.26864242553711,33.7447509765625,9.48974323272705,0.03415101766586304
2035-06-25,,43.28176498413086,33.74497985839844,9.501653671264648,0.03512951359152794
2035-06-26,,43.29296112060547,33.74521255493164,9.513350486755371,0.034396570175886154
2035-06-27,,43.307132720947266,33.74544143676758,9.525439262390137,0.03625147417187691
2035-06-28,,42.9858512878418,33.74567413330078,9.538455963134766,-0.29827752709388733
2035-06-29,,43.33441925048828,33.74590301513672,9.552865982055664,0.0356491394340992
2035-06-30,,43.43789291381836,33.74613571166992,9.569058418273926,0.1226998120546341
2035-07-01,,43.367862701416016,33.746368408203125,9.587347030639648,0.03415101766586304
2035-07-02,,43.38968276977539,33.74659729003906,9.607956886291504,0.03512951359152794
2035-07-03,,43.412261962890625,33.746829986572266,9.631034851074219,0.034396570175886154
2035-07-04,,43.43996047973633,33.7470588684082,9.656651496887207,0.03625147417187691
2035-07-05,,43.1338005065918,33.747291564941406,9.684786796569824,-0.29827752709388733
2035-07-06,,43.49851608276367,33.747520446777344,9.715348243713379,0.0356491394340992
2035-07-07,,43.618614196777344,33.74775314331055,9.748162269592285,0.1226998120546341
2035-07-08,,43.565120697021484,33.747982025146484,9.782983779907227,0.03415101766586304
2035-07-09,,43.602840423583984,33.74821472167969,9.819500923156738,0.03512951359152794
2035-07-10,,43.640167236328125,33.748443603515625,9.85732650756836,0.034396570175886154
2035-07-11,,43.68095397949219,33.74867630004883,9.896026611328125,0.03625147417187691
2035-07-12,,43.385738372802734,33.748905181884766,9.935111045837402,-0.29827752709388733
2035-07-13,,43.75882339477539,33.74913787841797,9.974037170410156,0.0356491394340992
2035-07-14,,43.88429260253906,33.74937057495117,10.012223243713379,0.1226998120546341
2035-07-15,,43.83281707763672,33.74959945678711,10.049064636230469,0.03415101766586304
2035-07-16,,43.86888122558594,33.74982833862305,10.08392333984375,0.03512951359152794
2035-07-17,,43.90060806274414,33.75006103515625,10.1161527633667,0.034396570175886154
2035-07-18,,43.93163299560547,33.75029373168945,10.145090103149414,0.03625147417187691
2035-07-19,,43.622318267822266,33.75052261352539,10.170075416564941,-0.29827752709388733
2035-07-20,,43.976863861083984,33.750755310058594,10.190460205078125,0.0356491394340992
2035-07-21,,44.07929611206055,33.75098419189453,10.20561408996582,0.1226998120546341
2035-07-22,,44.00028610229492,33.751216888427734,10.214920043945312,0.03415101766586304
2035-07-23,,44.0043830871582,33.75144577026367,10.217805862426758,0.03512951359152794
2035-07-24,,43.99980163574219,33.751678466796875,10.213727951049805,0.034396570175886154
2035-07-25,,43.9903564453125,33.75191116333008,10.202195167541504,0.03625147417187691
2035-07-26,,43.63662338256836,33.752140045166016,10.182761192321777,-0.29827752709388733
2035-07-27,,43.94306945800781,33.75236892700195,10.155049324035645,0.0356491394340992
2035-07-28,,43.9940299987793,33.752601623535156,10.118727684020996,0.1226998120546341
2035-07-29,,43.86052703857422,33.75283432006836,10.073546409606934,0.03415101766586304
2035-07-30,,43.80751419067383,33.7530632019043,10.019319534301758,0.03512951359152794
2035-07-31,,43.743621826171875,33.753292083740234,9.955930709838867,0.034396570175886154
2035-08-01,,43.673126220703125,33.75352478027344,9.88334846496582,0.03625147417187691
2035-08-02,,43.257083892822266,33.75375747680664,9.801604270935059,-0.29827752709388733
2035-08-03,,43.500450134277344,33.75398635864258,9.710813522338867,0.0356491394340992
2035-08-04,,43.48809051513672,33.754215240478516,9.61117172241211,0.1226998120546341
2035-08-05,,43.29153823852539,33.75444793701172,9.502939224243164,0.03415101766586304
2035-08-06,,43.17626190185547,33.75468063354492,9.386452674865723,0.03512951359152794
2035-08-07,,43.051429748535156,33.75490951538086,9.262124061584473,0.034396570175886154
2035-08-08,,42.92181396484375,33.75514221191406,9.130420684814453,0.03625147417187691
2035-08-09,,42.448974609375,33.75537109375,8.991878509521484,-0.29827752709388733
2035-08-10,,42.63833999633789,33.7556037902832,8.847088813781738,0.0356491394340992
2035-08-11,,42.575225830078125,33.75583267211914,8.696691513061523,0.1226998120546341
2035-08-12,,42.33158874511719,33.756065368652344,8.541370391845703,0.03415101766586304
2035-08-13,,42.173274993896484,33.75629806518555,8.38184928894043,0.03512951359152794
2035-08-14,,42.00980758666992,33.756526947021484,8.218884468078613,0.034396570175886154
2035-08-15,,41.846256256103516,33.75675582885742,8.053248405456543,0.03625147417187691
2035-08-16,,41.34444808959961,33.756988525390625,7.885735988616943,-0.29827752709388733
2035-08-17,,41.510013580322266,33.75722122192383,7.717145919799805,0.0356491394340992
2035-08-18,,41.42842483520508,33.757450103759766,7.548275947570801,0.1226998120546341
2035-08-19,,41.171749114990234,33.75768280029297,7.379915714263916,0.03415101766586304
2035-08-20,,41.005882263183594,33.757911682128906,7.212839603424072,0.03512951359152794
2035-08-21,,40.840335845947266,33.75814437866211,7.047795295715332,0.034396570175886154
2035-08-22,,40.68012619018555,33.75837326049805,6.885499954223633,0.03625147417187691
2035-08-23,,40.18695831298828,33.75860595703125,6.726631164550781,-0.29827752709388733
2035-08-24,,40.366302490234375,33.75883483886719,6.571818828582764,0.0356491394340992
2035-08-25,,40.303409576416016,33.75906753540039,6.421641826629639,0.1226998120546341
2035-08-26,,40.070064544677734,33.75929641723633,6.276618480682373,0.03415101766586304
2035-08-27,,39.93186569213867,33.75952911376953,6.137206554412842,0.03512951359152794
2035-08-28,,39.79794692993164,33.75975799560547,6.003790378570557,0.034396570175886154
2035-08-29,,39.67292785644531,33.75999069213867,5.876683712005615,0.03625147417187691
2035-08-30,,39.21807098388672,33.760223388671875,5.756126403808594,-0.29827752709388733
2035-08-31,,39.43838119506836,33.76045227050781,5.642277717590332,0.0356491394340992
2035-09-01,,39.41859817504883,33.760684967041016,5.535215377807617,0.1226998120546341
2035-09-02,,39.230003356933594,33.76091384887695,5.434938430786133,0.03415101766586304
2035-09-03,,39.137638092041016,33.761146545410156,5.341363430023193,0.03512951359152794
2035-09-04,,39.05009841918945,33.761375427246094,5.2543253898620605,0.034396570175886154
2035-09-05,,38.971439361572266,33.7616081237793,5.173583030700684,0.03625147417187691
2035-09-06,,38.562374114990234,33.761837005615234,5.098814010620117,-0.29827752709388733
2035-09-07,,38.82734680175781,33.76206970214844,5.029627799987793,0.0356491394340992
2035-09-08,,38.85055923461914,33.762298583984375,4.965559482574463,0.1226998120546341
2035-09-09,,38.7027587890625,33.76253128051758,4.906078815460205,0.03415101766586304
2035-09-10,,38.64849090576172,33.76276397705078,4.8505988121032715,0.03512951359152794
2035-09-11,,38.595863342285156,33.76299285888672,4.79847526550293,0.034396570175886154
2035-09-12,,38.548492431640625,33.763221740722656,4.749016761779785,0.03625147417187691
2035-09-13,,38.166664123535156,33.76345443725586,4.70149040222168,-0.29827752709388733
2035-09-14,,38.454463958740234,33.76368713378906,4.655129432678223,0.0356491394340992
2035-09-15,,38.49575424194336,33.763916015625,4.609139919281006,0.1226998120546341
2035-09-16,,38.36100769042969,33.76414489746094,4.562708854675293,0.03415101766586304
2035-09-17,,38.31452178955078,33.76437759399414,4.5150146484375,0.03512951359152794
2035-09-18,,38.26423645019531,33.764610290527344,4.465230464935303,0.034396570175886154
2035-09-19,,38.213626861572266,33.76483917236328,4.412537097930908,0.03625147417187691
2035-09-20,,37.82291793823242,33.765071868896484,4.35612678527832,-0.29827752709388733
2035-09-21,,38.09616470336914,33.76530075073242,4.2952141761779785,0.0356491394340992
2035-09-22,,38.117279052734375,33.765533447265625,4.2290449142456055,0.1226998120546341
2035-09-23,,37.956809997558594,33.76576232910156,4.156898498535156,0.03415101766586304
2035-09-24,,37.87922286987305,33.765995025634766,4.078100204467773,0.03512951359152794
2035-09-25,,37.79264450073242,33.76622772216797,3.992023468017578,0.034396570175886154
2035-09-26,,37.7008056640625,33.766456604003906,3.8981006145477295,0.03625147417187691
2035-09-27,,37.26423263549805,33.766685485839844,3.795825242996216,-0.29827752709388733
2035-09-28,,37.48732376098633,33.76691818237305,3.6847586631774902,0.0356491394340992
2035-09-29,,37.454383850097656,33.76715087890625,3.5645320415496826,0.1226998120546341
2035-09-30,,37.236385345458984,33.76737976074219,3.4348537921905518,0.03415101766586304
2035-10-01,,37.09824752807617,33.767608642578125,3.295509099960327,0.03512951359152794
2035-10-02,,36.948604583740234,33.76784133911133,3.146364450454712,0.034396570175886154
2035-10-03,,36.791690826416016,33.76807403564453,2.9873673915863037,0.03625147417187691
2035-10-04,,36.28857421875,33.76830291748047,2.818549394607544,-0.29827752709388733
2035-10-05,,36.4442024230957,33.768531799316406,2.640022039413452,0.0356491394340992
2035-10-06,,36.34344482421875,33.76876449584961,2.451979875564575,0.1226998120546341
2035-10-07,,36.05784606933594,33.76899719238281,2.254697322845459,0.03415101766586304
2035-10-08,,35.852882385253906,33.76922607421875,2.048525094985962,0.03512951359152794
2035-10-09,,35.63774490356445,33.76945877075195,1.8338907957077026,0.034396570175886154
2035-10-10,,35.41722869873047,33.76968765258789,1.6112900972366333,0.03625147417187691
2035-10-11,,34.852928161621094,33.769920349121094,1.3812859058380127,-0.29827752709388733
2035-10-12,,34.95030212402344,33.77014923095703,1.144501805305481,0.0356491394340992
2035-10-13,,34.794700622558594,33.770381927490234,0.9016194343566895,0.1226998120546341
2035-10-14,,34.4581298828125,33.77061462402344,0.6533665060997009,0.03415101766586304
2035-10-15,,34.20648956298828,33.770843505859375,0.40051770210266113,0.03512951359152794
2035-10-16,,33.9493522644043,33.77107238769531,0.143882617354393,0.034396570175886154
2035-10-17,,33.691856384277344,33.771305084228516,-0.11569971591234207,0.03625147417187691
2035-10-18,,33.09589385986328,33.77153778076172,-0.37736594676971436,-0.29827752709388733
2035-10-19,,33.16717529296875,33.771766662597656,-0.6402396559715271,0.0356491394340992
2035-10-20,,32.99126052856445,33.771995544433594,-0.9034363031387329,0.1226998120546341
2035-10-21,,32.64031219482422,33.7722282409668,-1.166068196296692,0.03415101766586304
2035-10-22,,32.38032913208008,33.7724609375,-1.4272592067718506,0.03512951359152794
2035-10-23,,32.120941162109375,33.77268981933594,-1.686143398284912,0.034396570175886154
2035-10-24,,31.867294311523438,33.772918701171875,-1.9418772459030151,0.03625147417187691
2035-10-25,,31.281230926513672,33.77315139770508,-2.1936452388763428,-0.29827752709388733
2035-10-26,,31.368366241455078,33.77338409423828,-2.4406659603118896,0.0356491394340992
2035-10-27,,31.21411895751953,33.77361297607422,-2.6821959018707275,0.1226998120546341
2035-10-28,,30.890457153320312,33.77384567260742,-2.9175381660461426,0.03415101766586304
2035-10-29,,30.663158416748047,33.77407455444336,-3.1460464000701904,0.03512951359152794
2035-10-30,,30.441577911376953,33.77430725097656,-3.36712646484375,0.034396570175886154
2035-10-31,,30.230541229248047,33.7745361328125,-3.5802459716796875,0.03625147417187691
2035-11-01,,29.69156265258789,33.7747688293457,-3.7849295139312744,-0.29827752709388733
2035-11-02,,29.829879760742188,33.775001525878906,-3.9807698726654053,0.0356491394340992
2035-11-03,,29.730506896972656,33.775230407714844,-4.167422294616699,0.1226998120546341
2035-11-04,,29.46500015258789,33.77545928955078,-4.344611644744873,0.03415101766586304
2035-11-05,,29.298694610595703,33.775691986083984,-4.512127876281738,0.03512951359152794
2035-11-06,,29.140487670898438,33.77592468261719,-4.669830799102783,0.034396570175886154
2035-11-07,,28.994762420654297,33.776153564453125,-4.817644119262695,0.03625147417187691
2035-11-08,,28.52254867553711,33.77638626098633,-4.955559253692627,-0.29827752709388733
2035-11-09,,28.728633880615234,33.776615142822266,-5.083632469177246,0.0356491394340992
2035-11-10,,28.69757080078125,33.77684783935547,-5.201975345611572,0.1226998120546341
2035-11-11,,28.500465393066406,33.777076721191406,-5.310763359069824,0.03415101766586304
2035-11-12,,28.402217864990234,33.77730941772461,-5.410221576690674,0.03512951359152794
2035-11-13,,28.31130599975586,33.77753829956055,-5.500632286071777,0.034396570175886154
2035-11-14,,28.231708526611328,33.77777099609375,-5.582314491271973,0.03625147417187691
2035-11-15,,27.82408905029297,33.77800369262695,-5.655636310577393,-0.29827752709388733
2035-11-16,,28.092884063720703,33.77823257446289,-5.720997333526611,0.0356491394340992
2035-11-17,,28.122329711914062,33.77846145629883,-5.77883243560791,0.1226998120546341
2035-11-18,,27.983247756958008,33.77869415283203,-5.829597473144531,0.03415101766586304
2035-11-19,,27.94028091430664,33.778926849365234,-5.873773574829102,0.03512951359152794
2035-11-20,,27.90169906616211,33.77915573120117,-5.9118547439575195,0.034396570175886154
2035-11-21,,27.87129783630371,33.779388427734375,-5.944340705871582,0.03625147417187691
2035-11-22,,27.509597778320312,33.77961730957031,-5.971741199493408,-0.29827752709388733
2035-11-23,,27.820934295654297,33.779850006103516,-5.994563579559326,0.0356491394340992
2035-11-24,,27.889476776123047,33.78007888793945,-6.013305187225342,0.1226998120546341
2035-11-25,,27.786006927490234,33.780311584472656,-6.028454303741455,0.03415101766586304
2035-11-26,,27.775190353393555,33.78054428100586,-6.040482997894287,0.03512951359152794
2035-11-27,,27.765321731567383,33.7807731628418,-6.04984712600708,0.034396570175886154
2035-11-28,,27.76028060913086,33.781002044677734,-6.056974411010742,0.03625147417187691
2035-11-29,,27.420692443847656,33.78123474121094,-6.062265396118164,-0.29827752709388733
2035-11-30,,27.751018524169922,33.78146743774414,-6.066096782684326,0.0356491394340992
2035-12-01,,27.835590362548828,33.78169631958008,-6.06880521774292,0.1226998120546341
2035-12-02,,27.745380401611328,33.781925201416016,-6.07069730758667,0.03415101766586304
2035-12-03,,27.74524688720703,33.78215789794922,-6.072040557861328,0.03512951359152794
2035-12-04,,27.743717193603516,33.78239059448242,-6.073070049285889,0.034396570175886154
2035-12-05,,27.744892120361328,33.78261947631836,-6.073980331420898,0.03625147417187691
2035-12-06,,27.40964126586914,33.7828483581543,-6.074930191040039,-0.29827752709388733
2035-12-07,,27.742694854736328,33.7830810546875,-6.076038360595703,0.0356491394340992
2035-12-08,,27.828622817993164,33.7833137512207,-6.077390670776367,0.1226998120546341
2035-12-09,,27.73865509033203,33.78354263305664,-6.079039573669434,0.03415101766586304
2035-12-10,,27.737903594970703,33.783775329589844,-6.080999374389648,0.03512951359152794
2035-12-11,,27.735145568847656,33.78400802612305,-6.083257675170898,0.034396570175886154
2035-12-12,,27.734710693359375,33.784236907958984,-6.085775852203369,0.03625147417187691
2035-12-13,,27.397701263427734,33.78446578979492,-6.088487148284912,-0.29827752709388733
2035-12-14,,27.72904396057129,33.784698486328125,-6.091302394866943,0.0356491394340992
2035-12-15,,27.813514709472656,33.78493118286133,-6.094115257263184,0.1226998120546341
2035-12-16,,27.722505569458008,33.785160064697266,-6.096805095672607,0.03415101766586304
2035-12-17,,27.721282958984375,33.7853889465332,-6.09923791885376,0.03512951359152794
2035-12-18,,27.718746185302734,33.785621643066406,-6.101272106170654,0.034396570175886154
2035-12-19,,27.719341278076172,33.78585433959961,-6.102763652801514,0.03625147417187691
2035-12-20,,27.384239196777344,33.78608322143555,-6.103568077087402,-0.29827752709388733
2035-12-21,,27.71842384338379,33.786312103271484,-6.103539943695068,0.0356491394340992
2035-12-22,,27.806697845458984,33.78654479980469,-6.102546691894531,0.1226998120546341
2035-12-23,,27.7204647064209,33.78677749633789,-6.100462913513184,0.03415101766586304
2035-12-24,,27.72496223449707,33.78700637817383,-6.097175121307373,0.03512951359152794
2035-12-25,,27.72904396057129,33.787235260009766,-6.092588901519775,0.034396570175886154
2035-12-26,,27.737098693847656,33.78746795654297,-6.086623668670654,0.03625147417187691
2035-12-27,,27.410198211669922,33.78770065307617,-6.079224109649658,-0.29827752709388733
2035-12-28,,27.753223419189453,33.78792953491211,-6.0703558921813965,0.0356491394340992
2035-12-29,,27.85085678100586,33.78816223144531,-6.060006141662598,0.1226998120546341
2035-12-30,,27.77435302734375,33.788394927978516,-6.048190593719482,0.03415101766586304
2035-12-31,,27.788803100585938,33.78862380981445,-6.034951210021973,0.03512951359152794
2036-01-01,,27.802902221679688,33.78885269165039,-6.020349502563477,0.034396570175886154
2036-01-02,,27.82086181640625,33.789085388183594,-6.004477024078369,0.03625147417187691
2036-01-03,,27.503585815429688,33.7893180847168,-5.987452030181885,-0.29827752709388733
2036-01-04,,27.85578155517578,33.789546966552734,-5.9694132804870605,0.0356491394340992
2036-01-05,,27.961952209472656,33.78977584838867,-5.950523376464844,0.1226998120546341
2036-01-06,,27.89319610595703,33.790008544921875,-5.930965423583984,0.03415101766586304
2036-01-07,,27.9144287109375,33.79024124145508,-5.910940647125244,0.03512951359152794
2036-01-08,,27.934200286865234,33.790470123291016,-5.890666484832764,0.034396570175886154
2036-01-09,,27.956581115722656,33.79070281982422,-5.870372772216797,0.03625147417187691
2036-01-10,,27.642353057861328,33.790931701660156,-5.850302219390869,-0.29827752709388733
2036-01-11,,27.996112823486328,33.79116439819336,-5.8306989669799805,0.0356491394340992
2036-01-12,,28.102277755737305,33.7913932800293,-5.811816215515137,0.1226998120546341
2036-01-13,,28.031871795654297,33.7916259765625,-5.7939043045043945,0.03415101766586304
2036-01-14,,28.04977798461914,33.79185485839844,-5.777209281921387,0.03512951359152794
2036-01-15,,28.06451416015625,33.79208755493164,-5.761969566345215,0.034396570175886154
2036-01-16,,28.080154418945312,33.79231643676758,-5.748414993286133,0.03625147417187691
2036-01-17,,27.75751304626465,33.79254913330078,-5.736758708953857,-0.29827752709388733
2036-01-18,,28.101234436035156,33.792781829833984,-5.727194786071777,0.0356491394340992
2036-01-19,,28.195812225341797,33.79301071166992,-5.719897747039795,0.1226998120546341
2036-01-20,,28.112377166748047,33.793243408203125,-5.715015888214111,0.03415101766586304
2036-01-21,,28.115928649902344,33.79347229003906,-5.712674617767334,0.03512951359152794
2036-01-22,,28.11513900756836,33.793704986572266,-5.712963104248047,0.034396570175886154
2036-01-23,,28.114242553710938,33.7939338684082,-5.7159423828125,0.03625147417187691
2036-01-24,,27.774248123168945,33.794166564941406,-5.721640586853027,-0.29827752709388733
2036-01-25,,28.09999656677246,33.794395446777344,-5.730049133300781,0.0356491394340992
2036-01-26,,28.176204681396484,33.79462814331055,-5.741123676300049,0.1226998120546341
2036-01-27,,28.07422637939453,33.794857025146484,-5.754782199859619,0.03415101766586304
2036-01-28,,28.059310913085938,33.79508972167969,-5.770908832550049,0.03512951359152794
2036-01-29,,28.040367126464844,33.795318603515625,-5.789348125457764,0.034396570175886154
2036-01-30,,28.021888732910156,33.79555130004883,-5.809915065765381,0.03625147417187691
2036-01-31,,27.665122985839844,33.79578399658203,-5.832382678985596,-0.29827752709388733
2036-02-01,,27.975162506103516,33.79601287841797,-5.856500148773193,0.0356491394340992
2036-02-02,,28.036964416503906,33.796241760253906,-5.8819804191589355,0.1226998120546341
2036-02-03,,27.92211151123047,33.79647445678711,-5.908514022827148,0.03415101766586304
2036-02-04,,27.896072387695312,33.79670715332031,-5.935763835906982,0.03512951359152794
2036-02-05,,27.867958068847656,33.79693603515625,-5.963375568389893,0.034396570175886154
2036-02-06,,27.84244155883789,33.79716873168945,-5.990978240966797,0.03625147417187691
2036-02-07,,27.48093605041504,33.79739761352539,-6.01818323135376,-0.29827752709388733
2036-02-08,,27.788677215576172,33.797630310058594,-6.044600486755371,0.0356491394340992
2036-02-09,,27.850727081298828,33.79785919189453,-6.069833755493164,0.1226998120546341
2036-02-10,,27.738758087158203,33.798091888427734,-6.0934834480285645,0.03415101766586304
2036-02-11,,27.71828842163086,33.79832458496094,-6.115163326263428,0.03512951359152794
2036-02-12,,27.698455810546875,33.798553466796875,-6.134494304656982,0.034396570175886154
2036-02-13,,27.683921813964844,33.79878234863281,-6.1511125564575195,0.03625147417187691
2036-02-14,,27.336063385009766,33.799015045166016,-6.164672374725342,-0.29827752709388733
2036-02-15,,27.660036087036133,33.79924774169922,-6.174858570098877,0.0356491394340992
2036-02-16,,27.74079704284668,33.799476623535156,-6.181380271911621,0.1226998120546341
2036-02-17,,27.649873733520508,33.799705505371094,-6.183983325958252,0.03415101766586304
2036-02-18,,27.652618408203125,33.7999382019043,-6.182448387145996,0.03512951359152794
2036-02-19,,27.65796661376953,33.8001708984375,-6.176598072052002,0.034396570175886154
2036-02-20,,27.670352935791016,33.80039978027344,-6.166297435760498,0.03625147417187691
2036-02-21,,27.350893020629883,33.800628662109375,-6.15146017074585,-0.29827752709388733
2036-02-22,,27.704463958740234,33.80086135864258,-6.132046699523926,0.0356491394340992
2036-02-23,,27.815723419189453,33.80109405517578,-6.1080708503723145,0.1226998120546341
2036-02-24,,27.75588035583496,33.80132293701172,-6.079594612121582,0.03415101766586304
2036-02-25,,27.78995132446289,33.80155563354492,-6.046732425689697,0.03512951359152794
2036-02-26,,27.8265323638916,33.80178451538086,-6.009650707244873,0.034396570175886154
2036-02-27,,27.86969757080078,33.80201721191406,-5.968570232391357,0.03625147417187691
2036-02-28,,27.580211639404297,33.80224609375,-5.9237565994262695,-0.29827752709388733
2036-02-29,,27.962600708007812,33.8024787902832,-5.875524520874023,0.0356491394340992
2036-03-01,,28.101171493530273,33.802711486816406,-5.824238300323486,0.1226998120546341
2036-03-02,,28.066791534423828,33.802940368652344,-5.770299911499023,0.03415101766586304
2036-03-03,,28.124149322509766,33.80316925048828,-5.714148998260498,0.03512951359152794
2036-03-04,,28.181533813476562,33.803401947021484,-5.656264781951904,0.034396570175886154
2036-03-05,,28.24272918701172,33.80363464355469,-5.597153663635254,0.03625147417187691
2036-03-06,,27.968242645263672,33.803863525390625,-5.537343502044678,-0.29827752709388733
2036-03-07,,28.36235809326172,33.80409240722656,-5.4773850440979,0.0356491394340992
2036-03-08,,28.509185791015625,33.804325103759766,-5.41784143447876,0.1226998120546341
2036-03-09,,28.479427337646484,33.80455780029297,-5.35928201675415,0.03415101766586304
2036-03-10,,28.537639617919922,33.804786682128906,-5.3022780418396,0.03512951359152794
2036-03-11,,28.592025756835938,33.805015563964844,-5.247389316558838,0.034396570175886154
2036-03-12,,28.64633560180664,33.80524826049805,-5.195167541503906,0.03625147417187691
2036-03-13,,28.36105728149414,33.80548095703125,-5.146143913269043,-0.29827752709388733
2036-03-14,,28.740535736083984,33.80570983886719,-5.100822448730469,0.0356491394340992
2036-03-15,,28.868968963623047,33.80594253540039,-5.059671878814697,0.1226998120546341
2036-03-16,,28.81719970703125,33.80617141723633,-5.0231242179870605,0.03415101766586304
2036-03-17,,28.849971771240234,33.80640411376953,-4.99156379699707,0.03512951359152794
2036-03-18,,28.875709533691406,33.80663299560547,-4.965322494506836,0.034396570175886154
2036-03-19,,28.898441314697266,33.80686569213867,-4.944677352905273,0.03625147417187691
2036-03-20,,28.5789794921875,33.807098388671875,-4.929839134216309,-0.29827752709388733
2036-03-21,,28.922019958496094,33.80732727050781,-4.92095422744751,0.0356491394340992
2036-03-22,,29.012157440185547,33.80755615234375,-4.918098449707031,0.1226998120546341
2036-03-23,,28.920669555664062,33.80778884887695,-4.921272277832031,0.03415101766586304
2036-03-24,,28.91275405883789,33.808021545410156,-4.93039608001709,0.03512951359152794
2036-03-25,,28.897327423095703,33.808250427246094,-4.945318222045898,0.034396570175886154
2036-03-26,,28.878936767578125,33.8084831237793,-4.965798854827881,0.03625147417187691
2036-03-27,,28.51891326904297,33.808712005615234,-4.991523265838623,-0.29827752709388733
2036-03-28,,28.822498321533203,33.80894470214844,-5.022093772888184,0.0356491394340992
2036-03-29,,28.874839782714844,33.809173583984375,-5.057035446166992,0.1226998120546341
2036-03-30,,28.747764587402344,33.80940628051758,-5.0957932472229,0.03415101766586304
2036-03-31,,28.707027435302734,33.809635162353516,-5.137739658355713,0.03512951359152794
2036-04-01,,28.662086486816406,33.80986785888672,-5.182176113128662,0.034396570175886154
2036-04-02,,28.61801528930664,33.810096740722656,-5.228335380554199,0.03625147417187691
2036-04-03,,28.23666000366211,33.81032943725586,-5.275390625,-0.29827752709388733
2036-04-04,,28.52375030517578,33.8105583190918,-5.3224592208862305,0.0356491394340992
2036-04-05,,28.564884185791016,33.810791015625,-5.368606090545654,0.1226998120546341
2036-04-06,,28.432315826416016,33.8110237121582,-5.4128570556640625,0.03415101766586304
2036-04-07,,28.392181396484375,33.81125259399414,-5.454200267791748,0.03512951359152794
2036-04-08,,28.35428237915039,33.811485290527344,-5.491598129272461,0.034396570175886154
2036-04-09,,28.323970794677734,33.81171417236328,-5.523994445800781,0.03625147417187691
2036-04-10,,27.963346481323242,33.811946868896484,-5.55032205581665,-0.29827752709388733
2036-04-11,,28.27831268310547,33.81217575073242,-5.569513320922852,0.0356491394340992
2036-04-12,,28.354595184326172,33.812408447265625,-5.580509662628174,0.1226998120546341
2036-04-13,,28.26451873779297,33.81263732910156,-5.582268714904785,0.03415101766586304
2036-04-14,,28.27422332763672,33.812870025634766,-5.573776721954346,0.03512951359152794
2036-04-15,,28.293441772460938,33.8130989074707,-5.554055690765381,0.034396570175886154
2036-04-16,,28.327411651611328,33.813331604003906,-5.522170066833496,0.03625147417187691
2036-04-17,,28.038043975830078,33.81356430053711,-5.477241039276123,-0.29827752709388733
2036-04-18,,28.430992126464844,33.81379318237305,-5.418450832366943,0.0356491394340992
2036-04-19,,28.59166717529297,33.814022064208984,-5.34505558013916,0.1226998120546341
2036-04-20,,28.592021942138672,33.81425476074219,-5.256382465362549,0.03415101766586304
2036-04-21,,28.697765350341797,33.81448745727539,-5.151849269866943,0.03512951359152794
2036-04-22,,28.818153381347656,33.81471633911133,-5.030961990356445,0.034396570175886154
2036-04-23,,28.957874298095703,33.814945220947266,-4.893326759338379,0.03625147417187691
2036-04-24,,28.77825164794922,33.81517791748047,-4.7386474609375,-0.29827752709388733
2036-04-25,,29.284324645996094,33.81541061401367,-4.566734790802002,0.0356491394340992
2036-04-26,,29.560832977294922,33.81563949584961,-4.377508640289307,0.1226998120546341
2036-04-27,,29.67902374267578,33.81587219238281,-4.170999526977539,0.03415101766586304
2036-04-28,,29.903881072998047,33.81610107421875,-3.9473509788513184,0.03512951359152794
2036-04-29,,30.14391326904297,33.81633377075195,-3.706817150115967,0.034396570175886154
2036-04-30,,30.40304946899414,33.81656265258789,-3.4497666358947754,0.03625147417187691
2036-05-01,,30.341838836669922,33.816795349121094,-3.1766767501831055,-0.29827752709388733
2036-05-02,,30.964542388916016,33.8170280456543,-2.8881332874298096,0.0356491394340992
2036-05-03,,31.35512924194336,33.817256927490234,-2.5848264694213867,0.1226998120546341
2036-05-04,,31.584091186523438,33.81748580932617,-2.2675464153289795,0.03415101766586304
2036-05-05,,31.915664672851562,33.817718505859375,-1.9371795654296875,0.03512951359152794
2036-05-06,,32.25764846801758,33.81795120239258,-1.5946991443634033,0.034396570175886154
2036-05-07,,32.6132698059082,33.818180084228516,-1.2411611080169678,0.03625147417187691
2036-05-08,,32.64243698120117,33.81840896606445,-0.8776968717575073,-0.29827752709388733
2036-05-09,,33.34878921508789,33.818641662597656,-0.5055034160614014,0.0356491394340992
2036-05-10,,33.815738677978516,33.81887435913086,-0.12583471834659576,0.1226998120546341
2036-05-11,,34.11326217651367,33.8191032409668,0.2600058317184448,0.03415101766586304
2036-05-12,,34.50514221191406,33.819332122802734,0.6506776213645935,0.03512951359152794
2036-05-13,,34.898773193359375,33.81956481933594,1.0448089838027954,0.034396570175886154
2036-05-14,,35.297061920166016,33.81979751586914,1.4410139322280884,0.03625147417187691
2036-05-15,,35.35964584350586,33.82002639770508,1.8378958702087402,-0.29827752709388733
2036-05-16,,36.089969635009766,33.82025909423828,2.2340614795684814,0.0356491394340992
2036-05-17,,36.571319580078125,33.82048797607422,2.6281309127807617,0.1226998120546341
2036-05-18,,36.873619079589844,33.82072067260742,3.018747568130493,0.03415101766586304
2036-05-19,,37.26066589355469,33.82094955444336,3.4045867919921875,0.03512951359152794
2036-05-20,,37.639949798583984,33.82118225097656,3.7843706607818604,0.034396570175886154
2036-05-21,,38.01453399658203,33.821414947509766,4.1568708419799805,0.03625147417187691
2036-05-22,,38.044288635253906,33.8216438293457,4.5209221839904785,-0.29827752709388733
2036-05-23,,38.73295211791992,33.82187271118164,4.87542724609375,0.0356491394340992
2036-05-24,,39.1641731262207,33.822105407714844,5.219369411468506,0.1226998120546341
2036-05-25,,39.408302307128906,33.82233810424805,5.551812648773193,0.03415101766586304
2036-05-26,,39.729610443115234,33.822566986083984,5.871915340423584,0.03512951359152794
2036-05-27,,40.0361213684082,33.82279586791992,6.178925037384033,0.034396570175886154
2036-05-28,,40.331478118896484,33.823028564453125,6.47219705581665,0.03625147417187691
2036-05-29,,40.27617263793945,33.82326126098633,6.751187324523926,-0.29827752709388733
2036-05-30,,40.874595642089844,33.823490142822266,7.015456199645996,0.0356491394340992
2036-05-31,,41.211097717285156,33.82372283935547,7.264674663543701,0.1226998120546341
2036-06-01,,41.356727600097656,33.823951721191406,7.498620986938477,0.03415101766586304
2036-06-02,,41.57649612426758,33.82418441772461,7.717182159423828,0.03512951359152794
2036-06-03,,41.77915954589844,33.82441329956055,7.920350551605225,0.034396570175886154
2036-06-04,,41.96912384033203,33.82464599609375,8.108227729797363,0.03625147417187691
2036-06-05,,41.80760955810547,33.82487487792969,8.281009674072266,-0.29827752709388733
2036-06-06,,42.29975128173828,33.82510757446289,8.438994407653809,0.0356491394340992
2036-06-07,,42.530609130859375,33.82533645629883,8.582573890686035,0.1226998120546341
2036-06-08,,42.57194519042969,33.82556915283203,8.712224960327148,0.03415101766586304
2036-06-09,,42.689430236816406,33.825801849365234,8.828499794006348,0.03512951359152794
2036-06-10,,42.79246139526367,33.82603073120117,8.932032585144043,0.034396570175886154
2036-06-11,,42.88603591918945,33.826263427734375,9.02352237701416,0.03625147417187691
2036-06-12,,42.63193130493164,33.82649230957031,9.103716850280762,-0.29827752709388733
2036-06-13,,43.035797119140625,33.826725006103516,9.173421859741211,0.0356491394340992
2036-06-14,,43.18313217163086,33.82695388793945,9.233479499816895,0.1226998120546341
2036-06-15,,43.14609909057617,33.827186584472656,9.284761428833008,0.03415101766586304
2036-06-16,,43.190711975097656,33.827415466308594,9.328165054321289,0.03512951359152794
2036-06-17,,43.22663879394531,33.8276481628418,9.364594459533691,0.034396570175886154
2036-06-18,,43.259090423583984,33.827877044677734,9.394960403442383,0.03625147417187691
2036-06-19,,42.94999313354492,33.82810974121094,9.420162200927734,-0.29827752709388733
2036-06-20,,43.305076599121094,33.828338623046875,9.441088676452637,0.0356491394340992
2036-06-21,,43.40987014770508,33.82857131958008,9.458600997924805,0.1226998120546341
2036-06-22,,43.336483001708984,33.82880401611328,9.473527908325195,0.03415101766586304
2036-06-23,,43.3508186340332,33.82903289794922,9.486654281616211,0.03512951359152794
2036-06-24,,43.36238098144531,33.829261779785156,9.4987211227417,0.034396570175886154
2036-06-25,,43.376155853271484,33.82949447631836,9.510412216186523,0.03625147417187691
2036-06-26,,43.05379867553711,33.82972717285156,9.52234935760498,-0.29827752709388733
2036-06-27,,43.400691986083984,33.8299560546875,9.535087585449219,0.0356491394340992
2036-06-28,,43.50199508666992,33.8301887512207,9.54910945892334,0.1226998120546341
2036-06-29,,43.42939376831055,33.83041763305664,9.564825057983398,0.03415101766586304
2036-06-30,,43.44834518432617,33.830650329589844,9.582564353942871,0.03512951359152794
2036-07-01,,43.46785354614258,33.83087921142578,9.602577209472656,0.034396570175886154
2036-07-02,,43.49238967895508,33.831111907958984,9.625029563903809,0.03625147417187691
2036-07-03,,43.18307113647461,33.83134460449219,9.650008201599121,-0.29827752709388733
2036-07-04,,43.544742584228516,33.831573486328125,9.677520751953125,0.0356491394340992
2036-07-05,,43.661991119384766,33.83180236816406,9.707487106323242,0.1226998120546341
2036-07-06,,43.60594177246094,33.832035064697266,9.739758491516113,0.03415101766586304
2036-07-07,,43.641502380371094,33.83226776123047,9.774106979370117,0.03512951359152794
2036-07-08,,43.6771240234375,33.832496643066406,9.81023120880127,0.034396570175886154
2036-07-09,,43.71674728393555,33.832725524902344,9.847769737243652,0.03625147417187691
2036-07-10,,43.42097473144531,33.83295822143555,9.886295318603516,-0.29827752709388733
2036-07-11,,43.79417419433594,33.83319091796875,9.925333023071289,0.0356491394340992
2036-07-12,,43.92047119140625,33.83341979980469,9.964350700378418,0.1226998120546341
2036-07-13,,43.87057876586914,33.833648681640625,10.002779006958008,0.03415101766586304
2036-07-14,,43.909027099609375,33.83388137817383,10.040014266967773,0.03512951359152794
2036-07-15,,43.94394302368164,33.83411407470703,10.075432777404785,0.034396570175886154
2036-07-16,,43.978973388671875,33.83434295654297,10.108379364013672,0.03625147417187691
2036-07-17,,43.67449951171875,33.83457565307617,10.138199806213379,-0.29827752709388733
2036-07-18,,44.034690856933594,33.834808349609375,10.16423511505127,0.0356491394340992
2036-07-19,,44.1435661315918,33.83503723144531,10.185831069946289,0.1226998120546341
2036-07-20,,44.07176971435547,33.83526611328125,10.202350616455078,0.03415101766586304
2036-07-21,,44.08380126953125,33.83549880981445,10.213174819946289,0.03512951359152794
2036-07-22,,44.08784103393555,33.835731506347656,10.217716217041016,0.034396570175886154
2036-07-23,,44.08763885498047,33.835960388183594,10.215426445007324,0.03625147417187691
2036-07-24,,43.74371337890625,33.83618927001953,10.205801963806152,-0.29827752709388733
2036-07-25,,44.060455322265625,33.836421966552734,10.188383102416992,0.0356491394340992
2036-07-26,,44.12212371826172,33.83665466308594,10.162771224975586,0.1226998120546341
2036-07-27,,43.999664306640625,33.836883544921875,10.128628730773926,0.03415101766586304
2036-07-28,,43.95792770385742,33.83711242675781,10.085683822631836,0.03512951359152794
2036-07-29,,43.90547561645508,33.837345123291016,10.033731460571289,0.034396570175886154
2036-07-30,,43.84646987915039,33.83757781982422,9.972640991210938,0.03625147417187691
2036-07-31,,43.4418830871582,33.837806701660156,9.902355194091797,-0.29827752709388733
2036-08-01,,43.69657516479492,33.838035583496094,9.822891235351562,0.0356491394340992
2036-08-02,,43.695316314697266,33.8382682800293,9.734349250793457,0.1226998120546341
2036-08-03,,43.509552001953125,33.8385009765625,9.6368989944458,0.03415101766586304
2036-08-04,,43.40464782714844,33.83872985839844,9.53078556060791,0.03512951359152794
2036-08-05,,43.28968811035156,33.83896255493164,9.416327476501465,0.034396570175886154
2036-08-06,,43.16935729980469,33.839195251464844,9.293915748596191,0.03625147417187691
2036-08-07,,42.70515441894531,33.83942413330078,9.164009094238281,-0.29827752709388733
2036-08-08,,42.90242385864258,33.83965301513672,9.02712345123291,0.0356491394340992
2036-08-09,,42.84642791748047,33.83988571166992,8.883838653564453,0.1226998120546341
2036-08-10,,42.609046936035156,33.840118408203125,8.73477840423584,0.03415101766586304
2036-08-11,,42.45610046386719,33.84034729003906,8.580622673034668,0.03512951359152794
2036-08-12,,42.29705810546875,33.840576171875,8.422082901000977,0.034396570175886154
2036-08-13,,42.136966705322266,33.8408088684082,8.259906768798828,0.03625147417187691
2036-08-14,,41.63762664794922,33.841041564941406,8.094864845275879,-0.29827752709388733
2036-08-15,,41.804664611816406,33.841270446777344,7.927746772766113,0.0356491394340992
2036-08-16,,41.72355270385742,33.84150314331055,7.759349822998047,0.1226998120546341
2036-08-17,,41.46635818481445,33.841732025146484,7.590476036071777,0.03415101766586304
2036-08-18,,41.299007415771484,33.84196472167969,7.421915531158447,0.03512951359152794
2036-08-19,,41.131038665771484,33.842193603515625,7.254447937011719,0.034396570175886154
2036-08-20,,40.967506408691406,33.84242630004883,7.088827133178711,0.03625147417187691
2036-08-21,,40.470157623291016,33.842655181884766,6.925778865814209,-0.29827752709388733
2036-08-22,,40.644527435302734,33.84288787841797,6.765991687774658,0.0356491394340992
2036-08-23,,40.575927734375,33.843116760253906,6.610108375549316,0.1226998120546341
2036-08-24,,40.33622360229492,33.84334945678711,6.45872163772583,0.03415101766586304
2036-08-25,,40.19107437133789,33.84358215332031,6.312365531921387,0.03512951359152794
2036-08-26,,40.049720764160156,33.84381103515625,6.171511173248291,0.034396570175886154
2036-08-27,,39.9168586730957,33.84404373168945,6.036563873291016,0.03625147417187691
2036-08-28,,39.45384979248047,33.84427261352539,5.907855033874512,-0.29827752709388733
2036-08-29,,39.665794372558594,33.844505310058594,5.785641670227051,0.0356491394340992
2036-08-30,,39.63753890991211,33.84473419189453,5.670104503631592,0.1226998120546341
2036-08-31,,39.440460205078125,33.844966888427734,5.561344146728516,0.03415101766586304
2036-09-01,,39.33970260620117,33.84519577026367,5.459374904632568,0.03512951359152794
2036-09-02,,39.243961334228516,33.845428466796875,5.364136695861816,0.034396570175886154
2036-09-03,,39.15739440917969,33.84565734863281,5.275484561920166,0.03625147417187691
2036-09-04,,38.740806579589844,33.845890045166016,5.193195343017578,-0.29827752709388733
2036-09-05,,38.99873733520508,33.84611892700195,5.116966724395752,0.0356491394340992
2036-09-06,,39.01547622680664,33.846351623535156,5.046425819396973,0.1226998120546341
2036-09-07,,38.86185836791992,33.84658432006836,4.981124401092529,0.03415101766586304
2036-09-08,,38.802494049072266,33.8468132019043,4.9205498695373535,0.03512951359152794
2036-09-09,,38.745567321777344,33.847042083740234,4.864128112792969,0.034396570175886154
2036-09-10,,38.69475555419922,33.84727478027344,4.811229228973389,0.03625147417187691
2036-09-11,,38.310401916503906,33.84750747680664,4.761171340942383,-0.29827752709388733
2036-09-12,,38.59661865234375,33.84773635864258,4.71323299407959,0.0356491394340992
2036-09-13,,38.63732147216797,33.84796905517578,4.666653156280518,0.1226998120546341
2036-09-14,,38.502994537353516,33.84819793701172,4.6206464767456055,0.03415101766586304
2036-09-15,,38.45796203613281,33.84843063354492,4.574403285980225,0.03512951359152794
2036-09-16,,38.410160064697266,33.84865951538086,4.527101516723633,0.034396570175886154
2036-09-17,,38.363059997558594,33.84889221191406,4.477917194366455,0.03625147417187691
2036-09-18,,37.976871490478516,33.849124908447266,4.426027297973633,-0.29827752709388733
2036-09-19,,38.25562286376953,33.8493537902832,4.3706207275390625,0.0356491394340992
2036-09-20,,38.2831916809082,33.84958267211914,4.310906410217285,0.1226998120546341
2036-09-21,,38.13008499145508,33.849815368652344,4.246120452880859,0.03415101766586304
2036-09-22,,38.06071090698242,33.85004806518555,4.175533771514893,0.03512951359152794
2036-09-23,,37.983131408691406,33.850276947021484,4.098458766937256,0.034396570175886154
2036-09-24,,37.90101623535156,33.85050582885742,4.014257431030273,0.03625147417187691
2036-09-25,,37.47480392456055,33.850738525390625,3.9223456382751465,-0.29827752709388733
2036-09-26,,37.708824157714844,33.85097122192383,3.822202682495117,0.0356491394340992
2036-09-27,,37.68727111816406,33.851200103759766,3.7133705615997314,0.1226998120546341
2036-09-28,,37.48104476928711,33.8514289855957,3.5954649448394775,0.03415101766586304
2036-09-29,,37.35496520996094,33.851661682128906,3.468172311782837,0.03512951359152794
2036-09-30,,37.217552185058594,33.85189437866211,3.3312604427337646,0.034396570175886154
2036-10-01,,37.07294845581055,33.85212326049805,3.1845734119415283,0.03625147417187691
2036-10-02,,36.582115173339844,33.85235595703125,3.0280404090881348,-0.29827752709388733
2036-10-03,,36.74990463256836,33.85258483886719,2.8616695404052734,0.0356491394340992
2036-10-04,,36.66107177734375,33.85281753540039,2.6855545043945312,0.1226998120546341
2036-10-05,,36.38706588745117,33.85304641723633,2.499868869781494,0.03415101766586304
2036-10-06,,36.19327163696289,33.85327911376953,2.304866075515747,0.03512951359152794
2036-10-07,,35.98878479003906,33.853511810302734,2.1008799076080322,0.034396570175886154
2036-10-08,,35.7783088684082,33.85374069213867,1.8883168697357178,0.03625147417187691
2036-10-09,,35.223350524902344,33.85396957397461,1.667657494544983,-0.29827752709388733
2036-10-10,,35.32929992675781,33.85420227050781,1.4394478797912598,0.0356491394340992
2036-10-11,,35.18143081665039,33.854434967041016,1.2042971849441528,0.1226998120546341
2036-10-12,,34.851688385009766,33.85466384887695,0.9628724455833435,0.03415101766586304
2036-10-13,,34.60591506958008,33.85489273071289,0.7158910036087036,0.03512951359152794
2036-10-14,,34.353641510009766,33.855125427246094,0.4641169607639313,0.034396570175886154
2036-10-15,,34.09996032714844,33.8553581237793,0.20835080742835999,0.03625147417187691
2036-10-16,,33.506736755371094,33.855587005615234,-0.05057432875037193,-0.29827752709388733
2036-10-17,,33.57966613769531,33.85581588745117,-0.31180185079574585,0.0356491394340992
2036-10-18,,33.404293060302734,33.856048583984375,-0.5744566321372986,0.1226998120546341
2036-10-19,,33.05277633666992,33.85628128051758,-0.8376551866531372,0.03415101766586304
2036-10-20,,32.79113006591797,33.856510162353516,-1.1005111932754517,0.03512951359152794
2036-10-21,,32.528995513916016,33.85674285888672,-1.362144112586975,0.034396570175886154
2036-10-22,,32.271541595458984,33.856971740722656,-1.6216846704483032,0.03625147417187691
2036-10-23,,31.680641174316406,33.85720443725586,-1.8782840967178345,-0.29827752709388733
2036-10-24,,31.761962890625,33.8574333190918,-2.1311185359954834,0.0356491394340992
2036-10-25,,31.600971221923828,33.857666015625,-2.37939715385437,0.1226998120546341
2036-10-26,,31.26968002319336,33.8578987121582,-2.6223671436309814,0.03415101766586304
2036-10-27,,31.033939361572266,33.85812759399414,-2.859318971633911,0.03512951359152794
2036-10-28,,30.80316162109375,33.85835647583008,-3.089592933654785,0.034396570175886154
2036-10-29,,30.582260131835938,33.85858917236328,-3.3125829696655273,0.03625147417187691
2036-10-30,,30.03280258178711,33.858821868896484,-3.5277388095855713,-0.29827752709388733
2036-10-31,,30.160125732421875,33.85905075073242,-3.7345731258392334,0.0356491394340992
2036-11-01,,30.04932403564453,33.859283447265625,-3.9326586723327637,0.1226998120546341
2036-11-02,,29.77202606201172,33.85951232910156,-4.121636867523193,0.03415101766586304
2036-11-03,,29.593658447265625,33.859745025634766,-4.30121374130249,0.03512951359152794
2036-11-04,,29.423206329345703,33.8599739074707,-4.471164703369141,0.034396570175886154
2036-11-05,,29.26512908935547,33.860206604003906,-4.6313300132751465,0.03625147417187691
2036-11-06,,28.780540466308594,33.860435485839844,-4.781620025634766,-0.29827752709388733
2036-11-07,,28.97431182861328,33.86066818237305,-4.922006607055664,0.0356491394340992
2036-11-08,,28.93106460571289,33.860897064208984,-5.0525312423706055,0.1226998120546341
2036-11-09,,28.721988677978516,33.86112976074219,-5.173293590545654,0.03415101766586304
2036-11-10,,28.612041473388672,33.861358642578125,-5.284450531005859,0.03512951359152794
2036-11-11,,28.509769439697266,33.86159133911133,-5.3862175941467285,0.034396570175886154
2036-11-12,,28.419212341308594,33.86182403564453,-5.4788618087768555,0.03625147417187691
2036-11-13,,28.001083374023438,33.86205291748047,-5.562694072723389,-0.29827752709388733
2036-11-14,,28.259864807128906,33.86228561401367,-5.638069152832031,0.0356491394340992
2036-11-15,,28.279834747314453,33.86251449584961,-5.705381393432617,0.1226998120546341
2036-11-16,,28.13184356689453,33.86274719238281,-5.765055179595947,0.03415101766586304
2036-11-17,,28.080562591552734,33.86297607421875,-5.8175435066223145,0.03512951359152794
2036-11-18,,28.034282684326172,33.86320877075195,-5.863320827484131,0.034396570175886154
2036-11-19,,27.996810913085938,33.86343765258789,-5.9028778076171875,0.03625147417187691
2036-11-20,,27.628677368164062,33.863670349121094,-5.936716079711914,-0.29827752709388733
2036-11-21,,27.934207916259766,33.86389923095703,-5.965340614318848,0.0356491394340992
2036-11-22,,27.997570037841797,33.864131927490234,-5.989259243011475,0.1226998120546341
2036-11-23,,27.889537811279297,33.86436462402344,-6.008974552154541,0.03415101766586304
2036-11-24,,27.874746322631836,33.864593505859375,-6.0249762535095215,0.03512951359152794
2036-11-25,,27.86147689819336,33.86482238769531,-6.037741661071777,0.034396570175886154
2036-11-26,,27.853572845458984,33.865055084228516,-6.047731876373291,0.03625147417187691
2036-11-27,,27.511629104614258,33.86528778076172,-6.055379390716553,-0.29827752709388733
2036-11-28,,27.840072631835938,33.865516662597656,-6.061093807220459,0.0356491394340992
2036-11-29,,27.92319107055664,33.865745544433594,-6.0652570724487305,0.1226998120546341
2036-11-30,,27.831912994384766,33.8659782409668,-6.0682148933410645,0.03415101766586304
2036-12-01,,27.8310546875,33.8662109375,-6.070284366607666,0.03512951359152794
2036-12-02,,27.82909393310547,33.86643981933594,-6.071742534637451,0.034396570175886154
2036-12-03,,27.83009147644043,33.86667251586914,-6.072831630706787,0.03625147417187691
2036-12-04,,27.494871139526367,33.86690139770508,-6.07375431060791,-0.29827752709388733
2036-12-05,,27.828100204467773,33.86713409423828,-6.074681758880615,0.0356491394340992
2036-12-06,,27.914321899414062,33.86736297607422,-6.075740814208984,0.1226998120546341
2036-12-07,,27.824718475341797,33.86759567260742,-6.0770263671875,0.03415101766586304
2036-12-08,,27.824357986450195,33.867828369140625,-6.0785980224609375,0.03512951359152794
2036-12-09,,27.821971893310547,33.86805725097656,-6.080480575561523,0.034396570175886154
2036-12-10,,27.821870803833008,33.8682861328125,-6.082667350769043,0.03625147417187691
2036-12-11,,27.48511505126953,33.8685188293457,-6.085124969482422,-0.29827752709388733
2036-12-12,,27.81660270690918,33.868751525878906,-6.087796211242676,0.0356491394340992
2036-12-13,,27.901086807250977,33.868980407714844,-6.0905938148498535,0.1226998120546341
2036-12-14,,27.80994415283203,33.86920928955078,-6.093418598175049,0.03415101766586304
2036-12-15,,27.808422088623047,33.869441986083984,-6.096150875091553,0.03512951359152794
2036-12-16,,27.805408477783203,33.86967468261719,-6.098660945892334,0.034396570175886154
2036-12-17,,27.805347442626953,33.869903564453125,-6.100808143615723,0.03625147417187691
2036-12-18,,27.46940803527832,33.87013244628906,-6.1024489402771,-0.29827752709388733
2036-12-19,,27.80257797241211,33.870365142822266,-6.103438377380371,0.0356491394340992
2036-12-20,,27.889663696289062,33.87059783935547,-6.10363245010376,0.1226998120546341
2036-12-21,,27.802085876464844,33.870826721191406,-6.102893352508545,0.03415101766586304
2036-12-22,,27.805095672607422,33.87105941772461,-6.10109281539917,0.03512951359152794
2036-12-23,,27.80756950378418,33.87128829956055,-6.098116397857666,0.034396570175886154
2036-12-24,,27.81391143798828,33.87152099609375,-6.093860626220703,0.03625147417187691
2036-12-25,,27.485225677490234,33.87174987792969,-6.088247776031494,-0.29827752709388733
2036-12-26,,27.82642364501953,33.87198257446289,-6.081210613250732,0.0356491394340992
2036-12-27,,27.922203063964844,33.872215270996094,-6.072711944580078,0.1226998120546341
2036-12-28,,27.843862533569336,33.87244415283203,-6.062732696533203,0.03415101766586304
2036-12-29,,27.856521606445312,33.87267303466797,-6.0512824058532715,0.03512951359152794
2036-12-30,,27.868911743164062,33.87290573120117,-6.03839111328125,0.034396570175886154
2036-12-31,,27.885265350341797,33.873138427734375,-6.02412223815918,0.03625147417187691
2037-01-01,,27.566532135009766,33.87336730957031,-6.0085577964782715,-0.29827752709388733
2037-01-02,,27.917438507080078,33.87359619140625,-5.9918084144592285,0.0356491394340992
2037-01-03,,28.022520065307617,33.87382888793945,-5.974009990692139,0.1226998120546341
2037-01-04,,27.95289421081543,33.874061584472656,-5.955316066741943,0.03415101766586304
2037-01-05,,27.973512649536133,33.874290466308594,-5.935907363891602,0.03512951359152794
2037-01-06,,27.99294090270996,33.8745231628418,-5.915979385375977,0.034396570175886154
2037-01-07,,28.0152587890625,33.874752044677734,-5.895745277404785,0.03625147417187691
2037-01-08,,27.701271057128906,33.87498474121094,-5.875436305999756,-0.29827752709388733
2037-01-09,,28.055578231811523,33.875213623046875,-5.85528564453125,0.0356491394340992
2037-01-10,,28.16260528564453,33.87544631958008,-5.835542678833008,0.1226998120546341
2037-01-11,,28.093372344970703,33.875675201416016,-5.816455841064453,0.03415101766586304
2037-01-12,,28.11275863647461,33.87590789794922,-5.798278331756592,0.03512951359152794
2037-01-13,,28.12928009033203,33.876136779785156,-5.781254768371582,0.034396570175886154
2037-01-14,,28.146991729736328,33.87636947631836,-5.76563024520874,0.03625147417187691
2037-01-15,,27.826688766479492,33.87660217285156,-5.751634120941162,-0.29827752709388733
2037-01-16,,28.172996520996094,33.8768310546875,-5.7394843101501465,0.0356491394340992
2037-01-17,,28.2703857421875,33.8770637512207,-5.729378700256348,0.1226998120546341
2037-01-18,,28.189945220947266,33.87729263305664,-5.721499919891357,0.03415101766586304
2037-01-19,,28.196651458740234,33.877525329589844,-5.716002941131592,0.03512951359152794
2037-01-20,,28.199134826660156,33.87775421142578,-5.713016510009766,0.034396570175886154
2037-01-21,,28.20159912109375,33.877986907958984,-5.712640285491943,0.03625147417187691
2037-01-22,,27.86499786376953,33.87821578979492,-5.7149434089660645,-0.29827752709388733
2037-01-23,,28.194133758544922,33.878448486328125,-5.719961643218994,0.0356491394340992
2037-01-24,,28.273681640625,33.87867736816406,-5.727694511413574,0.1226998120546341
2037-01-25,,28.174949645996094,33.878910064697266,-5.738109588623047,0.03415101766586304
2037-01-26,,28.16313934326172,33.8791389465332,-5.751131057739258,0.03512951359152794
2037-01-27,,28.147113800048828,33.879371643066406,-5.766654014587402,0.034396570175886154
2037-01-28,,28.131322860717773,33.87960433959961,-5.784531593322754,0.03625147417187691
2037-01-29,,27.77696990966797,33.87983322143555,-5.804585933685303,-0.29827752709388733
2037-01-30,,28.089111328125,33.880062103271484,-5.826600551605225,0.0356491394340992
2037-01-31,,28.152664184570312,33.88029479980469,-5.850330829620361,0.1226998120546341
2037-02-01,,28.0391788482666,33.88052749633789,-5.875499725341797,0.03415101766586304
2037-02-02,,28.014087677001953,33.88075637817383,-5.90179967880249,0.03512951359152794
2037-02-03,,27.986480712890625,33.88098907470703,-5.928903102874756,0.034396570175886154
2037-02-04,,27.961009979248047,33.88121795654297,-5.956458568572998,0.03625147417187691
2037-02-05,,27.59907341003418,33.88145065307617,-5.984098434448242,-0.29827752709388733
2037-02-06,,27.905887603759766,33.88167953491211,-6.011439800262451,0.0356491394340992
2037-02-07,,27.96651840209961,33.88191223144531,-6.038092613220215,0.1226998120546341
2037-02-08,,27.852636337280273,33.882144927978516,-6.063657283782959,0.03415101766586304
2037-02-09,,27.829763412475586,33.88237380981445,-6.087739944458008,0.03512951359152794
2037-02-10,,27.807050704956055,33.88260269165039,-6.109949588775635,0.034396570175886154
2037-02-11,,27.7891845703125,33.882835388183594,-6.129902362823486,0.03625147417187691
2037-02-12,,27.437559127807617,33.8830680847168,-6.147230625152588,-0.29827752709388733
2037-02-13,,27.75735855102539,33.883296966552734,-6.161587715148926,0.0356491394340992
2037-02-14,,27.833581924438477,33.88352584838867,-6.172645568847656,0.1226998120546341
2037-02-15,,27.73780059814453,33.883758544921875,-6.180108547210693,0.03415101766586304
2037-02-16,,27.73540496826172,33.88399124145508,-6.183714389801025,0.03512951359152794
2037-02-17,,27.73538589477539,33.884220123291016,-6.183230876922607,0.034396570175886154
2037-02-18,,27.742229461669922,33.88444900512695,-6.178473472595215,0.03625147417187691
2037-02-19,,27.417110443115234,33.884681701660156,-6.169294357299805,-0.29827752709388733
2037-02-20,,27.764965057373047,33.88491439819336,-6.155598163604736,0.0356491394340992
2037-02-21,,27.870513916015625,33.8851432800293,-6.1373291015625,0.1226998120546341
2037-02-22,,27.805034637451172,33.8853759765625,-6.114490032196045,0.03415101766586304
2037-02-23,,27.833606719970703,33.8856086730957,-6.087130069732666,0.03512951359152794
2037-02-24,,27.864883422851562,33.88583755493164,-6.055350303649902,0.034396570175886154
2037-02-25,,27.903013229370117,33.88606643676758,-6.01930570602417,0.03625147417187691
2037-02-26,,27.60881805419922,33.88629913330078,-5.979201316833496,-0.29827752709388733
2037-02-27,,27.986886978149414,33.886531829833984,-5.935293197631836,0.0356491394340992
2037-02-28,,28.12157440185547,33.88676071166992,-5.887884616851807,0.1226998120546341
2037-03-01,,28.083816528320312,33.88698959350586,-5.837325572967529,0.03415101766586304
2037-03-02,,28.138343811035156,33.88722229003906,-5.7840094566345215,0.03512951359152794
2037-03-03,,28.1934814453125,33.887454986572266,-5.728369235992432,0.034396570175886154
2037-03-04,,28.253063201904297,33.8876838684082,-5.670871257781982,0.03625147417187691
2037-03-05,,27.977619171142578,33.88791275024414,-5.6120171546936035,-0.29827752709388733
2037-03-06,,28.371463775634766,33.888145446777344,-5.552331447601318,0.0356491394340992
2037-03-07,,28.518718719482422,33.88837814331055,-5.492358684539795,0.1226998120546341
2037-03-08,,28.490100860595703,33.888607025146484,-5.432659149169922,0.03415101766586304
2037-03-09,,28.550167083740234,33.88883590698242,-5.3737993240356445,0.03512951359152794
2037-03-10,,28.607112884521484,33.889068603515625,-5.316352367401123,0.034396570175886154
2037-03-11,,28.664669036865234,33.88930130004883,-5.260882377624512,0.03625147417187691
2037-03-12,,28.38330841064453,33.889530181884766,-5.207943439483643,-0.29827752709388733
2037-03-13,,28.76734161376953,33.88976287841797,-5.158071517944336,0.0356491394340992
2037-03-14,,28.90091323852539,33.88999557495117,-5.11177921295166,0.1226998120546341
2037-03-15,,28.85483169555664,33.89022445678711,-5.069543361663818,0.03415101766586304
2037-03-16,,28.893775939941406,33.89045333862305,-5.031807899475098,0.03512951359152794
2037-03-17,,28.926116943359375,33.89068603515625,-4.998966693878174,0.034396570175886154
2037-03-18,,28.95580291748047,33.89091873168945,-4.971367359161377,0.03625147417187691
2037-03-19,,28.643569946289062,33.89114761352539,-4.949300765991211,-0.29827752709388733
2037-03-20,,28.994033813476562,33.89137649536133,-4.932994365692139,0.0356491394340992
2037-03-21,,29.091697692871094,33.89160919189453,-4.92261266708374,0.1226998120546341
2037-03-22,,29.00774383544922,33.891841888427734,-4.918246746063232,0.03415101766586304
2037-03-23,,29.007286071777344,33.89207077026367,-4.919915676116943,0.03512951359152794
2037-03-24,,28.999134063720703,33.892303466796875,-4.9275641441345215,0.034396570175886154
2037-03-25,,28.987728118896484,33.89253234863281,-4.9410552978515625,0.03625147417187691
2037-03-26,,28.63431167602539,33.892765045166016,-4.9601731300354,-0.29827752709388733
2037-03-27,,28.94402313232422,33.89299392700195,-4.984620571136475,0.0356491394340992
2037-03-28,,29.001907348632812,33.893226623535156,-5.014021396636963,0.1226998120546341
2037-03-29,,28.879688262939453,33.893455505371094,-5.047919750213623,0.03415101766586304
2037-03-30,,28.843040466308594,33.8936882019043,-5.085778713226318,0.03512951359152794
2037-03-31,,28.80132293701172,33.8939208984375,-5.1269917488098145,0.034396570175886154
2037-04-01,,28.75952911376953,33.89414978027344,-5.170874118804932,0.03625147417187691
2037-04-02,,28.379425048828125,33.89438247680664,-5.216678142547607,-0.29827752709388733
2037-04-03,,28.666671752929688,33.89461135864258,-5.2635908126831055,0.0356491394340992
2037-04-04,,28.706802368164062,33.89484405517578,-5.3107404708862305,0.1226998120546341
2037-04-05,,28.572017669677734,33.89507293701172,-5.357207775115967,0.03415101766586304
2037-04-06,,28.52840805053711,33.89530563354492,-5.402027130126953,0.03512951359152794
2037-04-07,,28.485736846923828,33.89553451538086,-5.4441938400268555,0.034396570175886154
2037-04-08,,28.449344635009766,33.89576721191406,-5.4826765060424805,0.03625147417187691
2037-04-09,,28.081296920776367,33.89599609375,-5.516422748565674,-0.29827752709388733
2037-04-10,,28.387508392333984,33.8962287902832,-5.54436731338501,0.0356491394340992
2037-04-11,,28.453716278076172,33.896461486816406,-5.56544303894043,0.1226998120546341
2037-04-12,,28.352256774902344,33.896690368652344,-5.578586101531982,0.03415101766586304
2037-04-13,,28.34929656982422,33.89691925048828,-5.582752227783203,0.03512951359152794
2037-04-14,,28.354633331298828,33.897151947021484,-5.576915740966797,0.034396570175886154
2037-04-15,,28.37354278564453,33.89738464355469,-5.560091018676758,0.03625147417187691
2037-04-16,,28.068004608154297,33.897613525390625,-5.5313310623168945,-0.29827752709388733
2037-04-17,,28.44375228881836,33.89784240722656,-5.489742755889893,0.0356491394340992
2037-04-18,,28.586284637451172,33.898075103759766,-5.43449068069458,0.1226998120546341
2037-04-19,,28.567646026611328,33.89830780029297,-5.364811897277832,0.03415101766586304
2037-04-20,,28.65365219116211,33.898536682128906,-5.28001594543457,0.03512951359152794
2037-04-21,,28.753665924072266,33.89876937866211,-5.179497718811035,0.034396570175886154
2037-04-22,,28.872509002685547,33.89899826049805,-5.062741756439209,0.03625147417187691
2037-04-23,,28.671630859375,33.89923095703125,-4.929324150085449,-0.29827752709388733
2037-04-24,,29.15618133544922,33.89945983886719,-4.778927326202393,0.0356491394340992
2037-04-25,,29.411056518554688,33.89969253540039,-4.611334323883057,0.1226998120546341
2037-04-26,,29.50763702392578,33.899925231933594,-4.426438808441162,0.03415101766586304
2037-04-27,,29.711040496826172,33.90015411376953,-4.224240779876709,0.03512951359152794
2037-04-28,,29.92992401123047,33.90038299560547,-4.004857540130615,0.034396570175886154
2037-04-29,,30.168350219726562,33.90061569213867,-3.7685155868530273,0.03625147417187691
2037-04-30,,30.087017059326172,33.900848388671875,-3.5155534744262695,-0.29827752709388733
2037-05-01,,30.690303802490234,33.90107727050781,-3.24642276763916,0.0356491394340992
2037-05-02,,31.06232452392578,33.90130615234375,-2.961682081222534,0.1226998120546341
2037-05-03,,31.273696899414062,33.90153884887695,-2.6619958877563477,0.03415101766586304
2037-05-04,,31.588768005371094,33.901771545410156,-2.3481297492980957,0.03512951359152794
2037-05-05,,31.915451049804688,33.902000427246094,-2.020946741104126,0.034396570175886154
2037-05-06,,32.257083892822266,33.90222930908203,-1.6813985109329224,0.03625147417187691
2037-05-07,,32.27366256713867,33.902462005615234,-1.3305217027664185,-0.29827752709388733
2037-05-08,,32.96891403198242,33.90269470214844,-0.9694289565086365,0.0356491394340992
2037-05-09,,33.42632293701172,33.902923583984375,-0.5993021726608276,0.1226998120546341
2037-05-10,,33.71592330932617,33.90315628051758,-0.2213822603225708,0.03415101766586304
2037-05-11,,34.10155487060547,33.903385162353516,0.16303981840610504,0.03512951359152794
2037-05-12,,34.49064254760742,33.90361785888672,0.5526309013366699,0.034396570175886154
2037-05-13,,34.88612747192383,33.903846740722656,0.946027398109436,0.03625147417187691
2037-05-14,,34.94764709472656,33.90407943725586,1.3418450355529785,-0.29827752709388733
2037-05-15,,35.678646087646484,33.90431213378906,1.738688588142395,0.0356491394340992
2037-05-16,,36.16240310668945,33.904541015625,2.1351635456085205,0.1226998120546341
2037-05-17,,36.468807220458984,33.90476989746094,2.5298850536346436,0.03415101766586304
2037-05-18,,36.86162567138672,33.90500259399414,2.92149019241333,0.03512951359152794
2037-05-19,,37.24827575683594,33.905235290527344,3.308645725250244,0.034396570175886154
2037-05-20,,37.63177490234375,33.90546417236328,3.690060615539551,0.03625147417187691
2037-05-21,,37.67190933227539,33.90569305419922,4.064493656158447,-0.29827752709388733
2037-05-22,,38.372337341308594,33.90592575073242,4.430761337280273,0.0356491394340992
2037-05-23,,38.816612243652344,33.906158447265625,4.787753582000732,0.1226998120546341
2037-05-24,,39.07496643066406,33.90638732910156,5.134427070617676,0.03415101766586304
2037-05-25,,39.41157913208008,33.906620025634766,5.469828128814697,0.03512951359152794
2037-05-26,,39.734336853027344,33.9068489074707,5.793088436126709,0.034396570175886154
2037-05-27,,40.04676818847656,33.907081604003906,6.10343599319458,0.03625147417187691
2037-05-28,,40.00923156738281,33.907310485839844,6.400198459625244,-0.29827752709388733
2037-05-29,,40.62599563598633,33.90754318237305,6.682803630828857,0.0356491394340992
2037-05-30,,40.98126220703125,33.907772064208984,6.950788974761963,0.1226998120546341
2037-05-31,,41.14595031738281,33.90800476074219,7.203794956207275,0.03415101766586304
2037-06-01,,41.38493728637695,33.908233642578125,7.441574573516846,0.03512951359152794
2037-06-02,,41.606849670410156,33.90846633911133,7.663986682891846,0.034396570175886154
2037-06-03,,41.815948486328125,33.90869903564453,7.870997905731201,0.03625147417187691
2037-06-04,,41.67333221435547,33.90892791748047,8.06268310546875,-0.29827752709388733
2037-06-05,,42.184024810791016,33.90916061401367,8.239214897155762,0.0356491394340992
2037-06-06,,42.43295669555664,33.90938949584961,8.400866508483887,0.1226998120546341
2037-06-07,,42.49177551269531,33.90962219238281,8.548005104064941,0.03415101766586304
2037-06-08,,42.626068115234375,33.90985107421875,8.6810884475708,0.03512951359152794
2037-06-09,,42.74513244628906,33.91008377075195,8.800651550292969,0.034396570175886154
2037-06-10,,42.85387420654297,33.91031265258789,8.907307624816895,0.03625147417187691
2037-06-11,,42.61400604248047,33.910545349121094,9.001738548278809,-0.29827752709388733
2037-06-12,,43.031105041503906,33.91077423095703,9.084683418273926,0.0356491394340992
2037-06-13,,43.19063949584961,33.911006927490234,9.156933784484863,0.1226998120546341
2037-06-14,,43.16470718383789,33.91123580932617,9.219322204589844,0.03415101766586304
2037-06-15,,43.21931457519531,33.911468505859375,9.27271556854248,0.03512951359152794
2037-06-16,,43.26409912109375,33.91170120239258,9.318002700805664,0.034396570175886154
2037-06-17,,43.30427169799805,33.911930084228516,9.356090545654297,0.03625147417187691
2037-06-18,,43.00177001953125,33.91215896606445,9.38788890838623,-0.29827752709388733
2037-06-19,,43.362335205078125,33.912391662597656,9.414297103881836,0.0356491394340992
2037-06-20,,43.471534729003906,33.91262435913086,9.436210632324219,0.1226998120546341
2037-06-21,,43.4015007019043,33.9128532409668,9.454496383666992,0.03415101766586304
2037-06-22,,43.41820526123047,33.9130859375,9.469993591308594,0.03512951359152794
2037-06-23,,43.431209564208984,33.91331481933594,9.483498573303223,0.034396570175886154
2037-06-24,,43.44556427001953,33.91354751586914,9.495765686035156,0.03625147417187691
2037-06-25,,43.122989654541016,33.91377639770508,9.507491111755371,-0.29827752709388733
2037-06-26,,43.46896743774414,33.91400909423828,9.519309043884277,0.0356491394340992
2037-06-27,,43.5687370300293,33.914241790771484,9.531800270080566,0.1226998120546341
2037-06-28,,43.494083404541016,33.91447067260742,9.54546070098877,0.03415101766586304
2037-06-29,,43.51054763793945,33.91469955444336,9.560718536376953,0.03512951359152794
2037-06-30,,43.527252197265625,33.91493225097656,9.577924728393555,0.034396570175886154
2037-07-01,,43.548763275146484,33.915164947509766,9.597350120544434,0.03625147417187691
2037-07-02,,43.236297607421875,33.9153938293457,9.619180679321289,-0.29827752709388733
2037-07-03,,43.59479522705078,33.91562271118164,9.643524169921875,0.0356491394340992
2037-07-04,,43.70896530151367,33.915855407714844,9.670408248901367,0.1226998120546341
2037-07-05,,43.65000915527344,33.91608810424805,9.699772834777832,0.03415101766586304
2037-07-06,,43.68293380737305,33.916316986083984,9.731487274169922,0.03512951359152794
2037-07-07,,43.716285705566406,33.91654586791992,9.765340805053711,0.034396570175886154
2037-07-08,,43.75408172607422,33.916778564453125,9.80105209350586,0.03625147417187691
2037-07-09,,43.457008361816406,33.91701126098633,9.838274955749512,-0.29827752709388733
2037-07-10,,43.82948684692383,33.917240142822266,9.876598358154297,0.0356491394340992
2037-07-11,,43.95572280883789,33.91747283935547,9.915555000305176,0.1226998120546341
2037-07-12,,43.9064826965332,33.917701721191406,9.954628944396973,0.03415101766586304
2037-07-13,,43.946319580078125,33.91793441772461,9.993258476257324,0.03512951359152794
2037-07-14,,43.98341369628906,33.91816329956055,10.030851364135742,0.034396570175886154
2037-07-15,,44.02143096923828,33.91839599609375,10.06678295135498,0.03625147417187691
2037-07-16,,43.72075653076172,33.91862869262695,10.100408554077148,-0.29827752709388733
2037-07-17,,44.08557891845703,33.91885757446289,10.131072998046875,0.0356491394340992
2037-07-18,,44.19990539550781,33.91908645629883,10.158116340637207,0.1226998120546341
2037-07-19,,44.13435363769531,33.91931915283203,10.18088436126709,0.03415101766586304
2037-07-20,,44.153411865234375,33.919551849365234,10.198731422424316,0.03512951359152794
2037-07-21,,44.16521072387695,33.91978073120117,10.21103572845459,0.034396570175886154
2037-07-22,,44.173465728759766,33.92000961303711,10.21720027923584,0.03625147417187691
2037-07-23,,43.8386344909668,33.92024230957031,10.216670036315918,-0.29827752709388733
2037-07-24,,44.16504669189453,33.920475006103516,10.208922386169434,0.0356491394340992
2037-07-25,,44.23689651489258,33.92070388793945,10.193490028381348,0.1226998120546341
2037-07-26,,44.12504959106445,33.920936584472656,10.169962882995605,0.03415101766586304
2037-07-27,,44.094276428222656,33.921165466308594,10.137980461120605,0.03512951359152794
2037-07-28,,44.05305099487305,33.9213981628418,10.097258567810059,0.034396570175886154
2037-07-29,,44.00545120239258,33.921627044677734,10.04757308959961,0.03625147417187691
2037-07-30,,43.61235427856445,33.92185974121094,9.988774299621582,-0.29827752709388733
2037-07-31,,43.8785285949707,33.922088623046875,9.920787811279297,0.0356491394340992
2037-08-01,,43.88863754272461,33.92232131958008,9.84361743927002,0.1226998120546341
2037-08-02,,43.71403121948242,33.922550201416016,9.757330894470215,0.03415101766586304
2037-08-03,,43.619998931884766,33.92278289794922,9.66208553314209,0.03512951359152794
2037-08-04,,43.51552200317383,33.92301559448242,9.558109283447266,0.034396570175886154
2037-08-05,,43.40519714355469,33.92324447631836,9.44570255279541,0.03625147417187691
2037-08-06,,42.950443267822266,33.92347717285156,9.32524299621582,-0.29827752709388733
2037-08-07,,43.156517028808594,33.9237060546875,9.197161674499512,0.0356491394340992
2037-08-08,,43.10860824584961,33.9239387512207,9.061968803405762,0.1226998120546341
2037-08-09,,42.878543853759766,33.92416763305664,8.920226097106934,0.03415101766586304
2037-08-10,,42.732078552246094,33.92439651489258,8.77254867553711,0.03512951359152794
2037-08-11,,42.57862854003906,33.92462921142578,8.619600296020508,0.034396570175886154
2037-08-12,,42.42319869995117,33.924861907958984,8.462087631225586,0.03625147417187691
2037-08-13,,41.92756271362305,33.92509078979492,8.300749778747559,-0.29827752709388733
2037-08-14,,42.09732437133789,33.925323486328125,8.136350631713867,0.0356491394340992
2037-08-15,,42.0179328918457,33.92555236816406,7.969677925109863,0.1226998120546341
2037-08-16,,41.7614631652832,33.925785064697266,7.80152702331543,0.03415101766586304
2037-08-17,,41.593841552734375,33.92601776123047,7.632696151733398,0.03512951359152794
2037-08-18,,41.424625396728516,33.926246643066406,7.463983058929443,0.034396570175886154
2037-08-19,,41.2588996887207,33.926475524902344,7.296169757843018,0.03625147417187691
2037-08-20,,40.758445739746094,33.92670822143555,7.1300177574157715,-0.29827752709388733
2037-08-21,,40.92884826660156,33.926937103271484,6.966262340545654,0.0356491394340992
2037-08-22,,40.85546875,33.92716979980469,6.805596828460693,0.1226998120546341
2037-08-23,,40.610233306884766,33.92740249633789,6.648679733276367,0.03415101766586304
2037-08-24,,40.45887756347656,33.92763137817383,6.496116638183594,0.03512951359152794
2037-08-25,,40.31071472167969,33.92786407470703,6.348455429077148,0.034396570175886154
2037-08-26,,40.170528411865234,33.92809295654297,6.206185340881348,0.03625147417187691
2037-08-27,,39.69977569580078,33.92832565307617,6.069726943969727,-0.29827752709388733
2037-08-28,,39.90363693237305,33.928558349609375,5.939431190490723,0.0356491394340992
2037-08-29,,39.867061614990234,33.92878723144531,5.815575122833252,0.1226998120546341
2037-08-30,,39.66152572631836,33.92901611328125,5.6983561515808105,0.03415101766586304
2037-08-31,,39.552276611328125,33.92924880981445,5.587896823883057,0.03512951359152794
2037-09-01,,39.4481086730957,33.92947769165039,5.484232425689697,0.034396570175886154
2037-09-02,,39.3532829284668,33.929710388183594,5.387321472167969,0.03625147417187691
2037-09-03,,38.92870330810547,33.92993927001953,5.297040939331055,-0.29827752709388733
2037-09-04,,39.17900466918945,33.930171966552734,5.2131853103637695,0.0356491394340992
2037-09-05,,39.18857955932617,33.93040466308594,5.135474681854248,0.1226998120546341
2037-09-06,,39.02833557128906,33.930633544921875,5.063551425933838,0.03415101766586304
2037-09-07,,38.96297836303711,33.93086242675781,4.996984958648682,0.03512951359152794
2037-09-08,,38.90077590942383,33.931095123291016,4.935280799865723,0.034396570175886154
2037-09-09,,38.845458984375,33.93132781982422,4.877878665924072,0.03625147417187691
2037-09-10,,38.45743942260742,33.931556701660156,4.824159622192383,-0.29827752709388733
2037-09-11,,38.74089431762695,33.93178939819336,4.773458003997803,0.0356491394340992
2037-09-12,,38.77977752685547,33.9320182800293,4.725059509277344,0.1226998120546341
2037-09-13,,38.644615173339844,33.9322509765625,4.678214073181152,0.03415101766586304
2037-09-14,,38.59975051879883,33.93247985839844,4.632138729095459,0.03512951359152794
2037-09-15,,38.553138732910156,33.93271255493164,4.586030960083008,0.034396570175886154
2037-09-16,,38.50826644897461,33.932945251464844,4.539071559906006,0.03625147417187691
2037-09-17,,38.12533187866211,33.93317413330078,4.490435600280762,-0.29827752709388733
2037-09-18,,38.40835189819336,33.93340301513672,4.439298629760742,0.0356491394340992
2037-09-19,,38.44118118286133,33.93363571166992,4.384846210479736,0.1226998120546341
2037-09-20,,38.2943000793457,33.933868408203125,4.326281547546387,0.03415101766586304
2037-09-21,,38.232059478759766,33.93409729003906,4.2628326416015625,0.03512951359152794
2037-09-22,,38.1624870300293,33.934326171875,4.19376277923584,0.034396570175886154
2037-09-23,,38.08917999267578,33.9345588684082,4.11837100982666,0.03625147417187691
2037-09-24,,37.67251968383789,33.934791564941406,4.036008358001709,-0.29827752709388733
2037-09-25,,37.916748046875,33.935020446777344,3.946075677871704,0.0356491394340992
2037-09-26,,37.90598678588867,33.93524932861328,3.848036766052246,0.1226998120546341
2037-09-27,,37.7110481262207,33.935482025146484,3.74141526222229,0.03415101766586304
2037-09-28,,37.59665298461914,33.93571472167969,3.625810384750366,0.03512951359152794
2037-09-29,,37.471229553222656,33.935943603515625,3.500890016555786,0.034396570175886154
2037-09-30,,37.338829040527344,33.93617630004883,3.3664000034332275,0.03625147417187691
2037-10-01,,36.86029815673828,33.93640899658203,3.2221670150756836,-0.29827752709388733
2037-10-02,,37.040382385253906,33.93663787841797,3.0680978298187256,0.0356491394340992
2037-10-03,,36.963748931884766,33.936866760253906,2.9041812419891357,0.1226998120546341
2037-10-04,,36.70174026489258,33.93709945678711,2.7304890155792236,0.03415101766586304
2037-10-05,,36.51963424682617,33.93733215332031,2.5471746921539307,0.03512951359152794
2037-10-06,,36.32643127441406,33.93756103515625,2.35447359085083,0.034396570175886154
2037-10-07,,36.126739501953125,33.93778991699219,2.1526975631713867,0.03625147417187691
2037-10-08,,35.58198165893555,33.93802261352539,1.9422370195388794,-0.29827752709388733
2037-10-09,,35.69745635986328,33.938255310058594,1.7235523462295532,0.0356491394340992
2037-10-10,,35.55835723876953,33.93848419189453,1.4971755743026733,0.1226998120546341
2037-10-11,,35.236568450927734,33.938716888427734,1.263700008392334,0.03415101766586304
2037-10-12,,34.99785614013672,33.93894577026367,1.0237783193588257,0.03512951359152794
2037-10-13,,34.75168991088867,33.939178466796875,0.7781167030334473,0.034396570175886154
2037-10-14,,34.50312805175781,33.93940734863281,0.5274669528007507,0.03625147417187691
2037-10-15,,33.91398239135742,33.93963623046875,0.27262166142463684,-0.29827752709388733
2037-10-16,,33.989925384521484,33.93986892700195,0.01440637931227684,0.0356491394340992
2037-10-17,,33.81647491455078,33.940101623535156,-0.24632684886455536,0.1226998120546341
2037-10-18,,33.46577453613281,33.940330505371094,-0.5087073445320129,0.03415101766586304
2037-10-19,,33.20384216308594,33.9405632019043,-0.7718527913093567,0.03512951359152794
2037-10-20,,32.940311431884766,33.9407958984375,-1.0348775386810303,0.034396570175886154
2037-10-21,,32.68037796020508,33.94102478027344,-1.2968978881835938,0.03625147417187691
2037-10-22,,32.0859375,33.94125747680664,-1.5570424795150757,-0.29827752709388733
2037-10-23,,32.162681579589844,33.94148635864258,-1.814455509185791,0.0356491394340992
2037-10-24,,31.996112823486328,33.94171905517578,-2.0683064460754395,0.1226998120546341
2037-10-25,,31.658302307128906,33.94194793701172,-2.3177967071533203,0.03415101766586304
2037-10-26,,31.415145874023438,33.942176818847656,-2.562161684036255,0.03512951359152794
2037-10-27,,31.176124572753906,33.94240951538086,-2.8006818294525146,0.034396570175886154
2037-10-28,,30.946208953857422,33.94264221191406,-3.0326850414276123,0.03625147417187691
2037-10-29,,30.387046813964844,33.94287109375,-3.2575490474700928,-0.29827752709388733
2037-10-30,,30.504039764404297,33.9431037902832,-3.474712610244751,0.0356491394340992
2037-10-31,,30.382366180419922,33.94333267211914,-3.683668851852417,0.1226998120546341
2037-11-01,,30.093738555908203,33.943565368652344,-3.8839783668518066,0.03415101766586304
2037-11-02,,29.903663635253906,33.94379806518555,-4.075263500213623,0.03512951359152794
2037-11-03,,29.721210479736328,33.944026947021484,-4.2572150230407715,0.034396570175886154
2037-11-04,,29.550918579101562,33.94425582885742,-4.42958927154541,0.03625147417187691
2037-11-05,,29.053997039794922,33.944488525390625,-4.592212677001953,-0.29827752709388733
2037-11-06,,29.235393524169922,33.94472122192383,-4.744975566864014,0.0356491394340992
2037-11-07,,29.179813385009766,33.944950103759766,-4.887837886810303,0.1226998120546341
2037-11-08,,28.958511352539062,33.94518280029297,-5.020820617675781,0.03415101766586304
2037-11-09,,28.836532592773438,33.945411682128906,-5.1440110206604,0.03512951359152794
2037-11-10,,28.722488403320312,33.94564437866211,-5.257550239562988,0.034396570175886154
2037-11-11,,28.6204833984375,33.94587326049805,-5.361642837524414,0.03625147417187691
2037-11-12,,28.191287994384766,33.94610595703125,-5.456539630889893,-0.29827752709388733
2037-11-13,,28.43944549560547,33.94633865356445,-5.54254150390625,0.0356491394340992
2037-11-14,,28.44927215576172,33.94656753540039,-5.619996070861816,0.1226998120546341
2037-11-15,,28.29166030883789,33.94679641723633,-5.689285755157471,0.03415101766586304
2037-11-16,,28.23133087158203,33.94702911376953,-5.750827789306641,0.03512951359152794
2037-11-17,,28.17658805847168,33.947261810302734,-5.805068492889404,0.034396570175886154
2037-11-18,,28.131263732910156,33.94749069213867,-5.852479457855225,0.03625147417187691
2037-11-19,,27.755897521972656,33.94771957397461,-5.893544673919678,-0.29827752709388733
2037-11-20,,28.05483627319336,33.94795227050781,-5.928764343261719,0.0356491394340992
2037-11-21,,28.112239837646484,33.948184967041016,-5.958644866943359,0.1226998120546341
2037-11-22,,27.998870849609375,33.94841384887695,-5.983694076538086,0.03415101766586304
2037-11-23,,27.979360580444336,33.94864273071289,-6.00441312789917,0.03512951359152794
2037-11-24,,27.96197509765625,33.948875427246094,-6.021297931671143,0.034396570175886154
2037-11-25,,27.95052719116211,33.9491081237793,-6.034830570220947,0.03625147417187691
2037-11-26,,27.605587005615234,33.949337005615234,-6.045472145080566,-0.29827752709388733
2037-11-27,,27.93155288696289,33.94956970214844,-6.0536651611328125,0.0356491394340992
2037-11-28,,28.012676239013672,33.949798583984375,-6.0598249435424805,0.1226998120546341
2037-11-29,,27.919837951660156,33.95003128051758,-6.064343452453613,0.03415101766586304
2037-11-30,,27.91781997680664,33.950260162353516,-6.067571640014648,0.03512951359152794
2037-12-01,,27.91505241394043,33.95049285888672,-6.069835662841797,0.034396570175886154
2037-12-02,,27.91555404663086,33.95072555541992,-6.0714216232299805,0.03625147417187691
2037-12-03,,27.580093383789062,33.95095443725586,-6.072582244873047,-0.29827752709388733
2037-12-04,,27.91330337524414,33.9511833190918,-6.0735297203063965,0.0356491394340992
2037-12-05,,27.999675750732422,33.951416015625,-6.074442386627197,0.1226998120546341
2037-12-06,,27.91033935546875,33.9516487121582,-6.075457572937012,0.03415101766586304
2037-12-07,,27.91032600402832,33.95187759399414,-6.0766801834106445,0.03512951359152794
2037-12-08,,27.908329010009766,33.95210647583008,-6.0781755447387695,0.034396570175886154
2037-12-09,,27.908611297607422,33.95233917236328,-6.07997989654541,0.03625147417187691
2037-12-10,,27.57219886779785,33.952571868896484,-6.082093715667725,-0.29827752709388733
2037-12-11,,27.903961181640625,33.95280075073242,-6.084488868713379,0.0356491394340992
2037-12-12,,27.98862075805664,33.95302963256836,-6.0871124267578125,0.1226998120546341
2037-12-13,,27.897525787353516,33.95326232910156,-6.089888095855713,0.03415101766586304
2037-12-14,,27.895906448364258,33.953495025634766,-6.092716693878174,0.03512951359152794
2037-12-15,,27.892635345458984,33.9537239074707,-6.095484256744385,0.034396570175886154
2037-12-16,,27.892147064208984,33.953956604003906,-6.098062515258789,0.03625147417187691
2037-12-17,,27.55559539794922,33.954185485839844,-6.100314140319824,-0.29827752709388733
2037-12-18,,27.887971878051758,33.95441818237305,-6.102094650268555,0.0356491394340992
2037-12-19,,27.97408676147461,33.954647064208984,-6.103260040283203,0.1226998120546341
2037-12-20,,27.885366439819336,33.95487976074219,-6.103665351867676,0.03415101766586304
2037-12-21,,27.887067794799805,33.95511245727539,-6.103172302246094,0.03512951359152794
2037-12-22,,27.88808822631836,33.95534133911133,-6.101648807525635,0.034396570175886154
2037-12-23,,27.892847061157227,33.955570220947266,-6.098975658416748,0.03625147417187691
2037-12-24,,27.562477111816406,33.95580291748047,-6.095048904418945,-0.29827752709388733
2037-12-25,,27.901901245117188,33.95603561401367,-6.089782238006592,0.0356491394340992
2037-12-26,,27.99585723876953,33.95626449584961,-6.08310604095459,0.1226998120546341
2037-12-27,,27.915672302246094,33.95649719238281,-6.074975490570068,0.03415101766586304
2037-12-28,,27.926490783691406,33.95672607421875,-6.065365314483643,0.03512951359152794
2037-12-29,,27.93707275390625,33.95695877075195,-6.054280757904053,0.034396570175886154
2037-12-30,,27.951692581176758,33.95718765258789,-6.041746616363525,0.03625147417187691
2037-12-31,,27.631328582763672,33.957420349121094,-6.027814865112305,-0.29827752709388733
2038-01-01,,27.98073387145996,33.95764923095703,-6.0125651359558105,0.0356491394340992
2038-01-02,,28.08448028564453,33.957881927490234,-5.996099948883057,0.1226998120546341
2038-01-03,,28.013713836669922,33.95811080932617,-5.978549003601074,0.03415101766586304
2038-01-04,,28.033409118652344,33.958343505859375,-5.960063457489014,0.03512951359152794
2038-01-05,,28.052154541015625,33.95857238769531,-5.9408159255981445,0.034396570175886154
2038-01-06,,28.074058532714844,33.958805084228516,-5.920998573303223,0.03625147417187691
2038-01-07,,27.759939193725586,33.95903778076172,-5.900821208953857,-0.29827752709388733
2038-01-08,,28.114410400390625,33.959266662597656,-5.880507469177246,0.0356491394340992
2038-01-09,,28.221900939941406,33.95949935913086,-5.860294818878174,0.1226998120546341
2038-01-10,,28.153453826904297,33.9597282409668,-5.840426445007324,0.03415101766586304
2038-01-11,,28.173938751220703,33.9599609375,-5.821152210235596,0.03512951359152794
2038-01-12,,28.191864013671875,33.96018981933594,-5.8027238845825195,0.034396570175886154
2038-01-13,,28.211284637451172,33.96042251586914,-5.7853899002075195,0.03625147417187691
2038-01-14,,27.892980575561523,33.96065139770508,-5.769392490386963,-0.29827752709388733
2038-01-15,,28.241565704345703,33.96088409423828,-5.754968166351318,0.0356491394340992
2038-01-16,,28.341476440429688,33.96111297607422,-5.742337703704834,0.1226998120546341
2038-01-17,,28.2637939453125,33.96134567260742,-5.73170280456543,0.03415101766586304
2038-01-18,,28.273452758789062,33.961578369140625,-5.723251819610596,0.03512951359152794
2038-01-19,,28.27906036376953,33.96180725097656,-5.717145919799805,0.034396570175886154
2038-01-20,,28.284767150878906,33.9620361328125,-5.713521480560303,0.03625147417187691
2038-01-21,,27.95150375366211,33.9622688293457,-5.712485313415527,-0.29827752709388733
2038-01-22,,28.284034729003906,33.962501525878906,-5.714113712310791,0.0356491394340992
2038-01-23,,28.36697769165039,33.962730407714844,-5.7184529304504395,0.1226998120546341
2038-01-24,,28.271602630615234,33.96295928955078,-5.725508689880371,0.03415101766586304
2038-01-25,,28.263065338134766,33.963191986083984,-5.735257148742676,0.03512951359152794
2038-01-26,,28.25018310546875,33.96342468261719,-5.747636318206787,0.034396570175886154
2038-01-27,,28.237361907958984,33.963653564453125,-5.762545108795166,0.03625147417187691
2038-01-28,,27.885757446289062,33.96388626098633,-5.779850006103516,-0.29827752709388733
2038-01-29,,28.20038604736328,33.964115142822266,-5.799378871917725,0.0356491394340992
2038-01-30,,28.26612091064453,33.96434783935547,-5.820925712585449,0.1226998120546341
2038-01-31,,28.154476165771484,33.964576721191406,-5.844252586364746,0.03415101766586304
2038-02-01,,28.130847930908203,33.96480941772461,-5.869089126586914,0.03512951359152794
2038-02-02,,28.104299545288086,33.96504211425781,-5.895136833190918,0.034396570175886154
2038-02-03,,28.079450607299805,33.96527099609375,-5.922071933746338,0.03625147417187691
2038-02-04,,27.717674255371094,33.96549987792969,-5.94954776763916,-0.29827752709388733
2038-02-05,,28.02417755126953,33.96573257446289,-5.977202415466309,0.0356491394340992
2038-02-06,,28.084009170532227,33.965965270996094,-6.004654407501221,0.1226998120546341
2038-02-07,,27.968830108642578,33.96619415283203,-6.031516075134277,0.03415101766586304
2038-02-08,,27.944164276123047,33.96642303466797,-6.057390213012695,0.03512951359152794
2038-02-09,,27.919174194335938,33.96665573120117,-6.08188009262085,0.034396570175886154
2038-02-10,,27.898544311523438,33.966888427734375,-6.104593753814697,0.03625147417187691
2038-02-11,,27.5436954498291,33.96711730957031,-6.125145435333252,-0.29827752709388733
2038-02-12,,27.859832763671875,33.96734619140625,-6.143163204193115,0.0356491394340992
2038-02-13,,27.931987762451172,33.96757888793945,-6.158294200897217,0.1226998120546341
2038-02-14,,27.831754684448242,33.967811584472656,-6.170206546783447,0.03415101766586304
2038-02-15,,27.824575424194336,33.968040466308594,-6.178594589233398,0.03512951359152794
2038-02-16,,27.819480895996094,33.9682731628418,-6.183187961578369,0.034396570175886154
2038-02-17,,27.82101058959961,33.968502044677734,-6.183745384216309,0.03625147417187691
2038-02-18,,27.490385055541992,33.96873474121094,-6.180071830749512,-0.29827752709388733
2038-02-19,,27.832603454589844,33.968963623046875,-6.172009468078613,0.0356491394340992
2038-02-20,,27.932449340820312,33.96919631958008,-6.159448623657227,0.1226998120546341
2038-02-21,,27.861251831054688,33.96942901611328,-6.142326354980469,0.03415101766586304
2038-02-22,,27.8841609954834,33.96965789794922,-6.120626926422119,0.03512951359152794
2038-02-23,,27.909896850585938,33.969886779785156,-6.094388484954834,0.034396570175886154
2038-02-24,,27.942668914794922,33.97011947631836,-6.06370210647583,0.03625147417187691
2038-02-25,,27.643367767333984,33.97035217285156,-6.0287065505981445,-0.29827752709388733
2038-02-26,,28.01663589477539,33.9705810546875,-5.98959493637085,0.0356491394340992
2038-02-27,,28.146900177001953,33.97080993652344,-5.946610927581787,0.1226998120546341
2038-02-28,,28.105148315429688,33.97104263305664,-5.9000468254089355,0.03415101766586304
2038-03-01,,28.156164169311523,33.971275329589844,-5.850240230560303,0.03512951359152794
2038-03-02,,28.208328247070312,33.97150421142578,-5.797573566436768,0.034396570175886154
2038-03-03,,28.265518188476562,33.971736907958984,-5.742471218109131,0.03625147417187691
2038-03-04,,27.988296508789062,33.97196578979492,-5.685393333435059,-0.29827752709388733
2038-03-05,,28.38101577758789,33.972198486328125,-5.626830101013184,0.0356491394340992
2038-03-06,,28.52782440185547,33.97242736816406,-5.567302227020264,0.1226998120546341
2038-03-07,,28.499462127685547,33.972660064697266,-5.507347583770752,0.03415101766586304
2038-03-08,,28.56049346923828,33.9728889465332,-5.447526931762695,0.03512951359152794
2038-03-09,,28.61911392211914,33.973121643066406,-5.388403415679932,0.034396570175886154
2038-03-10,,28.67905044555664,33.973350524902344,-5.330550670623779,0.03625147417187691
2038-03-11,,28.400772094726562,33.97358322143555,-5.274534225463867,-0.29827752709388733
2038-03-12,,28.788551330566406,33.97381591796875,-5.220911502838135,0.0356491394340992
2038-03-13,,28.926517486572266,33.97404479980469,-5.170224666595459,0.1226998120546341
2038-03-14,,28.88543701171875,33.97427749633789,-5.12299108505249,0.03415101766586304
2038-03-15,,28.92993927001953,33.97450637817383,-5.079697132110596,0.03512951359152794
2038-03-16,,28.968338012695312,33.97473907470703,-5.040797233581543,0.034396570175886154
2038-03-17,,29.004520416259766,33.97496795654297,-5.0066986083984375,0.03625147417187691
2038-03-18,,28.69916534423828,33.97520065307617,-4.97775936126709,-0.29827752709388733
2038-03-19,,29.056793212890625,33.97542953491211,-4.954285144805908,0.0356491394340992
2038-03-20,,29.16183853149414,33.97566223144531,-4.936522006988525,0.1226998120546341
2038-03-21,,29.08539581298828,33.97589111328125,-4.924646377563477,0.03415101766586304
2038-03-22,,29.092483520507812,33.97612380981445,-4.918771743774414,0.03512951359152794
2038-03-23,,29.091815948486328,33.97635269165039,-4.918935298919678,0.034396570175886154
2038-03-24,,29.087738037109375,33.976585388183594,-4.925097942352295,0.03625147417187691
2038-03-25,,28.74139404296875,33.9768180847168,-4.937145233154297,-0.29827752709388733
2038-03-26,,29.057815551757812,33.977046966552734,-4.954881191253662,0.0356491394340992
2038-03-27,,29.1219482421875,33.97727584838867,-4.978027820587158,0.1226998120546341
2038-03-28,,29.005428314208984,33.977508544921875,-5.00623083114624,0.03415101766586304
2038-03-29,,28.973819732666016,33.97774124145508,-5.039051532745361,0.03512951359152794
2038-03-30,,28.93639373779297,33.977970123291016,-5.075974464416504,0.034396570175886154
2038-03-31,,28.898040771484375,33.97820281982422,-5.116410732269287,0.03625147417187691
2038-04-01,,28.520462036132812,33.978431701660156,-5.159692764282227,-0.29827752709388733
2038-04-02,,28.809223175048828,33.97866439819336,-5.205090522766113,0.0356491394340992
2038-04-03,,28.849788665771484,33.9788932800293,-5.251804828643799,0.1226998120546341
2038-04-04,,28.71429443359375,33.9791259765625,-5.298980236053467,0.03415101766586304
2038-04-05,,28.668777465820312,33.9793586730957,-5.345707893371582,0.03512951359152794
2038-04-06,,28.62295150756836,33.97958755493164,-5.391031265258789,0.034396570175886154
2038-04-07,,28.582111358642578,33.97981643676758,-5.433956623077393,0.03625147417187691
2038-04-08,,28.20831298828125,33.98004913330078,-5.473458290100098,-0.29827752709388733
2038-04-09,,28.507442474365234,33.980281829833984,-5.508488178253174,0.0356491394340992
2038-04-10,,28.565227508544922,33.98051071166992,-5.537984371185303,0.1226998120546341
2038-04-11,,28.454017639160156,33.98073959350586,-5.560876369476318,0.03415101766586304
2038-04-12,,28.44000244140625,33.98097229003906,-5.576100826263428,0.03512951359152794
2038-04-13,,28.43299102783203,33.981204986572266,-5.582608699798584,0.034396570175886154
2038-04-14,,28.43832015991211,33.9814338684082,-5.579367160797119,0.03625147417187691
2038-04-15,,28.11800765991211,33.98166275024414,-5.565380096435547,-0.29827752709388733
2038-04-16,,28.477859497070312,33.981895446777344,-5.539689064025879,0.0356491394340992
2038-04-17,,28.603439331054688,33.98212814331055,-5.501388072967529,0.1226998120546341
2038-04-18,,28.566879272460938,33.982357025146484,-5.449626922607422,0.03415101766586304
2038-04-19,,28.63409423828125,33.98258972167969,-5.383622646331787,0.03512951359152794
2038-04-20,,28.714550018310547,33.98282241821289,-5.302667140960693,0.034396570175886154
2038-04-21,,28.81317138671875,33.98305130004883,-5.2061309814453125,0.03625147417187691
2038-04-22,,28.59152603149414,33.983280181884766,-5.09347677230835,-0.29827752709388733
2038-04-23,,29.054901123046875,33.98351287841797,-4.964259147644043,0.0356491394340992
2038-04-24,,29.288311004638672,33.98374557495117,-4.818131923675537,0.1226998120546341
2038-04-25,,29.36327362060547,33.98397445678711,-4.654852390289307,0.03415101766586304
2038-04-26,,29.545047760009766,33.98420333862305,-4.4742865562438965,0.03512951359152794
2038-04-27,,29.742427825927734,33.98443603515625,-4.276407718658447,0.034396570175886154
2038-04-28,,29.959613800048828,33.98466873168945,-4.061304092407227,0.03625147417187691
2038-04-29,,29.857444763183594,33.98489761352539,-3.829174041748047,-0.29827752709388733
2038-04-30,,30.440448760986328,33.98512649536133,-3.580329179763794,0.0356491394340992
2038-05-01,,30.792865753173828,33.98535919189453,-3.3151919841766357,0.1226998120546341
2038-05-02,,30.98544692993164,33.985591888427734,-3.0342960357666016,0.03415101766586304
2038-05-03,,31.282672882080078,33.98582077026367,-2.7382781505584717,0.03512951359152794
2038-05-04,,31.592567443847656,33.98604965209961,-2.427880048751831,0.034396570175886154
2038-05-05,,31.918594360351562,33.98628234863281,-2.103940010070801,0.03625147417187691
2038-05-06,,31.920848846435547,33.986515045166016,-1.7673895359039307,-0.29827752709388733
2038-05-07,,32.6031494140625,33.98674392700195,-1.419243335723877,0.0356491394340992
2038-05-08,,33.04907989501953,33.986976623535156,-1.0605965852737427,0.1226998120546341
2038-05-09,,33.32874298095703,33.98720932006836,-0.6926134824752808,0.03415101766586304
2038-05-10,,33.7060432434082,33.9874382019043,-0.3165230453014374,0.03512951359152794
2038-05-11,,34.088462829589844,33.987667083740234,0.06639692187309265,0.034396570175886154
2038-05-12,,34.478973388671875,33.98789978027344,0.4548226296901703,0.03625147417187691
2038-05-13,,34.53725051879883,33.98813247680664,0.84739750623703,-0.29827752709388733
2038-05-14,,35.26675033569336,33.98836135864258,1.2427401542663574,0.0356491394340992
2038-05-15,,35.75074768066406,33.988590240478516,1.6394578218460083,0.1226998120546341
2038-05-16,,36.05913162231445,33.98882293701172,2.0361552238464355,0.03415101766586304
2038-05-17,,36.45562744140625,33.98905563354492,2.431443214416504,0.03512951359152794
2038-05-18,,36.84763717651367,33.98928451538086,2.823953866958618,0.034396570175886154
2038-05-19,,37.23811340332031,33.98951721191406,3.2123451232910156,0.03625147417187691
2038-05-20,,37.286781311035156,33.98974609375,3.595313787460327,-0.29827752709388733
2038-05-21,,37.99723434448242,33.9899787902832,3.9716055393218994,0.0356491394340992
2038-05-22,,38.45293045043945,33.99020767211914,4.340022087097168,0.1226998120546341
2038-05-23,,38.72402572631836,33.990440368652344,4.699433326721191,0.03415101766586304
2038-05-24,,39.074581146240234,33.99066925048828,5.0487799644470215,0.03512951359152794
2038-05-25,,39.41238021850586,33.990901947021484,5.387083530426025,0.034396570175886154
2038-05-26,,39.74083709716797,33.99113082885742,5.713454723358154,0.03625147417187691
2038-05-27,,39.720184326171875,33.991363525390625,6.027099132537842,-0.29827752709388733
2038-05-28,,40.354557037353516,33.99159622192383,6.3273138999938965,0.0356491394340992
2038-05-29,,40.728031158447266,33.991825103759766,6.61350679397583,0.1226998120546341
2038-05-30,,40.91139221191406,33.99205780029297,6.885184288024902,0.03415101766586304
2038-05-31,,41.16938018798828,33.992286682128906,7.14196252822876,0.03512951359152794
2038-06-01,,41.41048049926758,33.99251937866211,7.383565425872803,0.034396570175886154
2038-06-02,,41.638824462890625,33.99274826049805,7.609827518463135,0.03625147417187691
2038-06-03,,41.51538848876953,33.99298095703125,7.820687294006348,-0.29827752709388733
2038-06-04,,42.04505157470703,33.99320983886719,8.016190528869629,0.0356491394340992
2038-06-05,,42.31262969970703,33.99344253540039,8.196488380432129,0.1226998120546341
2038-06-06,,42.389652252197266,33.99367141723633,8.36182975769043,0.03415101766586304
2038-06-07,,42.54159164428711,33.99390411376953,8.512558937072754,0.03512951359152794
2038-06-08,,42.67763900756836,33.99413299560547,8.649107933044434,0.034396570175886154
2038-06-09,,42.8026123046875,33.99436569213867,8.771994590759277,0.03625147417187691
2038-06-10,,42.5781364440918,33.994598388671875,8.881817817687988,-0.29827752709388733
2038-06-11,,43.00971603393555,33.99482727050781,8.979238510131836,0.0356491394340992
2038-06-12,,43.1827392578125,33.99505615234375,9.064981460571289,0.1226998120546341
2038-06-13,,43.16926574707031,33.99528884887695,9.1398286819458,0.03415101766586304
2038-06-14,,43.235252380371094,33.995521545410156,9.20460319519043,0.03512951359152794
2038-06-15,,43.29030990600586,33.995750427246094,9.260161399841309,0.034396570175886154
2038-06-16,,43.339622497558594,33.9959831237793,9.307392120361328,0.03625147417187691
2038-06-17,,43.045127868652344,33.996212005615234,9.34719467163086,-0.29827752709388733
2038-06-18,,43.41257095336914,33.99644470214844,9.380477905273438,0.0356491394340992
2038-06-19,,43.527523040771484,33.996673583984375,9.408150672912598,0.1226998120546341
2038-06-20,,43.462162017822266,33.99690628051758,9.431106567382812,0.03415101766586304
2038-06-21,,43.482486724853516,33.99713897705078,9.450220108032227,0.03512951359152794
2038-06-22,,43.49810028076172,33.99736785888672,9.466337203979492,0.034396570175886154
2038-06-23,,43.51411819458008,33.997596740722656,9.480267524719238,0.03625147417187691
2038-06-24,,43.192325592041016,33.99782943725586,9.492775917053223,-0.29827752709388733
2038-06-25,,43.53828430175781,33.99806213378906,9.504573822021484,0.0356491394340992
2038-06-26,,43.63730239868164,33.998291015625,9.516312599182129,0.1226998120546341
2038-06-27,,43.56126022338867,33.99851989746094,9.528587341308594,0.03415101766586304
2038-06-28,,43.5757942199707,33.99875259399414,9.541910171508789,0.03512951359152794
2038-06-29,,43.59011459350586,33.998985290527344,9.556733131408691,0.034396570175886154
2038-06-30,,43.608890533447266,33.99921417236328,9.57342529296875,0.03625147417187691
2038-07-01,,43.29344177246094,33.99944305419922,9.59227466583252,-0.29827752709388733
2038-07-02,,43.6488151550293,33.99967575073242,9.613489151000977,0.0356491394340992
2038-07-03,,43.75981140136719,33.999908447265625,9.637201309204102,0.1226998120546341
2038-07-04,,43.69773864746094,34.00013732910156,9.66344928741455,0.03415101766586304
2038-07-05,,43.72770309448242,34.000370025634766,9.692204475402832,0.03512951359152794
2038-07-06,,43.75834274291992,34.0005989074707,9.723347663879395,0.034396570175886154
2038-07-07,,43.79377365112305,34.000831604003906,9.75669002532959,0.03625147417187691
2038-07-08,,43.494754791259766,34.001060485839844,9.79196834564209,-0.29827752709388733
2038-07-09,,43.865787506103516,34.00129318237305,9.828847885131836,0.0356491394340992
2038-07-10,,43.99116134643555,34.00152587890625,9.866939544677734,0.1226998120546341
2038-07-11,,43.941688537597656,34.00175476074219,9.905783653259277,0.03415101766586304
2038-07-12,,43.98199462890625,34.001983642578125,9.944878578186035,0.03512951359152794
2038-07-13,,44.020286560058594,34.00221633911133,9.983673095703125,0.034396570175886154
2038-07-14,,44.06028366088867,34.00244903564453,10.021584510803223,0.03625147417187691
2038-07-15,,43.76239013671875,34.00267791748047,10.057989120483398,-0.29827752709388733
2038-07-16,,44.13080978393555,34.002906799316406,10.092253684997559,0.0356491394340992
2038-07-17,,44.24956130981445,34.00313949584961,10.1237211227417,0.1226998120546341
2038-07-18,,44.18925094604492,34.00337219238281,10.151731491088867,0.03415101766586304
2038-07-19,,44.214359283447266,34.00360107421875,10.175626754760742,0.03512951359152794
2038-07-20,,44.232994079589844,34.00382995605469,10.194765090942383,0.034396570175886154
2038-07-21,,44.24882888793945,34.00406265258789,10.208511352539062,0.03625147417187691
2038-07-22,,43.92228317260742,34.004295349121094,10.216267585754395,-0.29827752709388733
2038-07-23,,44.257633209228516,34.00452423095703,10.217459678649902,0.0356491394340992
2038-07-24,,44.339019775390625,34.004756927490234,10.211562156677246,0.1226998120546341
2038-07-25,,44.23723220825195,34.00498580932617,10.198091506958008,0.03415101766586304
2038-07-26,,44.21697235107422,34.005218505859375,10.176624298095703,0.03512951359152794
2038-07-27,,44.18663024902344,34.00544738769531,10.1467866897583,0.034396570175886154
2038-07-28,,44.150203704833984,34.005680084228516,10.108272552490234,0.03625147417187691
2038-07-29,,43.76847839355469,34.00591278076172,10.060843467712402,-0.29827752709388733
2038-07-30,,44.04612350463867,34.006141662597656,10.00433349609375,0.0356491394340992
2038-07-31,,44.06772232055664,34.006370544433594,9.938650131225586,0.1226998120546341
2038-08-01,,43.90452194213867,34.0066032409668,9.863767623901367,0.03415101766586304
2038-08-02,,43.82170867919922,34.0068359375,9.779746055603027,0.03512951359152794
2038-08-03,,43.72818374633789,34.00706481933594,9.686723709106445,0.034396570175886154
2038-08-04,,43.62845230102539,34.00729751586914,9.584905624389648,0.03625147417187691
2038-08-05,,43.1838264465332,34.00752639770508,9.474575996398926,-0.29827752709388733
2038-08-06,,43.39949417114258,34.00775909423828,9.356088638305664,0.0356491394340992
2038-08-07,,43.360557556152344,34.00798797607422,9.229867935180664,0.1226998120546341
2038-08-08,,43.13877487182617,34.00822067260742,9.096403121948242,0.03415101766586304
2038-08-09,,42.99982452392578,34.00844955444336,8.956243515014648,0.03512951359152794
2038-08-10,,42.85306930541992,34.00868225097656,8.809988975524902,0.034396570175886154
2038-08-11,,42.70345687866211,34.0089111328125,8.658293724060059,0.03625147417187691
2038-08-12,,42.21271896362305,34.0091438293457,8.50185489654541,-0.29827752709388733
2038-08-13,,42.38642501831055,34.00937271118164,8.341401100158691,0.0356491394340992
2038-08-14,,42.310001373291016,34.009605407714844,8.177695274353027,0.1226998120546341
2038-08-15,,42.055503845214844,34.00983810424805,8.011515617370605,0.03415101766586304
2038-08-16,,41.888858795166016,34.010066986083984,7.843660354614258,0.03512951359152794
2038-08-17,,41.7196159362793,34.01029968261719,7.674922943115234,0.034396570175886154
2038-08-18,,41.552886962890625,34.010528564453125,7.506107330322266,0.03625147417187691
2038-08-19,,41.050479888916016,34.01076126098633,7.337996006011963,-0.29827752709388733
2038-08-20,,41.21799850463867,34.010990142822266,7.171358585357666,0.0356491394340992
2038-08-21,,41.1408576965332,34.01122283935547,7.006937026977539,0.1226998120546341
2038-08-22,,40.89104080200195,34.011451721191406,6.8454365730285645,0.03415101766586304
2038-08-23,,40.73434066772461,34.01168441772461,6.687525272369385,0.03512951359152794
2038-08-24,,40.58013153076172,34.01191329956055,6.53381872177124,0.034396570175886154
2038-08-25,,40.43328094482422,34.01214599609375,6.384883403778076,0.03625147417187691
2038-08-26,,39.955322265625,34.01237869262695,6.241222858428955,-0.29827752709388733
2038-08-27,,40.15153121948242,34.01260757446289,6.103275775909424,0.0356491394340992
2038-08-28,,40.10694885253906,34.01283645629883,5.971411228179932,0.1226998120546341
2038-08-29,,39.89314270019531,34.01306915283203,5.84592342376709,0.03415101766586304
2038-08-30,,39.77545928955078,34.013301849365234,5.727031230926514,0.03512951359152794
2038-08-31,,39.66279983520508,34.01353073120117,5.614873886108398,0.034396570175886154
2038-09-01,,39.55952453613281,34.01375961303711,5.509511947631836,0.03625147417187691
2038-09-02,,39.12663650512695,34.01399230957031,5.410921573638916,-0.29827752709388733
2038-09-03,,39.368873596191406,34.014225006103516,5.318999290466309,0.0356491394340992
2038-09-04,,39.3707160949707,34.01445388793945,5.233561038970947,0.1226998120546341
2038-09-05,,39.203182220458984,34.014686584472656,5.15434455871582,0.03415101766586304
2038-09-06,,39.13105773925781,34.014915466308594,5.081011772155762,0.03512951359152794
2038-09-07,,39.06269454956055,34.0151481628418,5.013150691986084,0.034396570175886154
2038-09-08,,39.00191116333008,34.015377044677734,4.950279712677002,0.03625147417187691
2038-09-09,,38.60919189453125,34.01560974121094,4.891857624053955,-0.29827752709388733
2038-09-10,,38.888771057128906,34.01584243774414,4.837279796600342,0.0356491394340992
2038-09-11,,38.924659729003906,34.01607131958008,4.785889148712158,0.1226998120546341
2038-09-12,,38.787437438964844,34.016300201416016,4.736983299255371,0.03415101766586304
2038-09-13,,38.741485595703125,34.01653289794922,4.689821720123291,0.03512951359152794
2038-09-14,,38.69478988647461,34.01676559448242,4.643628120422363,0.034396570175886154
2038-09-15,,38.65085220336914,34.01699447631836,4.597604751586914,0.03625147417187691
2038-09-16,,38.26988220214844,34.0172233581543,4.550936698913574,-0.29827752709388733
2038-09-17,,38.555904388427734,34.0174560546875,4.5027971267700195,0.0356491394340992
2038-09-18,,38.592750549316406,34.0176887512207,4.452362060546875,0.1226998120546341
2038-09-19,,38.45088195800781,34.01791763305664,4.398813724517822,0.03415101766586304
2038-09-20,,38.394630432128906,34.018150329589844,4.341350555419922,0.03512951359152794
2038-09-21,,38.33197021484375,34.01837921142578,4.279194355010986,0.034396570175886154
2038-09-22,,38.26646041870117,34.018611907958984,4.2115960121154785,0.03625147417187691
2038-09-23,,37.8584098815918,34.01884078979492,4.137847900390625,-0.29827752709388733
2038-09-24,,38.11200714111328,34.019073486328125,4.057286262512207,0.0356491394340992
2038-09-25,,38.11130142211914,34.01930236816406,3.969298839569092,0.1226998120546341
2038-09-26,,37.92701721191406,34.019535064697266,3.873333215713501,0.03415101766586304
2038-09-27,,37.82379150390625,34.0197639465332,3.7688989639282227,0.03512951359152794
2038-09-28,,37.70996856689453,34.019996643066406,3.6555731296539307,0.034396570175886154
2038-09-29,,37.5894889831543,34.02022933959961,3.533007860183716,0.03625147417187691
2038-09-30,,37.123111724853516,34.02045822143555,3.400930166244507,-0.29827752709388733
2038-10-01,,37.31548309326172,34.02069091796875,3.2591450214385986,0.0356491394340992
2038-10-02,,37.25115966796875,34.02091979980469,3.107538938522339,0.1226998120546341
2038-10-03,,37.00138473510742,34.02115249633789,2.9460809230804443,0.03415101766586304
2038-10-04,,36.83133316040039,34.02138137817383,2.7748215198516846,0.03512951359152794
2038-10-05,,36.64990234375,34.021610260009766,2.5938937664031982,0.034396570175886154
2038-10-06,,36.46160888671875,34.02184295654297,2.403513193130493,0.03625147417187691
2038-10-07,,35.92776870727539,34.02207565307617,2.2039718627929688,-0.29827752709388733
2038-10-08,,36.05359649658203,34.02230453491211,1.9956421852111816,0.0356491394340992
2038-10-09,,35.9242057800293,34.02253723144531,1.7789669036865234,0.1226998120546341
2038-10-10,,35.61137771606445,34.02276611328125,1.5544596910476685,0.03415101766586304
2038-10-11,,35.380828857421875,34.02299880981445,1.3226996660232544,0.03512951359152794
2038-10-12,,35.14195251464844,34.023231506347656,1.0843254327774048,0.034396570175886154
2038-10-13,,34.899742126464844,34.023460388183594,0.8400300145149231,0.03625147417187691
2038-10-14,,34.31596755981445,34.02368927001953,0.5905541777610779,-0.29827752709388733
2038-10-15,,34.3962516784668,34.023921966552734,0.3366814851760864,0.0356491394340992
2038-10-16,,34.22608184814453,34.02415084838867,0.07922972738742828,0.1226998120546341
2038-10-17,,33.87758255004883,34.024383544921875,-0.18095466494560242,0.03415101766586304
2038-10-18,,33.616737365722656,34.02461624145508,-0.44300559163093567,0.03512951359152794
2038-10-19,,33.35319900512695,34.024845123291016,-0.7060431838035583,0.034396570175886154
2038-10-20,,33.09214782714844,34.02507781982422,-0.9691811203956604,0.03625147417187691
2038-10-21,,32.4954948425293,34.025306701660156,-1.2315349578857422,-0.29827752709388733
2038-10-22,,32.5689582824707,34.02553939819336,-1.4922294616699219,0.0356491394340992
2038-10-23,,32.39806365966797,34.02577209472656,-1.7504048347473145,0.1226998120546341
2038-10-24,,32.054927825927734,34.0260009765625,-2.0052223205566406,0.03415101766586304
2038-10-25,,31.805484771728516,34.02622985839844,-2.255875587463379,0.03512951359152794
2038-10-26,,31.559268951416016,34.02646255493164,-2.5015907287597656,0.034396570175886154
2038-10-27,,31.321304321289062,34.02669143676758,-2.7416374683380127,0.03625147417187691
2038-10-28,,30.753318786621094,34.02692413330078,-2.975330352783203,-0.29827752709388733
2038-10-29,,30.86077117919922,34.02715301513672,-3.2020344734191895,0.0356491394340992
2038-10-30,,30.728912353515625,34.02738571166992,-3.421172618865967,0.1226998120546341
2038-10-31,,30.429542541503906,34.027618408203125,-3.6322247982025146,0.03415101766586304
2038-11-01,,30.22824478149414,34.02784729003906,-3.834733247756958,0.03512951359152794
2038-11-02,,30.034168243408203,34.028076171875,-4.028306007385254,0.034396570175886154
2038-11-03,,29.851947784423828,34.0283088684082,-4.212615966796875,0.03625147417187691
2038-11-04,,29.342857360839844,34.028541564941406,-4.387404441833496,-0.29827752709388733
2038-11-05,,29.511943817138672,34.028770446777344,-4.552477836608887,0.0356491394340992
2038-11-06,,29.443988800048828,34.02900314331055,-4.707712173461914,0.1226998120546341
2038-11-07,,29.21033477783203,34.029232025146484,-4.853048801422119,0.03415101766586304
2038-11-08,,29.076095581054688,34.02946472167969,-4.988497257232666,0.03512951359152794
2038-11-09,,28.949966430664062,34.029693603515625,-5.114123821258545,0.034396570175886154
2038-11-10,,28.836116790771484,34.02992630004883,-5.230061054229736,0.03625147417187691
2038-11-11,,28.3953857421875,34.03015899658203,-5.336492538452148,-0.29827752709388733
2038-11-12,,28.632373809814453,34.03038787841797,-5.433662414550781,0.0356491394340992
2038-11-13,,28.63146209716797,34.030616760253906,-5.521856784820557,0.1226998120546341
2038-11-14,,28.46358871459961,34.03084945678711,-5.601414203643799,0.03415101766586304
2038-11-15,,28.393505096435547,34.03108215332031,-5.672706127166748,0.03512951359152794
2038-11-16,,28.32956314086914,34.03131103515625,-5.73614501953125,0.034396570175886154
2038-11-17,,28.27562713623047,34.03153991699219,-5.792167663574219,0.03625147417187691
2038-11-18,,27.892253875732422,34.03177261352539,-5.841240406036377,-0.29827752709388733
2038-11-19,,28.183807373046875,34.032005310058594,-5.883846282958984,0.0356491394340992
2038-11-20,,28.234455108642578,34.03223419189453,-5.920479774475098,0.1226998120546341
2038-11-21,,28.114967346191406,34.03246307373047,-5.951647758483887,0.03415101766586304
2038-11-22,,28.089969635009766,34.03269577026367,-5.9778571128845215,0.03512951359152794
2038-11-23,,28.067712783813477,34.032928466796875,-5.999611854553223,0.034396570175886154
2038-11-24,,28.052000045776367,34.03315734863281,-6.017409324645996,0.03625147417187691
2038-11-25,,27.703378677368164,34.033390045166016,-6.031734943389893,-0.29827752709388733
2038-11-26,,28.026212692260742,34.03362274169922,-6.043056964874268,0.0356491394340992
2038-11-27,,28.10472869873047,34.033851623535156,-6.051822662353516,0.1226998120546341
2038-11-28,,28.00977897644043,34.034080505371094,-6.0584540367126465,0.03415101766586304
2038-11-29,,28.00609588623047,34.0343132019043,-6.0633463859558105,0.03512951359152794
2038-11-30,,28.0020751953125,34.0345458984375,-6.066865921020508,0.034396570175886154
2038-12-01,,28.00168228149414,34.03477478027344,-6.0693440437316895,0.03625147417187691
2038-12-02,,27.665653228759766,34.035003662109375,-6.07107400894165,-0.29827752709388733
2038-12-03,,27.998565673828125,34.03523635864258,-6.072319030761719,0.0356491394340992
2038-12-04,,28.08486557006836,34.03546905517578,-6.073302268981934,0.1226998120546341
2038-12-05,,27.99563980102539,34.03569793701172,-6.0742082595825195,0.03415101766586304
2038-12-06,,27.995868682861328,34.035926818847656,-6.075188159942627,0.03512951359152794
2038-12-07,,27.994205474853516,34.03615951538086,-6.076352119445801,0.034396570175886154
2038-12-08,,27.994869232177734,34.03639221191406,-6.077774524688721,0.03625147417187691
2038-12-09,,27.658843994140625,34.03662109375,-6.079500198364258,-0.29827752709388733
2038-12-10,,27.990962982177734,34.03684997558594,-6.081536769866943,0.0356491394340992
2038-12-11,,28.07592010498047,34.03708267211914,-6.083865642547607,0.1226998120546341
2038-12-12,,27.98502540588379,34.037315368652344,-6.086440086364746,0.03415101766586304
2038-12-13,,27.983489990234375,34.03754425048828,-6.08918571472168,0.03512951359152794
2038-12-14,,27.98016357421875,34.037776947021484,-6.092010498046875,0.034396570175886154
2038-12-15,,27.979454040527344,34.03800964355469,-6.094804763793945,0.03625147417187691
2038-12-16,,27.64251708984375,34.038238525390625,-6.097443580627441,-0.29827752709388733
2038-12-17,,27.974327087402344,34.03846740722656,-6.099789619445801,0.0356491394340992
2038-12-18,,28.0596981048584,34.038700103759766,-6.1017022132873535,0.1226998120546341
2038-12-19,,27.970046997070312,34.03893280029297,-6.1030354499816895,0.03415101766586304
2038-12-20,,27.97064781188965,34.039161682128906,-6.103643894195557,0.03512951359152794
2038-12-21,,27.970401763916016,34.039390563964844,-6.103387355804443,0.034396570175886154
2038-12-22,,27.973743438720703,34.03962326049805,-6.102132320404053,0.03625147417187691
2038-12-23,,27.64181900024414,34.03985595703125,-6.099757671356201,-0.29827752709388733
2038-12-24,,27.97957992553711,34.04008483886719,-6.096153736114502,0.0356491394340992
2038-12-25,,28.071788787841797,34.04031753540039,-6.0912299156188965,0.1226998120546341
2038-12-26,,27.989788055419922,34.04054641723633,-6.084909439086914,0.03415101766586304
2038-12-27,,27.998762130737305,34.04077911376953,-6.077145576477051,0.03512951359152794
2038-12-28,,28.007497787475586,34.04100799560547,-6.067907810211182,0.034396570175886154
2038-12-29,,28.02030372619629,34.04124069213867,-6.057189464569092,0.03625147417187691
2038-12-30,,27.69818115234375,34.04146957397461,-6.045012950897217,-0.29827752709388733
2038-12-31,,28.04592514038086,34.04170227050781,-6.031424522399902,0.0356491394340992
2039-01-01,,28.148136138916016,34.04193115234375,-6.016495704650879,0.1226998120546341
2039-01-02,,28.075990676879883,34.04216384887695,-6.000324249267578,0.03415101766586304
2039-01-03,,28.094493865966797,34.042396545410156,-5.983031749725342,0.03512951359152794
2039-01-04,,28.112258911132812,34.042625427246094,-5.96476411819458,0.034396570175886154
2039-01-05,,28.133419036865234,34.0428581237793,-5.945689678192139,0.03625147417187691
2039-01-06,,27.818815231323242,34.043087005615234,-5.925995349884033,-0.29827752709388733
2039-01-07,,28.173080444335938,34.04331970214844,-5.905886650085449,0.0356491394340992
2039-01-08,,28.280662536621094,34.043548583984375,-5.885585784912109,0.1226998120546341
2039-01-09,,28.212608337402344,34.04378128051758,-5.865324974060059,0.03415101766586304
2039-01-10,,28.233795166015625,34.044010162353516,-5.8453474044799805,0.03512951359152794
2039-01-11,,28.252735137939453,34.04424285888672,-5.825902462005615,0.034396570175886154
2039-01-12,,28.273487091064453,34.04447555541992,-5.8072381019592285,0.03625147417187691
2039-01-13,,27.956817626953125,34.04470443725586,-5.789608001708984,-0.29827752709388733
2039-01-14,,28.307331085205078,34.0449333190918,-5.773253917694092,0.0356491394340992
2039-01-15,,28.40945053100586,34.045166015625,-5.758415222167969,0.1226998120546341
2039-01-16,,28.334232330322266,34.0453987121582,-5.745315074920654,0.03415101766586304
2039-01-17,,28.346595764160156,34.04562759399414,-5.734163284301758,0.03512951359152794
2039-01-18,,28.3551025390625,34.04585647583008,-5.725151538848877,0.034396570175886154
2039-01-19,,28.363895416259766,34.04608917236328,-5.71844482421875,0.03625147417187691
2039-01-20,,28.033855438232422,34.046321868896484,-5.714188098907471,-0.29827752709388733
2039-01-21,,28.369701385498047,34.04655075073242,-5.712496757507324,0.0356491394340992
2039-01-22,,28.45602798461914,34.046783447265625,-5.713453769683838,0.1226998120546341
2039-01-23,,28.364051818847656,34.04701232910156,-5.7171125411987305,0.03415101766586304
2039-01-24,,28.358882904052734,34.047245025634766,-5.7234907150268555,0.03512951359152794
2039-01-25,,28.349300384521484,34.0474739074707,-5.732571125030518,0.034396570175886154
2039-01-26,,28.339656829833984,34.047706604003906,-5.74429988861084,0.03625147417187691
2039-01-27,,27.991071701049805,34.04793930053711,-5.7585883140563965,-0.29827752709388733
2039-01-28,,28.308509826660156,34.04816818237305,-5.7753071784973145,0.0356491394340992
2039-01-29,,28.376800537109375,34.048397064208984,-5.794300079345703,0.1226998120546341
2039-01-30,,28.267414093017578,34.04862976074219,-5.815362930297852,0.03415101766586304
2039-01-31,,28.245723724365234,34.04886245727539,-5.838268280029297,0.03512951359152794
2039-02-01,,28.220733642578125,34.04909133911133,-5.862752914428711,0.034396570175886154
2039-02-02,,28.197044372558594,34.049320220947266,-5.8885273933410645,0.03625147417187691
2039-02-03,,27.83600425720215,34.04955291748047,-5.915272235870361,-0.29827752709388733
2039-02-04,,28.142786026000977,34.04978561401367,-5.9426469802856445,0.0356491394340992
2039-02-05,,28.202423095703125,34.05001449584961,-5.970292091369629,0.1226998120546341
2039-02-06,,28.086563110351562,34.05024337768555,-5.99783182144165,0.03415101766586304
2039-02-07,,28.06072998046875,34.05047607421875,-6.024877071380615,0.03512951359152794
2039-02-08,,28.034069061279297,34.05070877075195,-6.0510358810424805,0.034396570175886154
2039-02-09,,28.011280059814453,34.05093765258789,-6.075908660888672,0.03625147417187691
2039-02-10,,27.65378761291504,34.051170349121094,-6.099102973937988,-0.29827752709388733
2039-02-11,,27.966819763183594,34.05139923095703,-6.1202311515808105,0.0356491394340992
2039-02-12,,28.035415649414062,34.051631927490234,-6.138916969299316,0.1226998120546341
2039-02-13,,27.931211471557617,34.05186080932617,-6.154801368713379,0.03415101766586304
2039-02-14,,27.919677734375,34.052093505859375,-6.16754674911499,0.03512951359152794
2039-02-15,,27.90987777709961,34.05232620239258,-6.176843643188477,0.034396570175886154
2039-02-16,,27.90639877319336,34.052555084228516,-6.182408332824707,0.03625147417187691
2039-02-17,,27.570512771606445,34.05278396606445,-6.183995723724365,-0.29827752709388733
2039-02-18,,27.907268524169922,34.053016662597656,-6.181396961212158,0.0356491394340992
2039-02-19,,28.001502990722656,34.05324935913086,-6.174444198608398,0.1226998120546341
2039-02-20,,27.92461395263672,34.0534782409668,-6.163015365600586,0.03415101766586304
2039-02-21,,27.941802978515625,34.053707122802734,-6.147036552429199,0.03512951359152794
2039-02-22,,27.961856842041016,34.05393981933594,-6.1264801025390625,0.034396570175886154
2039-02-23,,27.989051818847656,34.05417251586914,-6.101370334625244,0.03625147417187691
2039-02-24,,27.684341430664062,34.05440139770508,-6.071783542633057,-0.29827752709388733
2039-02-25,,28.052433013916016,34.05463409423828,-6.037848949432373,0.0356491394340992
2039-02-26,,28.177818298339844,34.05486297607422,-5.999746799468994,0.1226998120546341
2039-02-27,,28.131540298461914,34.05509567260742,-5.957705497741699,0.03415101766586304
2039-02-28,,28.178449630737305,34.05532455444336,-5.912005424499512,0.03512951359152794
2039-03-01,,28.226978302001953,34.05555725097656,-5.862975120544434,0.034396570175886154
2039-03-02,,28.281055450439453,34.0557861328125,-5.810986042022705,0.03625147417187691
2039-03-03,,28.00128936767578,34.0560188293457,-5.7564520835876465,-0.29827752709388733
2039-03-04,,28.392074584960938,34.05624771118164,-5.699822425842285,0.0356491394340992
2039-03-05,,28.53759765625,34.056480407714844,-5.641582489013672,0.1226998120546341
2039-03-06,,28.508617401123047,34.05671310424805,-5.582245349884033,0.03415101766586304
2039-03-07,,28.569725036621094,34.056941986083984,-5.522346496582031,0.03512951359152794
2039-03-08,,28.629131317138672,34.05717468261719,-5.46243953704834,0.034396570175886154
2039-03-09,,28.690567016601562,34.057403564453125,-5.403088569641113,0.03625147417187691
2039-03-10,,28.414493560791016,34.05763626098633,-5.344864368438721,-0.29827752709388733
2039-03-11,,28.805179595947266,34.057865142822266,-5.28833532333374,0.0356491394340992
2039-03-12,,28.946735382080078,34.05809783935547,-5.234062194824219,0.1226998120546341
2039-03-13,,28.90988540649414,34.058326721191406,-5.182591915130615,0.03415101766586304
2039-03-14,,28.959239959716797,34.05855941772461,-5.1344475746154785,0.03512951359152794
2039-03-15,,29.00305938720703,34.05878829956055,-5.090125560760498,0.034396570175886154
2039-03-16,,29.045185089111328,34.05902099609375,-5.050087928771973,0.03625147417187691
2039-03-17,,28.74622344970703,34.05924987792969,-5.014752388000488,-0.29827752709388733
2039-03-18,,29.110637664794922,34.05948257446289,-4.984492778778076,0.0356491394340992
2039-03-19,,29.22278594970703,34.059715270996094,-4.959627151489258,0.1226998120546341
2039-03-20,,29.15367889404297,34.05994415283203,-4.940415859222412,0.03415101766586304
2039-03-21,,29.16824722290039,34.06017303466797,-4.927055835723877,0.03512951359152794
2039-03-22,,29.175128936767578,34.06040573120117,-4.919674396514893,0.034396570175886154
2039-03-23,,29.178558349609375,34.060638427734375,-4.918328762054443,0.03625147417187691
2039-03-24,,28.83959197998047,34.06086730957031,-4.923000335693359,-0.29827752709388733
2039-03-25,,29.16315460205078,34.061100006103516,-4.933590888977051,0.0356491394340992
2039-03-26,,29.234100341796875,34.06132888793945,-4.94992733001709,0.1226998120546341
2039-03-27,,29.123958587646484,34.061561584472656,-4.971752643585205,0.03415101766586304
2039-03-28,,29.098190307617188,34.061790466308594,-4.998729228973389,0.03512951359152794
2039-03-29,,29.06597900390625,34.0620231628418,-5.030440330505371,0.034396570175886154
2039-03-30,,29.03211212158203,34.062252044677734,-5.066390514373779,0.03625147417187691
2039-03-31,,28.658199310302734,34.06248474121094,-5.106007099151611,-0.29827752709388733
2039-04-01,,28.949718475341797,34.062713623046875,-5.148644924163818,0.0356491394340992
2039-04-02,,28.99205780029297,34.06294631958008,-5.19358491897583,0.1226998120546341
2039-04-03,,28.857280731201172,34.06317901611328,-5.240048885345459,0.03415101766586304
2039-04-04,,28.811344146728516,34.06340789794922,-5.2871928215026855,0.03512951359152794
2039-04-05,,28.763916015625,34.063636779785156,-5.3341193199157715,0.034396570175886154
2039-04-06,,28.720233917236328,34.06386947631836,-5.379885673522949,0.03625147417187691
2039-04-07,,28.34231948852539,34.06410217285156,-5.423505783081055,-0.29827752709388733
2039-04-08,,28.63602066040039,34.0643310546875,-5.46396017074585,0.0356491394340992
2039-04-09,,28.687053680419922,34.06455993652344,-5.500207901000977,0.1226998120546341
2039-04-10,,28.56775665283203,34.06479263305664,-5.531186580657959,0.03415101766586304
2039-04-11,,28.544322967529297,34.065025329589844,-5.555831432342529,0.03512951359152794
2039-04-12,,28.526580810546875,34.06525421142578,-5.573071002960205,0.034396570175886154
2039-04-13,,28.519882202148438,34.065486907958984,-5.581855297088623,0.03625147417187691
2039-04-14,,28.186294555664062,34.06571578979492,-5.581146240234375,-0.29827752709388733
2039-04-15,,28.531658172607422,34.065948486328125,-5.569937229156494,0.0356491394340992
2039-04-16,,28.641616821289062,34.06617736816406,-5.54725980758667,0.1226998120546341
2039-04-17,,28.588367462158203,34.066410064697266,-5.51219367980957,0.03415101766586304
2039-04-18,,28.637897491455078,34.06664276123047,-5.463873386383057,0.03512951359152794
2039-04-19,,28.69976806640625,34.066871643066406,-5.401500225067139,0.034396570175886154
2039-04-20,,28.779010772705078,34.067100524902344,-5.324343681335449,0.03625147417187691
2039-04-21,,28.537296295166016,34.06733322143555,-5.231756687164307,-0.29827752709388733
2039-04-22,,28.98003387451172,34.06756591796875,-5.123178005218506,0.0356491394340992
2039-04-23,,29.19235610961914,34.06779479980469,-4.998137474060059,0.1226998120546341
2039-04-24,,29.24591064453125,34.068023681640625,-4.856264114379883,0.03415101766586304
2039-04-25,,29.406097412109375,34.06825637817383,-4.697289943695068,0.03512951359152794
2039-04-26,,29.581832885742188,34.06848907470703,-4.521052360534668,0.034396570175886154
2039-04-27,,29.77747344970703,34.06871795654297,-4.327497959136963,0.03625147417187691
2039-04-28,,29.653987884521484,34.06895065307617,-4.1166863441467285,-0.29827752709388733
2039-04-29,,30.216041564941406,34.06917953491211,-3.8887875080108643,0.0356491394340992
2039-04-30,,30.54802703857422,34.06941223144531,-3.6440858840942383,0.1226998120546341
2039-05-01,,30.72081756591797,34.06964111328125,-3.382976531982422,0.03415101766586304
2039-05-02,,30.999034881591797,34.06987380981445,-3.105964183807373,0.03512951359152794
2039-05-03,,31.29084014892578,34.07010269165039,-2.8136608600616455,0.034396570175886154
2039-05-04,,31.599803924560547,34.070335388183594,-2.5067834854125977,0.03625147417187691
2039-05-05,,31.586143493652344,34.07056427001953,-2.186145544052124,-0.29827752709388733
2039-05-06,,32.25379180908203,34.070796966552734,-1.8526549339294434,0.0356491394340992
2039-05-07,,32.68642044067383,34.07102966308594,-1.5073084831237793,0.1226998120546341
2039-05-08,,32.95423126220703,34.071258544921875,-1.1511799097061157,0.03415101766586304
2039-05-09,,33.32120132446289,34.07149124145508,-0.7854189872741699,0.03512951359152794
2039-05-10,,33.694881439208984,34.071720123291016,-0.41123655438423157,0.034396570175886154
2039-05-11,,34.07830047607422,34.07195281982422,-0.02990095131099224,0.03625147417187691
2039-05-12,,34.13117980957031,34.072181701660156,0.35727405548095703,-0.29827752709388733
2039-05-13,,34.85700225830078,34.072410583496094,0.748940110206604,0.0356491394340992
2039-05-14,,35.33906555175781,34.0726432800293,1.1437208652496338,0.1226998120546341
2039-05-15,,35.64725112915039,34.0728759765625,1.5402257442474365,0.03415101766586304
2039-05-16,,36.04529571533203,34.07310485839844,1.9370585680007935,0.03512951359152794
2039-05-17,,36.4405632019043,34.07333755493164,2.332828998565674,0.034396570175886154
2039-05-18,,36.83597946166992,34.07356643676758,2.726161241531372,0.03625147417187691
2039-05-19,,36.89122772216797,34.07379913330078,3.1157050132751465,-0.29827752709388733
2039-05-20,,37.60982894897461,34.074031829833984,3.5001487731933594,0.0356491394340992
2039-05-21,,38.0751838684082,34.07426071166992,3.8782248497009277,0.1226998120546341
2039-05-22,,38.35736083984375,34.07448959350586,4.248719692230225,0.03415101766586304
2039-05-23,,38.7203369140625,34.07472229003906,4.610484600067139,0.03512951359152794
2039-05-24,,39.07179260253906,34.074951171875,4.962441444396973,0.034396570175886154
2039-05-25,,39.4150276184082,34.0751838684082,5.303593158721924,0.03625147417187691
2039-05-26,,39.41016387939453,34.075416564941406,5.633026599884033,-0.29827752709388733
2039-05-27,,40.06121826171875,34.075645446777344,5.94992208480835,0.0356491394340992
2039-05-28,,40.45213317871094,34.07587814331055,6.253554344177246,0.1226998120546341
2039-05-29,,40.653560638427734,34.076107025146484,6.543302059173584,0.03415101766586304
2039-05-30,,40.930118560791016,34.07633972167969,6.8186492919921875,0.03512951359152794
2039-05-31,,41.190147399902344,34.07657241821289,7.079181671142578,0.034396570175886154
2039-06-01,,41.437652587890625,34.07680130004883,7.324598789215088,0.03625147417187691
2039-06-02,,41.333457946777344,34.077030181884766,7.5547051429748535,-0.29827752709388733
2039-06-03,,41.88232421875,34.07726287841797,7.769415378570557,0.0356491394340992
2039-06-04,,42.16893768310547,34.077491760253906,7.968747138977051,0.1226998120546341
2039-06-05,,42.26470184326172,34.07772445678711,8.152828216552734,0.03415101766586304
2039-06-06,,42.43496322631836,34.07795333862305,8.321878433227539,0.03512951359152794
2039-06-07,,42.58880615234375,34.07818603515625,8.476223945617676,0.034396570175886154
2039-06-08,,42.73094177246094,34.07841873168945,8.61627197265625,0.03625147417187691
2039-06-09,,42.522891998291016,34.07864761352539,8.742522239685059,-0.29827752709388733
2039-06-10,,42.9700813293457,34.07887649536133,8.855552673339844,0.0356491394340992
2039-06-11,,43.15781784057617,34.07910919189453,8.95600700378418,0.1226998120546341
2039-06-12,,43.1580924987793,34.079341888427734,9.044598579406738,0.03415101766586304
2039-06-13,,43.236793518066406,34.07957077026367,9.12209415435791,0.03512951359152794
2039-06-14,,43.303504943847656,34.079803466796875,9.18930721282959,0.034396570175886154
2039-06-15,,43.363372802734375,34.08003234863281,9.247088432312012,0.03625147417187691
2039-06-16,,43.078304290771484,34.080265045166016,9.296316146850586,-0.29827752709388733
2039-06-17,,43.45403289794922,34.08049392700195,9.337890625,0.0356491394340992
2039-06-18,,43.57614517211914,34.080726623535156,9.372718811035156,0.1226998120546341
2039-06-19,,43.51681900024414,34.08095932006836,9.40170955657959,0.03415101766586304
2039-06-20,,43.54207992553711,34.0811882019043,9.425760269165039,0.03512951359152794
2039-06-21,,43.56156921386719,34.081417083740234,9.445754051208496,0.034396570175886154
2039-06-22,,43.5804443359375,34.08164978027344,9.462542533874512,0.03625147417187691
2039-06-23,,43.26055145263672,34.08188247680664,9.476946830749512,-0.29827752709388733
2039-06-24,,43.607505798339844,34.08211135864258,9.48974323272705,0.0356491394340992
2039-06-25,,43.706695556640625,34.082340240478516,9.501653671264648,0.1226998120546341
2039-06-26,,43.63007354736328,34.08257293701172,9.513350486755371,0.03415101766586304
2039-06-27,,43.64337158203125,34.08280563354492,9.525439262390137,0.03512951359152794
2039-06-28,,43.655887603759766,34.08303451538086,9.538455963134766,0.034396570175886154
2039-06-29,,43.67238235473633,34.0832633972168,9.552865982055664,0.03625147417187691
2039-06-30,,43.354278564453125,34.08349609375,9.569058418273926,-0.29827752709388733
2039-07-01,,43.706722259521484,34.0837287902832,9.587347030639648,0.0356491394340992
2039-07-02,,43.81461715698242,34.08395767211914,9.607956886291504,0.1226998120546341
2039-07-03,,43.7493782043457,34.084190368652344,9.631034851074219,0.03415101766586304
2039-07-04,,43.77620315551758,34.08442306518555,9.656651496887207,0.03512951359152794
2039-07-05,,43.8038330078125,34.084651947021484,9.684786796569824,0.034396570175886154
2039-07-06,,43.83647918701172,34.08488082885742,9.715348243713379,0.03625147417187691
2039-07-07,,43.534996032714844,34.085113525390625,9.748162269592285,-0.29827752709388733
2039-07-08,,43.90397644042969,34.08534622192383,9.782983779907227,0.0356491394340992
2039-07-09,,44.027774810791016,34.085575103759766,9.819500923156738,0.1226998120546341
2039-07-10,,43.9772834777832,34.0858039855957,9.85732650756836,0.03415101766586304
2039-07-11,,44.01719284057617,34.086036682128906,9.896026611328125,0.03512951359152794
2039-07-12,,44.0557746887207,34.08626937866211,9.935111045837402,0.034396570175886154
2039-07-13,,44.09678649902344,34.08649826049805,9.974037170410156,0.03625147417187691
2039-07-14,,43.80067825317383,34.08673095703125,10.012223243713379,-0.29827752709388733
2039-07-15,,44.17167282104492,34.08695983886719,10.049064636230469,0.0356491394340992
2039-07-16,,44.29381561279297,34.08719253540039,10.08392333984375,0.1226998120546341
2039-07-17,,44.237728118896484,34.08742141723633,10.1161527633667,0.03415101766586304
2039-07-18,,44.26787185668945,34.087650299072266,10.145090103149414,0.03512951359152794
2039-07-19,,44.2923583984375,34.08788299560547,10.170075416564941,0.034396570175886154
2039-07-20,,44.31482696533203,34.08811569213867,10.190460205078125,0.03625147417187691
2039-07-21,,43.99568176269531,34.08834457397461,10.20561408996582,-0.29827752709388733
2039-07-22,,44.339149475097656,34.08857727050781,10.214920043945312,0.0356491394340992
2039-07-23,,44.42931365966797,34.088809967041016,10.217805862426758,0.1226998120546341
2039-07-24,,44.336917877197266,34.08903884887695,10.213727951049805,0.03415101766586304
2039-07-25,,44.326595306396484,34.089271545410156,10.202195167541504,0.03512951359152794
2039-07-26,,44.30665969848633,34.089500427246094,10.182761192321777,0.034396570175886154
2039-07-27,,44.28103256225586,34.0897331237793,10.155049324035645,0.03625147417187691
2039-07-28,,43.9104118347168,34.089962005615234,10.118727684020996,-0.29827752709388733
2039-07-29,,44.19938659667969,34.09019088745117,10.073546409606934,0.0356491394340992
2039-07-30,,44.232444763183594,34.090423583984375,10.019319534301758,0.1226998120546341
2039-07-31,,44.08073806762695,34.09065628051758,9.955930709838867,0.03415101766586304
2039-08-01,,44.009361267089844,34.090885162353516,9.88334846496582,0.03512951359152794
2039-08-02,,43.92711639404297,34.09111785888672,9.801604270935059,0.034396570175886154
2039-08-03,,43.83841323852539,34.091346740722656,9.710813522338867,0.03625147417187691
2039-08-04,,43.40447235107422,34.09157943725586,9.61117172241211,-0.29827752709388733
2039-08-05,,43.630401611328125,34.09181213378906,9.502939224243164,0.0356491394340992
2039-08-06,,43.601192474365234,34.092041015625,9.386452674865723,0.1226998120546341
2039-08-07,,43.388545989990234,34.09226989746094,9.262124061584473,0.03415101766586304
2039-08-08,,43.258052825927734,34.09250259399414,9.130420684814453,0.03512951359152794
2039-08-09,,43.1190071105957,34.09273147583008,8.991878509521484,0.034396570175886154
2039-08-10,,42.97630310058594,34.09296417236328,8.847088813781738,0.03625147417187691
2039-08-11,,42.491607666015625,34.093196868896484,8.696691513061523,-0.29827752709388733
2039-08-12,,42.67044448852539,34.09342575073242,8.541370391845703,0.0356491394340992
2039-08-13,,42.59820556640625,34.093658447265625,8.38184928894043,0.1226998120546341
2039-08-14,,42.346923828125,34.09388732910156,8.218884468078613,0.03415101766586304
2039-08-15,,42.182498931884766,34.094120025634766,8.053248405456543,0.03512951359152794
2039-08-16,,42.01448440551758,34.09435272216797,7.885735988616943,0.034396570175886154
2039-08-17,,41.84797668457031,34.094581604003906,7.717145919799805,0.03625147417187691
2039-08-18,,41.344810485839844,34.094810485839844,7.548275947570801,-0.29827752709388733
2039-08-19,,41.51060485839844,34.09504318237305,7.379915714263916,0.0356491394340992
2039-08-20,,41.43081283569336,34.095272064208984,7.212839603424072,0.1226998120546341
2039-08-21,,41.177452087402344,34.09550476074219,7.047795295715332,0.03415101766586304
2039-08-22,,41.01636505126953,34.095733642578125,6.885499954223633,0.03512951359152794
2039-08-23,,40.856990814208984,34.09596633911133,6.726631164550781,0.034396570175886154
2039-08-24,,40.70426940917969,34.09619903564453,6.571818828582764,0.03625147417187691
2039-08-25,,40.219791412353516,34.09642791748047,6.421641826629639,-0.29827752709388733
2039-08-26,,40.4089241027832,34.096656799316406,6.276618480682373,0.0356491394340992
2039-08-27,,40.35679626464844,34.09688949584961,6.137206554412842,0.1226998120546341
2039-08-28,,40.13506317138672,34.09712219238281,6.003790378570557,0.03415101766586304
2039-08-29,,40.00916290283203,34.09735107421875,5.876683712005615,0.03512951359152794
2039-08-30,,39.88810729980469,34.09758377075195,5.756126403808594,0.034396570175886154
2039-08-31,,39.776344299316406,34.09781265258789,5.642277717590332,0.03625147417187691
2039-09-01,,39.334983825683594,34.098045349121094,5.535215377807617,-0.29827752709388733
2039-09-02,,39.56886291503906,34.09827423095703,5.434938430786133,0.0356491394340992
2039-09-03,,39.56256866455078,34.098506927490234,5.341363430023193,0.1226998120546341
2039-09-04,,39.38721466064453,34.09873962402344,5.2543253898620605,0.03415101766586304
2039-09-05,,39.307682037353516,34.098968505859375,5.173583030700684,0.03512951359152794
2039-09-06,,39.2324104309082,34.09919738769531,5.098814010620117,0.034396570175886154
2039-09-07,,39.16530990600586,34.099430084228516,5.029627799987793,0.03625147417187691
2039-09-08,,38.766944885253906,34.09966278076172,4.965559482574463,-0.29827752709388733
2039-09-09,,39.04161834716797,34.099891662597656,4.906078815460205,0.0356491394340992
2039-09-10,,39.073421478271484,34.100120544433594,4.8505988121032715,0.1226998120546341
2039-09-11,,38.932979583740234,34.1003532409668,4.79847526550293,0.03415101766586304
2039-09-12,,38.88473129272461,34.1005859375,4.749016761779785,0.03512951359152794
2039-09-13,,38.836700439453125,34.10081481933594,4.70149040222168,0.034396570175886154
2039-09-14,,38.79242706298828,34.101043701171875,4.655129432678223,0.03625147417187691
2039-09-15,,38.412139892578125,34.10127639770508,4.609139919281006,-0.29827752709388733
2039-09-16,,38.69986343383789,34.10150909423828,4.562708854675293,0.0356491394340992
2039-09-17,,38.73945236206055,34.10173797607422,4.5150146484375,0.1226998120546341
2039-09-18,,38.60135269165039,34.10197067260742,4.465230464935303,0.03415101766586304
2039-09-19,,38.549869537353516,34.10219955444336,4.412537097930908,0.03512951359152794
2039-09-20,,38.49295425415039,34.10243225097656,4.35612678527832,0.034396570175886154
2039-09-21,,38.43412780761719,34.1026611328125,4.2952141761779785,0.03625147417187691
2039-09-22,,38.033660888671875,34.1028938293457,4.2290449142456055,-0.29827752709388733
2039-09-23,,38.29567337036133,34.103126525878906,4.156898498535156,0.0356491394340992
2039-09-24,,38.30415725708008,34.103355407714844,4.078100204467773,0.1226998120546341
2039-09-25,,38.1297607421875,34.10358428955078,3.992023468017578,0.03415101766586304
2039-09-26,,38.03704833984375,34.103816986083984,3.8981006145477295,0.03512951359152794
2039-09-27,,37.934268951416016,34.10404968261719,3.795825242996216,0.034396570175886154
2039-09-28,,37.825286865234375,34.104278564453125,3.6847586631774902,0.03625147417187691
2039-09-29,,37.370765686035156,34.10451126098633,3.5645320415496826,-0.29827752709388733
2039-09-30,,37.57524490356445,34.104740142822266,3.4348537921905518,0.0356491394340992
2039-10-01,,37.52317810058594,34.10497283935547,3.295509099960327,0.1226998120546341
2039-10-02,,37.28571701049805,34.105201721191406,3.146364450454712,0.03415101766586304
2039-10-03,,37.1279296875,34.10543441772461,2.9873673915863037,0.03512951359152794
2039-10-04,,36.95861053466797,34.10566329956055,2.818549394607544,0.034396570175886154
2039-10-05,,36.782169342041016,34.10589599609375,2.640022039413452,0.03625147417187691
2039-10-06,,36.25982666015625,34.10612487792969,2.451979875564575,-0.29827752709388733
2039-10-07,,36.396705627441406,34.10635757446289,2.254697322845459,0.0356491394340992
2039-10-08,,36.27781295776367,34.10658645629883,2.048525094985962,0.1226998120546341
2039-10-09,,35.97486114501953,34.10681915283203,1.8338907957077026,0.03415101766586304
2039-10-10,,35.75347137451172,34.107051849365234,1.6112900972366333,0.03512951359152794
2039-10-11,,35.52296447753906,34.10728073120117,1.3812859058380127,0.034396570175886154
2039-10-12,,35.288265228271484,34.107513427734375,1.144501805305481,0.03625147417187691
2039-10-13,,34.711082458496094,34.10774230957031,0.9016194343566895,-0.29827752709388733
2039-10-14,,34.79698944091797,34.107975006103516,0.6533665060997009,0.0356491394340992
2039-10-15,,34.63142013549805,34.10820388793945,0.40051770210266113,0.1226998120546341
2039-10-16,,34.286468505859375,34.108436584472656,0.143882617354393,0.03415101766586304
2039-10-17,,34.02809524536133,34.108665466308594,-0.11569971591234207,0.03512951359152794
2039-10-18,,33.765926361083984,34.1088981628418,-0.37736594676971436,0.034396570175886154
2039-10-19,,33.5051383972168,34.109127044677734,-0.6402396559715271,0.03625147417187691
2039-10-20,,32.90764617919922,34.10935974121094,-0.9034363031387329,-0.29827752709388733
2039-10-21,,32.97917175292969,34.10959243774414,-1.166068196296692,0.0356491394340992
2039-10-22,,32.80526351928711,34.10982131958008,-1.4272592067718506,0.1226998120546341
2039-10-23,,32.45805740356445,34.110050201416016,-1.686143398284912,0.03415101766586304
2039-10-24,,32.20353317260742,34.11028289794922,-1.9418772459030151,0.03512951359152794
2039-10-25,,31.95126724243164,34.11051559448242,-2.1936452388763428,0.034396570175886154
2039-10-26,,31.706329345703125,34.11074447631836,-2.4406659603118896,0.03625147417187691
2039-10-27,,31.13050079345703,34.1109733581543,-2.6821959018707275,-0.29827752709388733
2039-10-28,,31.22931671142578,34.1112060546875,-2.9175381660461426,0.0356491394340992
2039-10-29,,31.088088989257812,34.1114387512207,-3.1460464000701904,0.1226998120546341
2039-10-30,,30.77869415283203,34.11166763305664,-3.36712646484375,0.03415101766586304
2039-10-31,,30.56678009033203,34.111900329589844,-3.5802459716796875,0.03512951359152794
2039-11-01,,30.36159896850586,34.11212921142578,-3.7849295139312744,0.034396570175886154
2039-11-02,,30.167842864990234,34.112361907958984,-3.9807698726654053,0.03625147417187691
2039-11-03,,29.646892547607422,34.11259078979492,-4.167422294616699,-0.29827752709388733
2039-11-04,,29.80385971069336,34.112823486328125,-4.344611644744873,0.0356491394340992
2039-11-05,,29.72362518310547,34.11305618286133,-4.512127876281738,0.1226998120546341
2039-11-06,,29.477603912353516,34.113285064697266,-4.669830799102783,0.03415101766586304
2039-11-07,,29.33100128173828,34.1135139465332,-4.817644119262695,0.03512951359152794
2039-11-08,,29.192581176757812,34.113746643066406,-4.955559253692627,0.034396570175886154
2039-11-09,,29.06659698486328,34.11397933959961,-5.083632469177246,0.03625147417187691
2039-11-10,,28.613956451416016,34.11420822143555,-5.201975345611572,-0.29827752709388733
2039-11-11,,28.839324951171875,34.114437103271484,-5.310763359069824,0.0356491394340992
2039-11-12,,28.8271484375,34.11466979980469,-5.410221576690674,0.1226998120546341
2039-11-13,,28.648422241210938,34.11490249633789,-5.500632286071777,0.03415101766586304
2039-11-14,,28.567947387695312,34.11513137817383,-5.582314491271973,0.03512951359152794
2039-11-15,,28.494121551513672,34.115360260009766,-5.655636310577393,0.034396570175886154
2039-11-16,,28.43084716796875,34.11559295654297,-5.720997333526611,0.03625147417187691
2039-11-17,,28.038715362548828,34.11582565307617,-5.77883243560791,-0.29827752709388733
2039-11-18,,28.322105407714844,34.11605453491211,-5.829597473144531,0.0356491394340992
2039-11-19,,28.365211486816406,34.11628723144531,-5.873773574829102,0.1226998120546341
2039-11-20,,28.238815307617188,34.11651611328125,-5.9118547439575195,0.03415101766586304
2039-11-21,,28.207538604736328,34.11674880981445,-5.944340705871582,0.03512951359152794
2039-11-22,,28.17963409423828,34.11697769165039,-5.971741199493408,0.034396570175886154
2039-11-23,,28.158899307250977,34.117210388183594,-5.994563579559326,0.03625147417187691
2039-11-24,,27.805858612060547,34.1174430847168,-6.013305187225342,-0.29827752709388733
2039-11-25,,28.124866485595703,34.117671966552734,-6.028454303741455,0.0356491394340992
2039-11-26,,28.200119018554688,34.11790084838867,-6.040482997894287,0.1226998120546341
2039-11-27,,28.10243797302246,34.118133544921875,-6.04984712600708,0.03415101766586304
2039-11-28,,28.096519470214844,34.11836624145508,-6.056974411010742,0.03512951359152794
2039-11-29,,28.090726852416992,34.118595123291016,-6.062265396118164,0.034396570175886154
2039-11-30,,28.08898162841797,34.11882400512695,-6.066096782684326,0.03625147417187691
2039-12-01,,27.75197410583496,34.119056701660156,-6.06880521774292,-0.29827752709388733
2039-12-02,,28.084239959716797,34.11928939819336,-6.07069730758667,0.0356491394340992
2039-12-03,,28.170177459716797,34.1195182800293,-6.072040557861328,0.1226998120546341
2039-12-04,,28.080833435058594,34.1197509765625,-6.073070049285889,0.03415101766586304
2039-12-05,,28.081130981445312,34.11997985839844,-6.073980331420898,0.03512951359152794
2039-12-06,,28.07967758178711,34.12021255493164,-6.074930191040039,0.034396570175886154
2039-12-07,,28.08065414428711,34.12044143676758,-6.076038360595703,0.03625147417187691
2039-12-08,,27.745006561279297,34.12067413330078,-6.077390670776367,-0.29827752709388733
2039-12-09,,28.0775146484375,34.12090301513672,-6.079039573669434,0.0356491394340992
2039-12-10,,28.1628360748291,34.12113571166992,-6.080999374389648,0.1226998120546341
2039-12-11,,28.07225799560547,34.12136459350586,-6.083257675170898,0.03415101766586304
2039-12-12,,28.070951461791992,34.12159729003906,-6.085775852203369,0.03512951359152794
2039-12-13,,28.067737579345703,34.121829986572266,-6.088487148284912,0.034396570175886154
2039-12-14,,28.06700897216797,34.1220588684082,-6.091302394866943,0.03625147417187691
2039-12-15,,27.72989845275879,34.122291564941406,-6.094115257263184,-0.29827752709388733
2039-12-16,,28.061365127563477,34.122520446777344,-6.096805095672607,0.0356491394340992
2039-12-17,,28.14621353149414,34.12275314331055,-6.09923791885376,0.1226998120546341
2039-12-18,,28.05586051940918,34.122982025146484,-6.101272106170654,0.03415101766586304
2039-12-19,,28.055580139160156,34.12321472167969,-6.102763652801514,0.03512951359152794
2039-12-20,,28.05427360534668,34.123443603515625,-6.103568077087402,0.034396570175886154
2039-12-21,,28.056386947631836,34.12367630004883,-6.103539943695068,0.03625147417187691
2039-12-22,,27.723081588745117,34.123905181884766,-6.102546691894531,-0.29827752709388733
2039-12-23,,28.059324264526367,34.12413787841797,-6.100462913513184,0.0356491394340992
2039-12-24,,28.149892807006836,34.124366760253906,-6.097175121307373,0.1226998120546341
2039-12-25,,28.066160202026367,34.12459945678711,-6.092588901519775,0.03415101766586304
2039-12-26,,28.07333755493164,34.12483215332031,-6.086623668670654,0.03512951359152794
2039-12-27,,28.08023452758789,34.12506103515625,-6.079224109649658,0.034396570175886154
2039-12-28,,28.0911865234375,34.12528991699219,-6.0703558921813965,0.03625147417187691
2039-12-29,,27.76723861694336,34.12552261352539,-6.060006141662598,-0.29827752709388733
2039-12-30,,28.11321258544922,34.125755310058594,-6.048190593719482,0.0356491394340992
2039-12-31,,28.213733673095703,34.12598419189453,-6.034951210021973,0.1226998120546341
2040-01-01,,28.140016555786133,34.126216888427734,-6.020349502563477,0.03415101766586304
2040-01-02,,28.1570987701416,34.12644577026367,-6.004477024078369,0.03512951359152794
2040-01-03,,28.173622131347656,34.126678466796875,-5.987452030181885,0.034396570175886154
2040-01-04,,28.19374656677246,34.12690734863281,-5.9694132804870605,0.03625147417187691
2040-01-05,,27.878337860107422,34.127140045166016,-5.950523376464844,-0.29827752709388733
2040-01-06,,28.2320556640625,34.12737274169922,-5.930965423583984,0.0356491394340992
2040-01-07,,28.339359283447266,34.127601623535156,-5.910940647125244,0.1226998120546341
2040-01-08,,28.271316528320312,34.127830505371094,-5.890666484832764,0.03415101766586304
2040-01-09,,28.29281997680664,34.1280632019043,-5.870372772216797,0.03512951359152794
2040-01-10,,28.312389373779297,34.1282958984375,-5.850302219390869,0.034396570175886154
2040-01-11,,28.334075927734375,34.12852478027344,-5.8306989669799805,0.03625147417187691
2040-01-12,,28.018661499023438,34.128753662109375,-5.811816215515137,-0.29827752709388733
2040-01-13,,28.370731353759766,34.12898635864258,-5.7939043045043945,0.0356491394340992
2040-01-14,,28.474708557128906,34.12921905517578,-5.777209281921387,0.1226998120546341
2040-01-15,,28.401630401611328,34.12944793701172,-5.761969566345215,0.03415101766586304
2040-01-16,,28.416393280029297,34.129676818847656,-5.748414993286133,0.03512951359152794
2040-01-17,,28.427547454833984,34.12990951538086,-5.736758708953857,0.034396570175886154
2040-01-18,,28.439197540283203,34.13014221191406,-5.727194786071777,0.03625147417187691
2040-01-19,,28.11219596862793,34.13037109375,-5.719897747039795,-0.29827752709388733
2040-01-20,,28.451236724853516,34.1306037902832,-5.715015888214111,0.0356491394340992
2040-01-21,,28.54085922241211,34.130836486816406,-5.712674617767334,0.1226998120546341
2040-01-22,,28.452255249023438,34.131065368652344,-5.712963104248047,0.03415101766586304
2040-01-23,,28.450485229492188,34.13129425048828,-5.7159423828125,0.03512951359152794
2040-01-24,,28.44428253173828,34.131526947021484,-5.721640586853027,0.034396570175886154
2040-01-25,,28.43796157836914,34.13175964355469,-5.730049133300781,0.03625147417187691
2040-01-26,,28.092586517333984,34.131988525390625,-5.741123676300049,-0.29827752709388733
2040-01-27,,28.4130859375,34.13221740722656,-5.754782199859619,0.0356491394340992
2040-01-28,,28.484241485595703,34.132450103759766,-5.770908832550049,0.1226998120546341
2040-01-29,,28.377483367919922,34.13268280029297,-5.789348125457764,0.03415101766586304
2040-01-30,,28.35812759399414,34.132911682128906,-5.809915065765381,0.03512951359152794
2040-01-31,,28.335155487060547,34.133140563964844,-5.832382678985596,0.034396570175886154
2040-02-01,,28.313125610351562,34.13337326049805,-5.856500148773193,0.03625147417187691
2040-02-02,,27.953346252441406,34.13360595703125,-5.8819804191589355,-0.29827752709388733
2040-02-03,,28.260971069335938,34.13383483886719,-5.908514022827148,0.0356491394340992
2040-02-04,,28.321002960205078,34.134063720703125,-5.935763835906982,0.1226998120546341
2040-02-05,,28.205074310302734,34.13429641723633,-5.963375568389893,0.03415101766586304
2040-02-06,,28.178680419921875,34.13452911376953,-5.990978240966797,0.03512951359152794
2040-02-07,,28.150972366333008,34.13475799560547,-6.01818323135376,0.034396570175886154
2040-02-08,,28.12664222717285,34.13499069213867,-6.044600486755371,0.03625147417187691
2040-02-09,,27.76711082458496,34.135223388671875,-6.069833755493164,-0.29827752709388733
2040-02-10,,28.077617645263672,34.13545227050781,-6.0934834480285645,0.0356491394340992
2040-02-11,,28.143218994140625,34.13568115234375,-6.115163326263428,0.1226998120546341
2040-02-12,,28.035572052001953,34.13591384887695,-6.134494304656982,0.03415101766586304
2040-02-13,,28.02016258239746,34.136146545410156,-6.1511125564575195,0.03512951359152794
2040-02-14,,28.006099700927734,34.136375427246094,-6.164672374725342,0.034396570175886154
2040-02-15,,27.997997283935547,34.13660430908203,-6.174858570098877,0.03625147417187691
2040-02-16,,27.657180786132812,34.136837005615234,-6.181380271911621,-0.29827752709388733
2040-02-17,,27.988733291625977,34.13706970214844,-6.183983325958252,0.0356491394340992
2040-02-18,,28.077550888061523,34.137298583984375,-6.182448387145996,0.1226998120546341
2040-02-19,,27.99508285522461,34.13753128051758,-6.176598072052002,0.03415101766586304
2040-02-20,,28.006593704223633,34.137760162353516,-6.166297435760498,0.03512951359152794
2040-02-21,,28.02092933654785,34.13799285888672,-6.15146017074585,0.034396570175886154
2040-02-22,,28.04242706298828,34.138221740722656,-6.132046699523926,0.03625147417187691
2040-02-23,,27.732105255126953,34.13845443725586,-6.1080708503723145,-0.29827752709388733
2040-02-24,,28.09473991394043,34.1386833190918,-6.079594612121582,0.0356491394340992
2040-02-25,,28.214881896972656,34.138916015625,-6.046732425689697,0.1226998120546341
2040-02-26,,28.163646697998047,34.13914489746094,-6.009650707244873,0.03415101766586304
2040-02-27,,28.205936431884766,34.13937759399414,-5.968570232391357,0.03512951359152794
2040-02-28,,28.250247955322266,34.139610290527344,-5.9237565994262695,0.034396570175886154
2040-02-29,,28.30056381225586,34.13983917236328,-5.875524520874023,0.03625147417187691
2040-03-01,,28.017555236816406,34.140071868896484,-5.824238300323486,-0.29827752709388733
2040-03-02,,28.405651092529297,34.14030075073242,-5.770299911499023,0.0356491394340992
2040-03-03,,28.549083709716797,34.140533447265625,-5.714148998260498,0.1226998120546341
2040-03-04,,28.518646240234375,34.14076232910156,-5.656264781951904,0.03415101766586304
2040-03-05,,28.57897186279297,34.140995025634766,-5.597153663635254,0.03512951359152794
2040-03-06,,28.63827896118164,34.1412239074707,-5.537343502044678,0.034396570175886154
2040-03-07,,28.700321197509766,34.141456604003906,-5.4773850440979,0.03625147417187691
2040-03-08,,28.425567626953125,34.141685485839844,-5.41784143447876,-0.29827752709388733
2040-03-09,,28.818286895751953,34.14191818237305,-5.35928201675415,0.0356491394340992
2040-03-10,,28.962570190429688,34.142147064208984,-5.3022780418396,0.1226998120546341
2040-03-11,,28.929141998291016,34.14237976074219,-5.247389316558838,0.03415101766586304
2040-03-12,,28.982574462890625,34.14261245727539,-5.195167541503906,0.03512951359152794
2040-03-13,,29.03109359741211,34.14284133911133,-5.146143913269043,0.034396570175886154
2040-03-14,,29.078502655029297,34.143070220947266,-5.100822448730469,0.03625147417187691
2040-03-15,,28.785354614257812,34.14330291748047,-5.059671878814697,-0.29827752709388733
2040-03-16,,29.15605926513672,34.14353561401367,-5.0231242179870605,0.0356491394340992
2040-03-17,,29.27490234375,34.14376449584961,-4.99156379699707,0.1226998120546341
2040-03-18,,29.21282196044922,34.14399719238281,-4.965322494506836,0.03415101766586304
2040-03-19,,29.234676361083984,34.14422607421875,-4.944677352905273,0.03512951359152794
2040-03-20,,29.24901580810547,34.14445877075195,-4.929839134216309,0.034396570175886154
2040-03-21,,29.259986877441406,34.14468765258789,-4.92095422744751,0.03625147417187691
2040-03-22,,28.928543090820312,34.144920349121094,-4.918098449707031,-0.29827752709388733
2040-03-23,,29.25952911376953,34.1451530456543,-4.921272277832031,0.0356491394340992
2040-03-24,,29.337684631347656,34.145381927490234,-4.93039608001709,0.1226998120546341
2040-03-25,,29.23444366455078,34.14561080932617,-4.945318222045898,0.03415101766586304
2040-03-26,,29.215171813964844,34.145843505859375,-4.965798854827881,0.03512951359152794
2040-03-27,,29.188949584960938,34.14607620239258,-4.991523265838623,0.034396570175886154
2040-03-28,,29.16046142578125,34.146305084228516,-5.022093772888184,0.03625147417187691
2040-03-29,,28.791221618652344,34.14653396606445,-5.057035446166992,-0.29827752709388733
2040-03-30,,29.086620330810547,34.146766662597656,-5.0957932472229,0.0356491394340992
2040-03-31,,29.1319580078125,34.14699935913086,-5.137739658355713,0.1226998120546341
2040-04-01,,28.999202728271484,34.1472282409668,-5.182176113128662,0.03415101766586304
2040-04-02,,28.954254150390625,34.147457122802734,-5.228335380554199,0.03512951359152794
2040-04-03,,28.906696319580078,34.14768981933594,-5.275390625,0.034396570175886154
2040-04-04,,28.861713409423828,34.14792251586914,-5.3224592208862305,0.03625147417187691
2040-04-05,,28.48126983642578,34.14815139770508,-5.368606090545654,-0.29827752709388733
2040-04-06,,28.771175384521484,34.14838409423828,-5.4128570556640625,0.0356491394340992
2040-04-07,,28.817115783691406,34.14861297607422,-5.454200267791748,0.1226998120546341
2040-04-08,,28.69139862060547,34.14884567260742,-5.491598129272461,0.03415101766586304
2040-04-09,,28.66020965576172,34.14907455444336,-5.523994445800781,0.03512951359152794
2040-04-10,,28.633380889892578,34.14930725097656,-5.55032205581665,0.034396570175886154
2040-04-11,,28.616275787353516,34.149539947509766,-5.569513320922852,0.03625147417187691
2040-04-12,,28.270980834960938,34.1497688293457,-5.580509662628174,-0.29827752709388733
2040-04-13,,28.603378295898438,34.14999771118164,-5.582268714904785,0.0356491394340992
2040-04-14,,28.699153900146484,34.150230407714844,-5.573776721954346,0.1226998120546341
2040-04-15,,28.630558013916016,34.15046310424805,-5.554055690765381,0.03415101766586304
2040-04-16,,28.663650512695312,34.150691986083984,-5.522170066833496,0.03512951359152794
2040-04-17,,28.70807647705078,34.15092086791992,-5.477241039276123,0.034396570175886154
2040-04-18,,28.76895523071289,34.151153564453125,-5.418450832366943,0.03625147417187691
2040-04-19,,28.508052825927734,34.15138626098633,-5.34505558013916,-0.29827752709388733
2040-04-20,,28.93088150024414,34.151615142822266,-5.256382465362549,0.0356491394340992
2040-04-21,,29.122695922851562,34.1518440246582,-5.151849269866943,0.1226998120546341
2040-04-22,,29.15526580810547,34.152076721191406,-5.030961990356445,0.03415101766586304
2040-04-23,,29.294109344482422,34.15230941772461,-4.893326759338379,0.03512951359152794
2040-04-24,,29.448287963867188,34.15253829956055,-4.7386474609375,0.034396570175886154
2040-04-25,,29.62228775024414,34.15277099609375,-4.566734790802002,0.03625147417187691
2040-04-26,,29.477214813232422,34.15299987792969,-4.377508640289307,-0.29827752709388733
2040-04-27,,30.01788330078125,34.15323257446289,-4.170999526977539,0.0356491394340992
2040-04-28,,30.328811645507812,34.15346145629883,-3.9473509788513184,0.1226998120546341
2040-04-29,,30.481029510498047,34.15369415283203,-3.706817150115967,0.03415101766586304
2040-04-30,,30.739288330078125,34.153926849365234,-3.4497666358947754,0.03512951359152794
2040-05-01,,31.01187515258789,34.15415573120117,-3.1766767501831055,0.034396570175886154
2040-05-02,,31.302505493164062,34.15438461303711,-2.8881332874298096,0.03625147417187691
2040-05-03,,31.271514892578125,34.15461730957031,-2.5848264694213867,-0.29827752709388733
2040-05-04,,31.922950744628906,34.154850006103516,-2.2675464153289795,0.0356491394340992
2040-05-05,,32.340599060058594,34.15507888793945,-1.9371795654296875,0.1226998120546341
2040-05-06,,32.594764709472656,34.155311584472656,-1.5946991443634033,0.03415101766586304
2040-05-07,,32.94950866699219,34.155540466308594,-1.2411611080169678,0.03512951359152794
2040-05-08,,33.312469482421875,34.1557731628418,-0.8776968717575073,0.034396570175886154
2040-05-09,,33.68675231933594,34.156002044677734,-0.5055034160614014,0.03625147417187691
2040-05-10,,33.732120513916016,34.15623474121094,-0.12583471834659576,-0.29827752709388733
2040-05-11,,34.45212173461914,34.156463623046875,0.2600058317184448,0.0356491394340992
2040-05-12,,34.93007278442383,34.15669631958008,0.6506776213645935,0.1226998120546341
2040-05-13,,35.23588562011719,34.156925201416016,1.0448089838027954,0.03415101766586304
2040-05-14,,35.63330078125,34.15715789794922,1.4410139322280884,0.03512951359152794
2040-05-15,,36.02968215942383,34.157386779785156,1.8378958702087402,0.034396570175886154
2040-05-16,,36.42793273925781,34.15761947631836,2.2340614795684814,0.03625147417187691
2040-05-17,,36.48770523071289,34.15785217285156,2.6281309127807617,-0.29827752709388733
2040-05-18,,37.21247863769531,34.1580810546875,3.018747568130493,0.0356491394340992
2040-05-19,,37.68559646606445,34.1583137512207,3.4045867919921875,0.1226998120546341
2040-05-20,,37.9770622253418,34.15854263305664,3.7843706607818604,0.03415101766586304
2040-05-21,,38.35077667236328,34.158775329589844,4.1568708419799805,0.03512951359152794
2040-05-22,,38.714324951171875,34.15900421142578,4.5209221839904785,0.034396570175886154
2040-05-23,,39.07091522216797,34.159236907958984,4.87542724609375,0.03625147417187691
2040-05-24,,39.08055877685547,34.15946578979492,5.219369411468506,-0.29827752709388733
2040-05-25,,39.74715805053711,34.159698486328125,5.551812648773193,0.0356491394340992
2040-05-26,,40.154544830322266,34.15992736816406,5.871915340423584,0.1226998120546341
2040-05-27,,40.373233795166016,34.160160064697266,6.178925037384033,0.03415101766586304
2040-05-28,,40.66771697998047,34.16039276123047,6.47219705581665,0.03512951359152794
2040-05-29,,40.946205139160156,34.160621643066406,6.751187324523926,0.034396570175886154
2040-05-30,,41.21255874633789,34.160850524902344,7.015456199645996,0.03625147417187691
2040-05-31,,41.127479553222656,34.16108322143555,7.264674663543701,-0.29827752709388733
2040-06-01,,41.69558334350586,34.16131591796875,7.498620986938477,0.0356491394340992
2040-06-02,,42.001426696777344,34.16154479980469,7.717182159423828,0.1226998120546341
2040-06-03,,42.116275787353516,34.161773681640625,7.920350551605225,0.03415101766586304
2040-06-04,,42.305362701416016,34.16200637817383,8.108227729797363,0.03512951359152794
2040-06-05,,42.47764587402344,34.16223907470703,8.281009674072266,0.034396570175886154
2040-06-06,,42.63771438598633,34.16246795654297,8.438994407653809,0.03625147417187691
2040-06-07,,42.44699478149414,34.16270065307617,8.582573890686035,-0.29827752709388733
2040-06-08,,42.910804748535156,34.16292953491211,8.712224960327148,0.0356491394340992
2040-06-09,,43.11436080932617,34.16316223144531,8.828499794006348,0.1226998120546341
2040-06-10,,43.12957763671875,34.16339111328125,8.932032585144043,0.03415101766586304
2040-06-11,,43.22227478027344,34.16362380981445,9.02352237701416,0.03512951359152794
2040-06-12,,43.30196762084961,34.163856506347656,9.103716850280762,0.034396570175886154
2040-06-13,,43.373756408691406,34.164085388183594,9.173421859741211,0.03625147417187691
2040-06-14,,43.099517822265625,34.16431427001953,9.233479499816895,-0.29827752709388733
2040-06-15,,43.48495864868164,34.164546966552734,9.284761428833008,0.0356491394340992
2040-06-16,,43.61564254760742,34.16477966308594,9.328165054321289,0.1226998120546341
2040-06-17,,43.56375503540039,34.165008544921875,9.364594459533691,0.03415101766586304
2040-06-18,,43.5953254699707,34.16523742675781,9.394960403442383,0.03512951359152794
2040-06-19,,43.62002944946289,34.165470123291016,9.420162200927734,0.034396570175886154
2040-06-20,,43.64303970336914,34.16570281982422,9.441088676452637,0.03625147417187691
2040-06-21,,43.326255798339844,34.165931701660156,9.458600997924805,-0.29827752709388733
2040-06-22,,43.67533874511719,34.166160583496094,9.473527908325195,0.0356491394340992
2040-06-23,,43.77574920654297,34.1663932800293,9.486654281616211,0.1226998120546341
2040-06-24,,43.69949722290039,34.1666259765625,9.4987211227417,0.03415101766586304
2040-06-25,,43.71239471435547,34.16685485839844,9.510412216186523,0.03512951359152794
2040-06-26,,43.72383117675781,34.16708755493164,9.52234935760498,0.034396570175886154
2040-06-27,,43.73865509033203,34.16731643676758,9.535087585449219,0.03625147417187691
2040-06-28,,43.41838073730469,34.16754913330078,9.54910945892334,-0.29827752709388733
2040-06-29,,43.768253326416016,34.16777801513672,9.564825057983398,0.0356491394340992
2040-06-30,,43.87327575683594,34.16801071166992,9.582564353942871,0.1226998120546341
2040-07-01,,43.804969787597656,34.168243408203125,9.602577209472656,0.03415101766586304
2040-07-02,,43.82863235473633,34.16847229003906,9.625029563903809,0.03512951359152794
2040-07-03,,43.853111267089844,34.168704986572266,9.650008201599121,0.034396570175886154
2040-07-04,,43.88270568847656,34.1689338684082,9.677520751953125,0.03625147417187691
2040-07-05,,43.57837677001953,34.169166564941406,9.707487106323242,-0.29827752709388733
2040-07-06,,43.94480514526367,34.169395446777344,9.739758491516113,0.0356491394340992
2040-07-07,,44.06643295288086,34.16962432861328,9.774106979370117,0.1226998120546341
2040-07-08,,44.01424026489258,34.169857025146484,9.81023120880127,0.03415101766586304
2040-07-09,,44.05298614501953,34.17008972167969,9.847769737243652,0.03512951359152794
2040-07-10,,44.09101104736328,34.170318603515625,9.886295318603516,0.034396570175886154
2040-07-11,,44.13213348388672,34.17055130004883,9.925333023071289,0.03625147417187691
2040-07-12,,43.83685302734375,34.170780181884766,9.964350700378418,-0.29827752709388733
2040-07-13,,44.209442138671875,34.17101287841797,10.002779006958008,0.0356491394340992
2040-07-14,,44.333961486816406,34.17124557495117,10.040014266967773,0.1226998120546341
2040-07-15,,44.28105926513672,34.17147445678711,10.075432777404785,0.03415101766586304
2040-07-16,,44.315216064453125,34.17170333862305,10.108379364013672,0.03512951359152794
2040-07-17,,44.34453201293945,34.17193603515625,10.138199806213379,0.034396570175886154
2040-07-18,,44.37265396118164,34.17216491699219,10.16423511505127,0.03625147417187691
2040-07-19,,44.05995178222656,34.17239761352539,10.185831069946289,-0.29827752709388733
2040-07-20,,44.41062927246094,34.172630310058594,10.202350616455078,0.0356491394340992
2040-07-21,,44.50873565673828,34.17285919189453,10.213174819946289,0.1226998120546341
2040-07-22,,44.42496109008789,34.173091888427734,10.217716217041016,0.03415101766586304
2040-07-23,,44.42387771606445,34.17332077026367,10.215426445007324,0.03512951359152794
2040-07-24,,44.413753509521484,34.173553466796875,10.205801963806152,0.034396570175886154
2040-07-25,,44.39842224121094,34.17378616333008,10.188383102416992,0.03625147417187691
2040-07-26,,44.038509368896484,34.174015045166016,10.162771224975586,-0.29827752709388733
2040-07-27,,44.338523864746094,34.17424392700195,10.128628730773926,0.0356491394340992
2040-07-28,,44.38286209106445,34.174476623535156,10.085683822631836,0.1226998120546341
2040-07-29,,44.24258804321289,34.174705505371094,10.033731460571289,0.03415101766586304
2040-07-30,,44.182708740234375,34.1749382019043,9.972640991210938,0.03512951359152794
2040-07-31,,44.11191940307617,34.175167083740234,9.902355194091797,0.034396570175886154
2040-08-01,,44.034542083740234,34.17539978027344,9.822891235351562,0.03625147417187691
2040-08-02,,43.61170196533203,34.17563247680664,9.734349250793457,-0.29827752709388733
2040-08-03,,43.848411560058594,34.17586135864258,9.6368989944458,0.0356491394340992
2040-08-04,,43.8295783996582,34.176090240478516,9.53078556060791,0.1226998120546341
2040-08-05,,43.62680435180664,34.17632293701172,9.416327476501465,0.03415101766586304
2040-08-06,,43.50559997558594,34.17655563354492,9.293915748596191,0.03512951359152794
2040-08-07,,43.37519073486328,34.17678451538086,9.164009094238281,0.034396570175886154
2040-08-08,,43.24039077758789,34.17701721191406,9.02712345123291,0.03625147417187691
2040-08-09,,42.7628059387207,34.17724609375,8.883838653564453,-0.29827752709388733
2040-08-10,,42.947906494140625,34.1774787902832,8.73477840423584,0.0356491394340992
2040-08-11,,42.88103103637695,34.17770767211914,8.580622673034668,0.1226998120546341
2040-08-12,,42.63417434692383,34.177940368652344,8.422082901000977,0.03415101766586304
2040-08-13,,42.473209381103516,34.17817306518555,8.259906768798828,0.03512951359152794
2040-08-14,,42.30766296386719,34.178401947021484,8.094864845275879,0.034396570175886154
2040-08-15,,42.14263153076172,34.17863082885742,7.927746772766113,0.03625147417187691
2040-08-16,,41.63993453979492,34.178863525390625,7.759349822998047,-0.29827752709388733
2040-08-17,,41.80522155761719,34.17909622192383,7.590476036071777,0.0356491394340992
2040-08-18,,41.723941802978516,34.179325103759766,7.421915531158447,0.1226998120546341
2040-08-19,,41.46815490722656,34.1795539855957,7.254447937011719,0.03415101766586304
2040-08-20,,41.303741455078125,34.179786682128906,7.088827133178711,0.03512951359152794
2040-08-21,,41.140193939208984,34.18001937866211,6.925778865814209,0.034396570175886154
2040-08-22,,40.98249435424805,34.18024826049805,6.765991687774658,0.03625147417187691
2040-08-23,,40.4923095703125,34.180477142333984,6.610108375549316,-0.29827752709388733
2040-08-24,,40.675079345703125,34.18070983886719,6.45872163772583,0.0356491394340992
2040-08-25,,40.616004943847656,34.18094253540039,6.312365531921387,0.1226998120546341
2040-08-26,,40.38683319091797,34.18117141723633,6.171511173248291,0.03415101766586304
2040-08-27,,40.25309753417969,34.18140411376953,6.036563873291016,0.03512951359152794
2040-08-28,,40.12388610839844,34.181636810302734,5.907855033874512,0.034396570175886154
2040-08-29,,40.00375747680664,34.18186569213867,5.785641670227051,0.03625147417187691
2040-08-30,,39.55392074584961,34.18209457397461,5.670104503631592,-0.29827752709388733
2040-08-31,,39.779319763183594,34.18232727050781,5.561344146728516,0.0356491394340992
2040-09-01,,39.76463317871094,34.182559967041016,5.459374904632568,0.1226998120546341
2040-09-02,,39.58107376098633,34.18278884887695,5.364136695861816,0.03415101766586304
2040-09-03,,39.49363327026367,34.18301773071289,5.275484561920166,0.03512951359152794
2040-09-04,,39.41084289550781,34.183250427246094,5.193195343017578,0.034396570175886154
2040-09-05,,39.336700439453125,34.1834831237793,5.116966724395752,0.03625147417187691
2040-09-06,,38.93185806274414,34.183712005615234,5.046425819396973,-0.29827752709388733
2040-09-07,,39.200714111328125,34.18394088745117,4.981124401092529,0.0356491394340992
2040-09-08,,39.22742462158203,34.184173583984375,4.9205498695373535,0.1226998120546341
2040-09-09,,39.08268356323242,34.18440628051758,4.864128112792969,0.03415101766586304
2040-09-10,,39.0309944152832,34.184635162353516,4.811229228973389,0.03512951359152794
2040-09-11,,38.98043441772461,34.18486404418945,4.761171340942383,0.034396570175886154
2040-09-12,,38.9345817565918,34.185096740722656,4.71323299407959,0.03625147417187691
2040-09-13,,38.55370330810547,34.18532943725586,4.666653156280518,-0.29827752709388733
2040-09-14,,38.841854095458984,34.1855583190918,4.6206464767456055,0.0356491394340992
2040-09-15,,38.882896423339844,34.185791015625,4.574403285980225,0.1226998120546341
2040-09-16,,38.747276306152344,34.1860237121582,4.527101516723633,0.03415101766586304
2040-09-17,,38.69929885864258,34.18625259399414,4.477917194366455,0.03512951359152794
2040-09-18,,38.646907806396484,34.18648147583008,4.426027297973633,0.034396570175886154
2040-09-19,,38.593589782714844,34.18671417236328,4.3706207275390625,0.03625147417187691
2040-09-20,,38.1995735168457,34.186946868896484,4.310906410217285,-0.29827752709388733
2040-09-21,,38.46894454956055,34.18717575073242,4.246120452880859,0.0356491394340992
2040-09-22,,38.48564147949219,34.18740463256836,4.175533771514893,0.1226998120546341
2040-09-23,,38.320247650146484,34.18763732910156,4.098458766937256,0.03415101766586304
2040-09-24,,38.23725509643555,34.187870025634766,4.014257431030273,0.03512951359152794
2040-09-25,,38.144840240478516,34.1880989074707,3.9223456382751465,0.034396570175886154
2040-09-26,,38.046783447265625,34.188331604003906,3.822202682495117,0.03625147417187691
2040-09-27,,37.60365676879883,34.188560485839844,3.7133705615997314,-0.29827752709388733
2040-09-28,,37.81990432739258,34.18879318237305,3.5954649448394775,0.0356491394340992
2040-09-29,,37.7798957824707,34.189022064208984,3.468172311782837,0.1226998120546341
2040-09-30,,37.55466842651367,34.18925476074219,3.3312604427337646,0.03415101766586304
2040-10-01,,37.40918731689453,34.189483642578125,3.1845734119415283,0.03512951359152794
2040-10-02,,37.25215148925781,34.18971633911133,3.0280404090881348,0.034396570175886154
2040-10-03,,37.087867736816406,34.189945220947266,2.8616695404052734,0.03625147417187691
2040-10-04,,36.577457427978516,34.19017791748047,2.6855545043945312,-0.29827752709388733
2040-10-05,,36.72592544555664,34.19041061401367,2.499868869781494,0.0356491394340992
2040-10-06,,36.61820602416992,34.19063949584961,2.304866075515747,0.1226998120546341
2040-10-07,,36.32590103149414,34.19087219238281,2.1008799076080322,0.03415101766586304
2040-10-08,,36.11454772949219,34.19110107421875,1.8883168697357178,0.03512951359152794
2040-10-09,,35.89338684082031,34.19133377075195,1.667657494544983,0.034396570175886154
2040-10-10,,35.66726303100586,34.19156265258789,1.4394478797912598,0.03625147417187691
2040-10-11,,35.097816467285156,34.191795349121094,1.2042971849441528,-0.29827752709388733
2040-10-12,,35.190547943115234,34.19202423095703,0.9628724455833435,0.0356491394340992
2040-10-13,,35.030845642089844,34.192256927490234,0.7158910036087036,0.1226998120546341
2040-10-14,,34.69075393676758,34.19248580932617,0.4641169607639313,0.03415101766586304
2040-10-15,,34.43619918823242,34.192718505859375,0.20835080742835999,0.03512951359152794
2040-10-16,,34.17677307128906,34.19294738769531,-0.05057432875037193,0.034396570175886154
2040-10-17,,33.91762924194336,34.193180084228516,-0.31180185079574585,0.03625147417187691
2040-10-18,,33.3206787109375,34.19341278076172,-0.5744566321372986,-0.29827752709388733
2040-10-19,,33.39163589477539,34.193641662597656,-0.8376551866531372,0.0356491394340992
2040-10-20,,33.216060638427734,34.193870544433594,-1.1005111932754517,0.1226998120546341
2040-10-21,,32.866111755371094,34.1941032409668,-1.362144112586975,0.03415101766586304
2040-10-22,,32.60778045654297,34.1943359375,-1.6216846704483032,0.03512951359152794
2040-10-23,,32.350677490234375,34.19456481933594,-1.8782840967178345,0.034396570175886154
2040-10-24,,32.09992980957031,34.19479751586914,-2.1311185359954834,0.03625147417187691
2040-10-25,,31.517349243164062,34.19502639770508,-2.37939715385437,-0.29827752709388733
2040-10-26,,31.608539581298828,34.19525909423828,-2.6223671436309814,0.0356491394340992
2040-10-27,,31.45886993408203,34.19548797607422,-2.859318971633911,0.1226998120546341
2040-10-28,,31.140277862548828,34.19572067260742,-3.089592933654785,0.03415101766586304
2040-10-29,,30.918498992919922,34.195953369140625,-3.3125829696655273,0.03512951359152794
2040-10-30,,30.702838897705078,34.19618225097656,-3.5277388095855713,0.034396570175886154
2040-10-31,,30.498088836669922,34.1964111328125,-3.7345731258392334,0.03625147417187691
2040-11-01,,29.96570587158203,34.1966438293457,-3.9326586723327637,-0.29827752709388733
2040-11-02,,30.110885620117188,34.196876525878906,-4.121636867523193,0.0356491394340992
2040-11-03,,30.018592834472656,34.197105407714844,-4.30121374130249,0.1226998120546341
2040-11-04,,29.76032257080078,34.19733428955078,-4.471164703369141,0.03415101766586304
2040-11-05,,29.601367950439453,34.197566986083984,-4.6313300132751465,0.03512951359152794
2040-11-06,,29.450576782226562,34.19779968261719,-4.781620025634766,0.034396570175886154
2040-11-07,,29.312274932861328,34.198028564453125,-4.922006607055664,0.03625147417187691
2040-11-08,,28.847450256347656,34.19825744628906,-5.0525312423706055,-0.29827752709388733
2040-11-09,,29.060848236083984,34.198490142822266,-5.173293590545654,0.0356491394340992
2040-11-10,,29.036972045898438,34.19872283935547,-5.284450531005859,0.1226998120546341
2040-11-11,,28.846885681152344,34.198951721191406,-5.3862175941467285,0.03415101766586304
2040-11-12,,28.755451202392578,34.19918441772461,-5.4788618087768555,0.03512951359152794
2040-11-13,,28.671119689941406,34.19941329956055,-5.562694072723389,0.034396570175886154
2040-11-14,,28.597827911376953,34.19964599609375,-5.638069152832031,0.03625147417187691
2040-11-15,,28.196216583251953,34.19987487792969,-5.705381393432617,-0.29827752709388733
2040-11-16,,28.470703125,34.20010757446289,-5.765055179595947,0.0356491394340992
2040-11-17,,28.505496978759766,34.200340270996094,-5.8175435066223145,0.1226998120546341
2040-11-18,,28.37139892578125,34.20056915283203,-5.863320827484131,0.03415101766586304
2040-11-19,,28.333049774169922,34.20079803466797,-5.9028778076171875,0.03512951359152794
2040-11-20,,28.29871368408203,34.20103073120117,-5.936716079711914,0.034396570175886154
2040-11-21,,28.272174835205078,34.201263427734375,-5.965340614318848,0.03625147417187691
2040-11-22,,27.913955688476562,34.20149230957031,-5.989259243011475,-0.29827752709388733
2040-11-23,,28.228397369384766,34.20172119140625,-6.008974552154541,0.0356491394340992
2040-11-24,,28.299678802490234,34.20195388793945,-6.0249762535095215,0.1226998120546341
2040-11-25,,28.198593139648438,34.202186584472656,-6.037741661071777,0.03415101766586304
2040-11-26,,28.1898136138916,34.202415466308594,-6.047731876373291,0.03512951359152794
2040-11-27,,28.181665420532227,34.2026481628418,-6.055379390716553,0.034396570175886154
2040-11-28,,28.178035736083984,34.202877044677734,-6.061093807220459,0.03625147417187691
2040-11-29,,27.839574813842773,34.20310974121094,-6.0652570724487305,-0.29827752709388733
2040-11-30,,28.170772552490234,34.203338623046875,-6.0682148933410645,0.0356491394340992
2040-12-01,,28.25598907470703,34.20357131958008,-6.070284366607666,0.1226998120546341
2040-12-02,,28.166210174560547,34.203800201416016,-6.071742534637451,0.03415101766586304
2040-12-03,,28.166330337524414,34.20403289794922,-6.072831630706787,0.03512951359152794
2040-12-04,,28.164905548095703,34.204261779785156,-6.07375431060791,0.034396570175886154
2040-12-05,,28.166065216064453,34.20449447631836,-6.074681758880615,0.03625147417187691
2040-12-06,,27.830707550048828,34.20472717285156,-6.075740814208984,-0.29827752709388733
2040-12-07,,28.163578033447266,34.2049560546875,-6.0770263671875,0.0356491394340992
2040-12-08,,28.249290466308594,34.2051887512207,-6.0785980224609375,0.1226998120546341
2040-12-09,,28.159088134765625,34.20541763305664,-6.080480575561523,0.03415101766586304
2040-12-10,,28.158111572265625,34.205650329589844,-6.082667350769043,0.03512951359152794
2040-12-11,,28.1551513671875,34.20587921142578,-6.085124969482422,0.034396570175886154
2040-12-12,,28.15456771850586,34.206111907958984,-6.087796211242676,0.03625147417187691
2040-12-13,,27.81747055053711,34.20634078979492,-6.0905938148498535,-0.29827752709388733
2040-12-14,,28.1488037109375,34.206573486328125,-6.093418598175049,0.0356491394340992
2040-12-15,,28.233352661132812,34.20680236816406,-6.096150875091553,0.1226998120546341
2040-12-16,,28.14252471923828,34.207035064697266,-6.098660945892334,0.03415101766586304
2040-12-17,,28.141586303710938,34.2072639465332,-6.100808143615723,0.03512951359152794
2040-12-18,,28.139442443847656,34.207496643066406,-6.1024489402771,0.034396570175886154
2040-12-19,,28.140541076660156,34.207725524902344,-6.103438377380371,0.03625147417187691
2040-12-20,,27.806049346923828,34.20795822143555,-6.10363245010376,-0.29827752709388733
2040-12-21,,28.140945434570312,34.208187103271484,-6.102893352508545,0.0356491394340992
2040-12-22,,28.230026245117188,34.20841979980469,-6.10109281539917,0.1226998120546341
2040-12-23,,28.144685745239258,34.20865249633789,-6.098116397857666,0.03415101766586304
2040-12-24,,28.150150299072266,34.20888137817383,-6.093860626220703,0.03512951359152794
2040-12-25,,28.155261993408203,34.20911407470703,-6.088247776031494,0.034396570175886154
2040-12-26,,28.164382934570312,34.20934295654297,-6.081210613250732,0.03625147417187691
2040-12-27,,27.838584899902344,34.20957565307617,-6.072711944580078,-0.29827752709388733
2040-12-28,,28.182722091674805,34.20980453491211,-6.062732696533203,0.0356491394340992
2040-12-29,,28.281452178955078,34.21003723144531,-6.0512824058532715,0.1226998120546341
2040-12-30,,28.206024169921875,34.21026611328125,-6.03839111328125,0.03415101766586304
2040-12-31,,28.221508026123047,34.21049880981445,-6.02412223815918,0.03512951359152794
2041-01-01,,28.236568450927734,34.21072769165039,-6.0085577964782715,0.034396570175886154
2041-01-02,,28.255401611328125,34.210960388183594,-5.9918084144592285,0.03625147417187691
2041-01-03,,27.93890380859375,34.2111930847168,-5.974009990692139,-0.29827752709388733
2041-01-04,,28.29175567626953,34.211421966552734,-5.955316066741943,0.0356491394340992
2041-01-05,,28.39844512939453,34.21165084838867,-5.935907363891602,0.1226998120546341
2041-01-06,,28.330055236816406,34.211883544921875,-5.915979385375977,0.03415101766586304
2041-01-07,,28.351497650146484,34.21211624145508,-5.895745277404785,0.03512951359152794
2041-01-08,,28.371307373046875,34.212345123291016,-5.875436305999756,0.034396570175886154
2041-01-09,,28.393543243408203,34.21257400512695,-5.85528564453125,0.03625147417187691
2041-01-10,,28.0789852142334,34.212806701660156,-5.835542678833008,-0.29827752709388733
2041-01-11,,28.432231903076172,34.21303939819336,-5.816455841064453,0.0356491394340992
2041-01-12,,28.537689208984375,34.2132682800293,-5.798278331756592,0.1226998120546341
2041-01-13,,28.46639633178711,34.2135009765625,-5.781254768371582,0.03415101766586304
2041-01-14,,28.483230590820312,34.21372985839844,-5.76563024520874,0.03512951359152794
2041-01-15,,28.496723175048828,34.21396255493164,-5.751634120941162,0.034396570175886154
2041-01-16,,28.51095962524414,34.21419143676758,-5.7394843101501465,0.03625147417187691
2041-01-17,,28.186767578125,34.21442413330078,-5.729378700256348,-0.29827752709388733
2041-01-18,,28.528804779052734,34.214656829833984,-5.721499919891357,0.0356491394340992
2041-01-19,,28.62158203125,34.21488571166992,-5.716002941131592,0.1226998120546341
2041-01-20,,28.536251068115234,34.21511459350586,-5.713016510009766,0.03415101766586304
2041-01-21,,28.53783416748047,34.21534729003906,-5.712640285491943,0.03512951359152794
2041-01-22,,28.535030364990234,34.215579986572266,-5.7149434089660645,0.034396570175886154
2041-01-23,,28.532100677490234,34.2158088684082,-5.719961643218994,0.03625147417187691
2041-01-24,,28.190067291259766,34.21603775024414,-5.727694511413574,-0.29827752709388733
2041-01-25,,28.513809204101562,34.216270446777344,-5.738109588623047,0.0356491394340992
2041-01-26,,28.588069915771484,34.21650314331055,-5.751131057739258,0.1226998120546341
2041-01-27,,28.484230041503906,34.216732025146484,-5.766654014587402,0.03415101766586304
2041-01-28,,28.467559814453125,34.21696090698242,-5.784531593322754,0.03512951359152794
2041-01-29,,28.447006225585938,34.217193603515625,-5.804585933685303,0.034396570175886154
2041-01-30,,28.427078247070312,34.21742630004883,-5.826600551605225,0.03625147417187691
2041-01-31,,28.069046020507812,34.217655181884766,-5.850330829620361,-0.29827752709388733
2041-02-01,,28.378036499023438,34.21788787841797,-5.875499725341797,0.0356491394340992
2041-02-02,,28.43901824951172,34.218116760253906,-5.90179967880249,0.1226998120546341
2041-02-03,,28.323596954345703,34.21834945678711,-5.928903102874756,0.03415101766586304
2041-02-04,,28.297252655029297,34.21857833862305,-5.956458568572998,0.03512951359152794
2041-02-05,,28.269107818603516,34.21881103515625,-5.984098434448242,0.034396570175886154
2041-02-06,,28.243854522705078,34.21904373168945,-6.011439800262451,0.03625147417187691
2041-02-07,,27.88290023803711,34.21927261352539,-6.038092613220215,-0.29827752709388733
2041-02-08,,28.19149398803711,34.21950149536133,-6.063657283782959,0.0356491394340992
2041-02-09,,28.254695892333984,34.21973419189453,-6.087739944458008,0.1226998120546341
2041-02-10,,28.144166946411133,34.219966888427734,-6.109949588775635,0.03415101766586304
2041-02-11,,28.125423431396484,34.22019577026367,-6.129902362823486,0.03512951359152794
2041-02-12,,28.107593536376953,34.22042465209961,-6.147230625152588,0.034396570175886154
2041-02-13,,28.095321655273438,34.22065734863281,-6.161587715148926,0.03625147417187691
2041-02-14,,27.74996566772461,34.220890045166016,-6.172645568847656,-0.29827752709388733
2041-02-15,,28.07666015625,34.22111892700195,-6.180108547210693,0.0356491394340992
2041-02-16,,28.16033935546875,34.221351623535156,-6.183714389801025,0.1226998120546341
2041-02-17,,28.07250213623047,34.221580505371094,-6.183230876922607,0.03415101766586304
2041-02-18,,28.078468322753906,34.2218132019043,-6.178473472595215,0.03512951359152794
2041-02-19,,28.087146759033203,34.2220458984375,-6.169294357299805,0.034396570175886154
2041-02-20,,28.102928161621094,34.22227478027344,-6.155598163604736,0.03625147417187691
2041-02-21,,27.78689956665039,34.222503662109375,-6.1373291015625,-0.29827752709388733
2041-02-22,,28.14389419555664,34.22273635864258,-6.114490032196045,0.0356491394340992
2041-02-23,,28.25853729248047,34.222965240478516,-6.087130069732666,0.1226998120546341
2041-02-24,,28.20199966430664,34.22319793701172,-6.055350303649902,0.03415101766586304
2041-02-25,,28.239253997802734,34.22343063354492,-6.01930570602417,0.03512951359152794
2041-02-26,,28.278854370117188,34.22365951538086,-5.979201316833496,0.034396570175886154
2041-02-27,,28.324851989746094,34.22389221191406,-5.935293197631836,0.03625147417187691
2041-02-28,,28.037960052490234,34.22412109375,-5.887884616851807,-0.29827752709388733
2041-03-01,,28.42267608642578,34.2243537902832,-5.837325572967529,0.0356491394340992
2041-03-02,,28.563274383544922,34.224586486816406,-5.7840094566345215,0.1226998120546341
2041-03-03,,28.530597686767578,34.224815368652344,-5.728369235992432,0.03415101766586304
2041-03-04,,28.589305877685547,34.22504425048828,-5.670871257781982,0.03512951359152794
2041-03-05,,28.647655487060547,34.225276947021484,-5.6120171546936035,0.034396570175886154
2041-03-06,,28.709426879882812,34.22550582885742,-5.552331447601318,0.03625147417187691
2041-03-07,,28.435104370117188,34.225738525390625,-5.492358684539795,-0.29827752709388733
2041-03-08,,28.828960418701172,34.22596740722656,-5.432659149169922,0.0356491394340992
2041-03-09,,28.975101470947266,34.226200103759766,-5.3737993240356445,0.1226998120546341
2041-03-10,,28.944229125976562,34.22643280029297,-5.316352367401123,0.03415101766586304
2041-03-11,,29.000911712646484,34.226661682128906,-5.260882377624512,0.03512951359152794
2041-03-12,,29.0533447265625,34.226890563964844,-5.207943439483643,0.034396570175886154
2041-03-13,,29.105304718017578,34.22712326049805,-5.158071517944336,0.03625147417187691
2041-03-14,,28.817298889160156,34.22735595703125,-5.11177921295166,-0.29827752709388733
2041-03-15,,29.19369125366211,34.22758483886719,-5.069543361663818,0.0356491394340992
2041-03-16,,29.318706512451172,34.22781753540039,-5.031807899475098,0.1226998120546341
2041-03-17,,29.263229370117188,34.22804641723633,-4.998966693878174,0.03415101766586304
2041-03-18,,29.292041778564453,34.22827911376953,-4.971367359161377,0.03512951359152794
2041-03-19,,29.313602447509766,34.22850799560547,-4.949300765991211,0.034396570175886154
2041-03-20,,29.33199691772461,34.22874069213867,-4.932994365692139,0.03625147417187691
2041-03-21,,29.00808334350586,34.228973388671875,-4.92261266708374,-0.29827752709388733
2041-03-22,,29.346603393554688,34.22920227050781,-4.918246746063232,0.0356491394340992
2041-03-23,,29.43221664428711,34.22943115234375,-4.919915676116943,0.1226998120546341
2041-03-24,,29.33625030517578,34.22966384887695,-4.9275641441345215,0.03415101766586304
2041-03-25,,29.323970794677734,34.229896545410156,-4.9410552978515625,0.03512951359152794
2041-03-26,,29.30434799194336,34.230125427246094,-4.9601731300354,0.034396570175886154
2041-03-27,,29.281986236572266,34.23035430908203,-4.984620571136475,0.03625147417187691
2041-03-28,,28.918285369873047,34.230587005615234,-5.014021396636963,-0.29827752709388733
2041-03-29,,29.218547821044922,34.23081970214844,-5.047919750213623,0.0356491394340992
2041-03-30,,29.26797103881836,34.231048583984375,-5.085778713226318,0.1226998120546341
2041-03-31,,29.138439178466797,34.23127746582031,-5.1269917488098145,0.03415101766586304
2041-04-01,,29.095767974853516,34.231510162353516,-5.170874118804932,0.03512951359152794
2041-04-02,,29.049461364746094,34.23174285888672,-5.216678142547607,0.034396570175886154
2041-04-03,,29.004634857177734,34.231971740722656,-5.2635908126831055,0.03625147417187691
2041-04-04,,28.623188018798828,34.23220443725586,-5.3107404708862305,-0.29827752709388733
2041-04-05,,28.910877227783203,34.23243713378906,-5.357207775115967,0.0356491394340992
2041-04-06,,28.953338623046875,34.232666015625,-5.402027130126953,0.1226998120546341
2041-04-07,,28.822853088378906,34.23289489746094,-5.4441938400268555,0.03415101766586304
2041-04-08,,28.785579681396484,34.23312759399414,-5.4826765060424805,0.03512951359152794
2041-04-09,,28.751331329345703,34.233360290527344,-5.516422748565674,0.034396570175886154
2041-04-10,,28.725475311279297,34.23358917236328,-5.54436731338501,0.03625147417187691
2041-04-11,,28.370098114013672,34.23381805419922,-5.56544303894043,-0.29827752709388733
2041-04-12,,28.691116333007812,34.23405075073242,-5.578586101531982,0.0356491394340992
2041-04-13,,28.77423095703125,34.234283447265625,-5.582752227783203,0.1226998120546341
2041-04-14,,28.69174575805664,34.23451232910156,-5.576915740966797,0.03415101766586304
2041-04-15,,28.70978546142578,34.234745025634766,-5.560091018676758,0.03512951359152794
2041-04-16,,28.738040924072266,34.2349739074707,-5.5313310623168945,0.034396570175886154
2041-04-17,,28.781715393066406,34.235206604003906,-5.489742755889893,0.03625147417187691
2041-04-18,,28.502666473388672,34.235435485839844,-5.43449068069458,-0.29827752709388733
2041-04-19,,28.906505584716797,34.23566436767578,-5.364811897277832,0.0356491394340992
2041-04-20,,29.078582763671875,34.235897064208984,-5.28001594543457,0.1226998120546341
2041-04-21,,29.090782165527344,34.23612976074219,-5.179497718811035,0.03415101766586304
2041-04-22,,29.20874786376953,34.236358642578125,-5.062741756439209,0.03512951359152794
2041-04-23,,29.341663360595703,34.23659133911133,-4.929324150085449,0.034396570175886154
2041-04-24,,29.49414825439453,34.23682403564453,-4.778927326202393,0.03625147417187691
2041-04-25,,29.327442169189453,34.23705291748047,-4.611334323883057,-0.29827752709388733
2041-04-26,,29.84649658203125,34.23728561401367,-4.426438808441162,0.0356491394340992
2041-04-27,,30.135974884033203,34.23751449584961,-4.224240779876709,0.1226998120546341
2041-04-28,,30.267040252685547,34.23774719238281,-4.004857540130615,0.03415101766586304
2041-04-29,,30.504589080810547,34.23797607421875,-3.7685155868530273,0.03512951359152794
2041-04-30,,30.757049560546875,34.23820495605469,-3.5155534744262695,0.034396570175886154
2041-05-01,,31.02826690673828,34.23843765258789,-3.24642276763916,0.03625147417187691
2041-05-02,,30.978710174560547,34.238670349121094,-2.961682081222534,-0.29827752709388733
2041-05-03,,31.612552642822266,34.23889923095703,-2.6619958877563477,0.0356491394340992
2041-05-04,,32.013702392578125,34.239131927490234,-2.3481297492980957,0.1226998120546341
2041-05-05,,32.252567291259766,34.23936080932617,-2.020946741104126,0.03415101766586304
2041-05-06,,32.59332275390625,34.239593505859375,-1.6813985109329224,0.03512951359152794
2041-05-07,,32.94369888305664,34.23982620239258,-1.3305217027664185,0.034396570175886154
2041-05-08,,33.30687713623047,34.240055084228516,-0.9694289565086365,0.03625147417187691
2041-05-09,,33.34270477294922,34.24028396606445,-0.5993021726608276,-0.29827752709388733
2041-05-10,,34.05478286743164,34.240516662597656,-0.2213822603225708,0.0356491394340992
2041-05-11,,34.526485443115234,34.240745544433594,0.16303981840610504,0.1226998120546341
2041-05-12,,34.8277587890625,34.2409782409668,0.5526309013366699,0.03415101766586304
2041-05-13,,35.22236633300781,34.2412109375,0.946027398109436,0.03512951359152794
2041-05-14,,35.617679595947266,34.24143981933594,1.3418450355529785,0.034396570175886154
2041-05-15,,36.0166130065918,34.24167251586914,1.738688588142395,0.03625147417187691
2041-05-16,,36.07878875732422,34.24190139770508,2.1351635456085205,-0.29827752709388733
2041-05-17,,36.80766677856445,34.24213409423828,2.5298850536346436,0.0356491394340992
2041-05-18,,37.286556243896484,34.242366790771484,2.92149019241333,0.1226998120546341
2041-05-19,,37.585391998291016,34.24259567260742,3.308645725250244,0.03415101766586304
2041-05-20,,37.968017578125,34.24282455444336,3.690060615539551,0.03512951359152794
2041-05-21,,38.34194564819336,34.24305725097656,4.064493656158447,0.034396570175886154
2041-05-22,,38.71030044555664,34.2432861328125,4.430761337280273,0.03625147417187691
2041-05-23,,38.732994079589844,34.2435188293457,4.787753582000732,-0.29827752709388733
2041-05-24,,39.41382598876953,34.24374771118164,5.134427070617676,0.0356491394340992
2041-05-25,,39.83650588989258,34.243980407714844,5.469828128814697,0.1226998120546341
2041-05-26,,40.07145309448242,34.24421310424805,5.793088436126709,0.03415101766586304
2041-05-27,,40.38300704956055,34.244441986083984,6.10343599319458,0.03512951359152794
2041-05-28,,40.67926788330078,34.24467086791992,6.400198459625244,0.034396570175886154
2041-05-29,,40.963958740234375,34.244903564453125,6.682803630828857,0.03625147417187691
2041-05-30,,40.89764404296875,34.24513626098633,6.950788974761963,-0.29827752709388733
2041-05-31,,41.48480987548828,34.245365142822266,7.203794956207275,0.0356491394340992
2041-06-01,,41.809871673583984,34.24559783935547,7.441574573516846,0.1226998120546341
2041-06-02,,41.94396209716797,34.245826721191406,7.663986682891846,0.03415101766586304
2041-06-03,,42.15218734741211,34.24605941772461,7.870997905731201,0.03512951359152794
2041-06-04,,42.34336853027344,34.24628829956055,8.06268310546875,0.034396570175886154
2041-06-05,,42.52198791503906,34.24652099609375,8.239214897155762,0.03625147417187691
2041-06-06,,42.349342346191406,34.24675369262695,8.400866508483887,-0.29827752709388733
2041-06-07,,42.83063888549805,34.24698257446289,8.548005104064941,0.0356491394340992
2041-06-08,,43.05099868774414,34.24721145629883,8.6810884475708,0.1226998120546341
2041-06-09,,43.08224868774414,34.24744415283203,8.800651550292969,0.03415101766586304
2041-06-10,,43.19011306762695,34.247676849365234,8.907307624816895,0.03512951359152794
2041-06-11,,43.28404235839844,34.24790573120117,9.001738548278809,0.034396570175886154
2041-06-12,,43.36907196044922,34.24813461303711,9.084683418273926,0.03625147417187691
2041-06-13,,43.107025146484375,34.24836730957031,9.156933784484863,-0.29827752709388733
2041-06-14,,43.503570556640625,34.248600006103516,9.219322204589844,0.0356491394340992
2041-06-15,,43.64424514770508,34.24882888793945,9.27271556854248,0.1226998120546341
2041-06-16,,43.60121536254883,34.24905776977539,9.318002700805664,0.03415101766586304
2041-06-17,,43.64051055908203,34.249290466308594,9.356090545654297,0.03512951359152794
2041-06-18,,43.671810150146484,34.2495231628418,9.38788890838623,0.034396570175886154
2041-06-19,,43.70030212402344,34.249752044677734,9.414297103881836,0.03625147417187691
2041-06-20,,43.38792037963867,34.24998474121094,9.436210632324219,-0.29827752709388733
2041-06-21,,43.740360260009766,34.250213623046875,9.454496383666992,0.0356491394340992
2041-06-22,,43.8431396484375,34.25044631958008,9.469993591308594,0.1226998120546341
2041-06-23,,43.76832580566406,34.250675201416016,9.483498573303223,0.03415101766586304
2041-06-24,,43.781803131103516,34.25090789794922,9.495765686035156,0.03512951359152794
2041-06-25,,43.793025970458984,34.25114059448242,9.507491111755371,0.034396570175886154
2041-06-26,,43.80693054199219,34.25136947631836,9.519309043884277,0.03625147417187691
2041-06-27,,43.48512268066406,34.2515983581543,9.531800270080566,-0.29827752709388733
2041-06-28,,43.832942962646484,34.2518310546875,9.54546070098877,0.0356491394340992
2041-06-29,,43.93547821044922,34.2520637512207,9.560718536376953,0.1226998120546341
2041-06-30,,43.8643684387207,34.25229263305664,9.577924728393555,0.03415101766586304
2041-07-01,,43.88500213623047,34.252525329589844,9.597350120544434,0.03512951359152794
2041-07-02,,43.906333923339844,34.25275421142578,9.619180679321289,0.034396570175886154
2041-07-03,,43.932762145996094,34.252986907958984,9.643524169921875,0.03625147417187691
2041-07-04,,43.62534713745117,34.25321578979492,9.670408248901367,-0.29827752709388733
2041-07-05,,43.98887252807617,34.253448486328125,9.699772834777832,0.0356491394340992
2041-07-06,,44.10786819458008,34.25367736816406,9.731487274169922,0.1226998120546341
2041-07-07,,44.053401947021484,34.253910064697266,9.765340805053711,0.03415101766586304
2041-07-08,,44.0903205871582,34.2541389465332,9.80105209350586,0.03512951359152794
2041-07-09,,44.127044677734375,34.254371643066406,9.838274955749512,0.034396570175886154
2041-07-10,,44.167449951171875,34.254600524902344,9.876598358154297,0.03625147417187691
2041-07-11,,43.872108459472656,34.25483322143555,9.915555000305176,-0.29827752709388733
2041-07-12,,44.24534606933594,34.25506591796875,9.954628944396973,0.0356491394340992
2041-07-13,,44.371253967285156,34.25529479980469,9.993258476257324,0.1226998120546341
2041-07-14,,44.32052993774414,34.25552749633789,10.030851364135742,0.03415101766586304
2041-07-15,,44.357669830322266,34.25575637817383,10.06678295135498,0.03512951359152794
2041-07-16,,44.39079284667969,34.25598907470703,10.100408554077148,0.034396570175886154
2041-07-17,,44.423545837402344,34.25621795654297,10.131072998046875,0.03625147417187691
2041-07-18,,44.11629104614258,34.25645065307617,10.158116340637207,-0.29827752709388733
2041-07-19,,44.47321319580078,34.25667953491211,10.18088436126709,0.0356491394340992
2041-07-20,,44.578346252441406,34.25691223144531,10.198731422424316,0.1226998120546341
2041-07-21,,44.5023307800293,34.25714111328125,10.21103572845459,0.03415101766586304
2041-07-22,,44.50970458984375,34.25737380981445,10.21720027923584,0.03512951359152794
2041-07-23,,44.508670806884766,34.257606506347656,10.216670036315918,0.034396570175886154
2041-07-24,,44.50300979614258,34.257835388183594,10.208922386169434,0.03625147417187691
2041-07-25,,44.15327835083008,34.25806427001953,10.193490028381348,-0.29827752709388733
2041-07-26,,44.46390914916992,34.258296966552734,10.169962882995605,0.0356491394340992
2041-07-27,,44.51921081542969,34.25852966308594,10.137980461120605,0.1226998120546341
2041-07-28,,44.390167236328125,34.258758544921875,10.097258567810059,0.03415101766586304
2041-07-29,,44.34169387817383,34.25898742675781,10.04757308959961,0.03512951359152794
2041-07-30,,44.28239059448242,34.259220123291016,9.988774299621582,0.034396570175886154
2041-07-31,,44.21649169921875,34.25945281982422,9.920787811279297,0.03625147417187691
2041-08-01,,43.80501937866211,34.259681701660156,9.84361743927002,-0.29827752709388733
2041-08-02,,44.05289077758789,34.25991439819336,9.757330894470215,0.0356491394340992
2041-08-03,,44.04492950439453,34.2601432800293,9.66208553314209,0.1226998120546341
2041-08-04,,43.852638244628906,34.2603759765625,9.558109283447266,0.03415101766586304
2041-08-05,,43.74143600463867,34.26060485839844,9.44570255279541,0.03512951359152794
2041-08-06,,43.62047576904297,34.26083755493164,9.32524299621582,0.034396570175886154
2041-08-07,,43.49448013305664,34.261070251464844,9.197161674499512,0.03625147417187691
2041-08-08,,43.02499008178711,34.26129913330078,9.061968803405762,-0.29827752709388733
2041-08-09,,43.217403411865234,34.26152801513672,8.920226097106934,0.0356491394340992
2041-08-10,,43.15700912475586,34.26176071166992,8.77254867553711,0.1226998120546341
2041-08-11,,42.91574478149414,34.261993408203125,8.619600296020508,0.03415101766586304
2041-08-12,,42.75944137573242,34.26222229003906,8.462087631225586,0.03512951359152794
2041-08-13,,42.597599029541016,34.262451171875,8.300749778747559,0.034396570175886154
2041-08-14,,42.43528747558594,34.2626838684082,8.136350631713867,0.03625147417187691
2041-08-15,,41.9343147277832,34.262916564941406,7.969677925109863,-0.29827752709388733
2041-08-16,,42.10032272338867,34.263145446777344,7.80152702331543,0.0356491394340992
2041-08-17,,42.01877212524414,34.26337432861328,7.632696151733398,0.1226998120546341
2041-08-18,,41.761741638183594,34.263607025146484,7.463983058929443,0.03415101766586304
2041-08-19,,41.59513854980469,34.26383972167969,7.296169757843018,0.03512951359152794
2041-08-20,,41.42848205566406,34.264068603515625,7.1300177574157715,0.034396570175886154
2041-08-21,,41.26681137084961,34.26430130004883,6.966262340545654,0.03625147417187691
2041-08-22,,40.7718505859375,34.264530181884766,6.805596828460693,-0.29827752709388733
2041-08-23,,40.949092864990234,34.26476287841797,6.648679733276367,0.0356491394340992
2041-08-24,,40.88380813598633,34.264991760253906,6.496116638183594,0.1226998120546341
2041-08-25,,40.647830963134766,34.26522445678711,6.348455429077148,0.03415101766586304
2041-08-26,,40.506771087646484,34.26545715332031,6.206185340881348,0.03512951359152794
2041-08-27,,40.369808197021484,34.26568603515625,6.069726943969727,0.034396570175886154
2041-08-28,,40.24159622192383,34.26591491699219,5.939431190490723,0.03625147417187691
2041-08-29,,39.783447265625,34.26614761352539,5.815575122833252,-0.29827752709388733
2041-08-30,,40.00038528442383,34.266380310058594,5.6983561515808105,0.0356491394340992
2041-08-31,,39.97720718383789,34.26660919189453,5.587896823883057,0.1226998120546341
2041-09-01,,39.78522491455078,34.26683807373047,5.484232425689697,0.03415101766586304
2041-09-02,,39.68952560424805,34.26707077026367,5.387321472167969,0.03512951359152794
2041-09-03,,39.59873962402344,34.267303466796875,5.297040939331055,0.034396570175886154
2041-09-04,,39.5169677734375,34.26753234863281,5.2131853103637695,0.03625147417187691
2041-09-05,,39.10496139526367,34.267765045166016,5.135474681854248,-0.29827752709388733
2041-09-06,,39.36719512939453,34.26799392700195,5.063551425933838,0.0356491394340992
2041-09-07,,39.38791275024414,34.268226623535156,4.996984958648682,0.1226998120546341
2041-09-08,,39.23788833618164,34.268455505371094,4.935280799865723,0.03415101766586304
2041-09-09,,39.181697845458984,34.2686882019043,4.877878665924072,0.03512951359152794
2041-09-10,,39.12747573852539,34.268917083740234,4.824159622192383,0.034396570175886154
2041-09-11,,39.078857421875,34.26914978027344,4.773458003997803,0.03625147417187691
2041-09-12,,38.696163177490234,34.269378662109375,4.725059509277344,-0.29827752709388733
2041-09-13,,38.98347473144531,34.26961135864258,4.678214073181152,0.0356491394340992
2041-09-14,,39.024681091308594,34.26984405517578,4.632138729095459,0.1226998120546341
2041-09-15,,38.890254974365234,34.27007293701172,4.586030960083008,0.03415101766586304
2041-09-16,,38.844505310058594,34.27030563354492,4.539071559906006,0.03512951359152794
2041-09-17,,38.79536819458008,34.27053451538086,4.490435600280762,0.034396570175886154
2041-09-18,,38.746315002441406,34.27076721191406,4.439298629760742,0.03625147417187691
2041-09-19,,38.35756301879883,34.27099609375,4.384846210479736,-0.29827752709388733
2041-09-20,,38.63315963745117,34.2712287902832,4.326281547546387,0.0356491394340992
2041-09-21,,38.6569938659668,34.27145767211914,4.2628326416015625,0.1226998120546341
2041-09-22,,38.499603271484375,34.271690368652344,4.19376277923584,0.03415101766586304
2041-09-23,,38.425418853759766,34.27191925048828,4.11837100982666,0.03512951359152794
2041-09-24,,38.34255599975586,34.272151947021484,4.036008358001709,0.034396570175886154
2041-09-25,,38.25470733642578,34.27238082885742,3.946075677871704,0.03625147417187691
2041-09-26,,37.82237243652344,34.272613525390625,3.848036766052246,-0.29827752709388733
2041-09-27,,38.04991149902344,34.27284622192383,3.74141526222229,0.0356491394340992
2041-09-28,,38.02158737182617,34.273075103759766,3.625810384750366,0.1226998120546341
2041-09-29,,37.808345794677734,34.2733039855957,3.500890016555786,0.03415101766586304
2041-09-30,,37.67506408691406,34.273536682128906,3.3664000034332275,0.03512951359152794
2041-10-01,,37.530330657958984,34.27376937866211,3.2221670150756836,0.034396570175886154
2041-10-02,,37.37834930419922,34.27399826049805,3.0680978298187256,0.03625147417187691
2041-10-03,,36.880130767822266,34.27423095703125,2.9041812419891357,-0.29827752709388733
2041-10-04,,37.04059982299805,34.27445983886719,2.7304890155792236,0.0356491394340992
2041-10-05,,36.9445686340332,34.27469253540039,2.5471746921539307,0.1226998120546341
2041-10-06,,36.66354751586914,34.27492141723633,2.35447359085083,0.03415101766586304
2041-10-07,,36.46297836303711,34.27515411376953,2.1526975631713867,0.03512951359152794
2041-10-08,,36.252017974853516,34.275386810302734,1.9422370195388794,0.034396570175886154
2041-10-09,,36.03541946411133,34.27561569213867,1.7235523462295532,0.03625147417187691
2041-10-10,,35.4747428894043,34.27584457397461,1.4971755743026733,-0.29827752709388733
2041-10-11,,35.57542419433594,34.27607727050781,1.263700008392334,0.0356491394340992
2041-10-12,,35.422786712646484,34.276309967041016,1.0237783193588257,0.1226998120546341
2041-10-13,,35.08880615234375,34.27653884887695,0.7781167030334473,0.03415101766586304
2041-10-14,,34.8393669128418,34.27676773071289,0.5274669528007507,0.03512951359152794
2041-10-15,,34.58401870727539,34.277000427246094,0.27262166142463684,0.034396570175886154
2041-10-16,,34.32788848876953,34.2772331237793,0.01440637931227684,0.03625147417187691
2041-10-17,,33.73285675048828,34.277462005615234,-0.24632684886455536,-0.29827752709388733
2041-10-18,,33.80463409423828,34.27769088745117,-0.5087073445320129,0.0356491394340992
2041-10-19,,33.6287727355957,34.277923583984375,-0.7718527913093567,0.1226998120546341
2041-10-20,,33.277427673339844,34.27815628051758,-1.0348775386810303,0.03415101766586304
2041-10-21,,33.01661682128906,34.278385162353516,-1.2968978881835938,0.03512951359152794
2041-10-22,,32.7559700012207,34.27861785888672,-1.5570424795150757,0.034396570175886154
2041-10-23,,32.50064468383789,34.27885055541992,-1.814455509185791,0.03625147417187691
2041-10-24,,31.912494659423828,34.27907943725586,-2.0683064460754395,-0.29827752709388733
2041-10-25,,31.997161865234375,34.2793083190918,-2.3177967071533203,0.0356491394340992
2041-10-26,,31.840076446533203,34.279541015625,-2.562161684036255,0.1226998120546341
2041-10-27,,31.513240814208984,34.2797737121582,-2.8006818294525146,0.03415101766586304
2041-10-28,,31.282447814941406,34.28000259399414,-3.0326850414276123,0.03512951359152794
2041-10-29,,31.057079315185547,34.28023147583008,-3.2575490474700928,0.034396570175886154
2041-10-30,,30.842002868652344,34.28046417236328,-3.474712610244751,0.03625147417187691
2041-10-31,,30.298748016357422,34.280696868896484,-3.683668851852417,-0.29827752709388733
2041-11-01,,30.432598114013672,34.28092575073242,-3.8839783668518066,0.0356491394340992
2041-11-02,,30.328594207763672,34.28115463256836,-4.075263500213623,0.1226998120546341
2041-11-03,,30.05832290649414,34.28138732910156,-4.2572150230407715,0.03415101766586304
2041-11-04,,29.887157440185547,34.281620025634766,-4.42958927154541,0.03512951359152794
2041-11-05,,29.72403335571289,34.2818489074707,-4.592212677001953,0.034396570175886154
2041-11-06,,29.57335662841797,34.28207778930664,-4.744975566864014,0.03625147417187691
2041-11-07,,29.096195220947266,34.282310485839844,-4.887837886810303,-0.29827752709388733
2041-11-08,,29.29737091064453,34.28254318237305,-5.020820617675781,0.0356491394340992
2041-11-09,,29.261463165283203,34.282772064208984,-5.1440110206604,0.1226998120546341
2041-11-10,,29.05960464477539,34.28300476074219,-5.257550239562988,0.03415101766586304
2041-11-11,,28.956722259521484,34.28323745727539,-5.361642837524414,0.03512951359152794
2041-11-12,,28.861324310302734,34.28346633911133,-5.456539630889893,0.034396570175886154
2041-11-13,,28.77740478515625,34.283695220947266,-5.54254150390625,0.03625147417187691
2041-11-14,,28.36565399169922,34.28392791748047,-5.619996070861816,-0.29827752709388733
2041-11-15,,28.630523681640625,34.28416061401367,-5.689285755157471,0.0356491394340992
2041-11-16,,28.656261444091797,34.28438949584961,-5.750827789306641,0.1226998120546341
2041-11-17,,28.513702392578125,34.28461837768555,-5.805068492889404,0.03415101766586304
2041-11-18,,28.46750259399414,34.28485107421875,-5.852479457855225,0.03512951359152794
2041-11-19,,28.425933837890625,34.28508377075195,-5.893544673919678,0.034396570175886154
2041-11-20,,28.392799377441406,34.28531265258789,-5.928764343261719,0.03625147417187691
2041-11-21,,28.028623580932617,34.285545349121094,-5.958644866943359,-0.29827752709388733
2041-11-22,,28.337730407714844,34.28577423095703,-5.983694076538086,0.0356491394340992
2041-11-23,,28.404293060302734,34.286006927490234,-6.00441312789917,0.1226998120546341
2041-11-24,,28.299087524414062,34.28623580932617,-6.021297931671143,0.03415101766586304
2041-11-25,,28.28676986694336,34.286468505859375,-6.034830570220947,0.03512951359152794
2041-11-26,,28.275623321533203,34.28669738769531,-6.045472145080566,0.034396570175886154
2041-11-27,,28.269515991210938,34.286930084228516,-6.0536651611328125,0.03625147417187691
2041-11-28,,27.929058074951172,34.28715896606445,-6.0598249435424805,-0.29827752709388733
2041-11-29,,28.258697509765625,34.287391662597656,-6.064343452453613,0.0356491394340992
2041-11-30,,28.342750549316406,34.28762435913086,-6.067571640014648,0.1226998120546341
2041-12-01,,28.252166748046875,34.2878532409668,-6.069835662841797,0.03415101766586304
2041-12-02,,28.251792907714844,34.2880859375,-6.0714216232299805,0.03512951359152794
2041-12-03,,28.25012969970703,34.28831481933594,-6.072582244873047,0.034396570175886154
2041-12-04,,28.251266479492188,34.28854751586914,-6.0735297203063965,0.03625147417187691
2041-12-05,,27.91605567932129,34.28877639770508,-6.074442386627197,-0.29827752709388733
2041-12-06,,28.24919891357422,34.28900909423828,-6.075457572937012,0.0356491394340992
2041-12-07,,28.33525848388672,34.28923797607422,-6.0766801834106445,0.1226998120546341
2041-12-08,,28.245445251464844,34.28947067260742,-6.0781755447387695,0.03415101766586304
2041-12-09,,28.244850158691406,34.28969955444336,-6.07997989654541,0.03512951359152794
2041-12-10,,28.242233276367188,34.28993225097656,-6.082093715667725,0.034396570175886154
2041-12-11,,28.241924285888672,34.2901611328125,-6.084488868713379,0.03625147417187691
2041-12-12,,27.90500259399414,34.2903938293457,-6.0871124267578125,-0.29827752709388733
2041-12-13,,28.236385345458984,34.290626525878906,-6.089888095855713,0.0356491394340992
2041-12-14,,28.320838928222656,34.290855407714844,-6.092716693878174,0.1226998120546341
2041-12-15,,28.229751586914062,34.29108428955078,-6.095484256744385,0.03415101766586304
2041-12-16,,28.228382110595703,34.291316986083984,-6.098062515258789,0.03512951359152794
2041-12-17,,28.225631713867188,34.29154968261719,-6.100314140319824,0.034396570175886154
2041-12-18,,28.225936889648438,34.291778564453125,-6.102094650268555,0.03625147417187691
2041-12-19,,27.890472412109375,34.29201126098633,-6.103260040283203,-0.29827752709388733
2041-12-20,,28.224224090576172,34.292240142822266,-6.103665351867676,0.0356491394340992
2041-12-21,,28.312000274658203,34.29247283935547,-6.103172302246094,0.1226998120546341
2041-12-22,,28.225204467773438,34.292701721191406,-6.101648807525635,0.03415101766586304
2041-12-23,,28.229087829589844,34.29293441772461,-6.098975658416748,0.03512951359152794
2041-12-24,,28.232513427734375,34.29316711425781,-6.095048904418945,0.034396570175886154
2041-12-25,,28.239864349365234,34.29339599609375,-6.089782238006592,0.03625147417187691
2041-12-26,,27.912242889404297,34.29362487792969,-6.08310604095459,-0.29827752709388733
2041-12-27,,28.254528045654297,34.29385757446289,-6.074975490570068,0.0356491394340992
2041-12-28,,28.351421356201172,34.294090270996094,-6.065365314483643,0.1226998120546341
2041-12-29,,28.274188995361328,34.29431915283203,-6.054280757904053,0.03415101766586304
2041-12-30,,28.287933349609375,34.29454803466797,-6.041746616363525,0.03512951359152794
2041-12-31,,28.301361083984375,34.29478073120117,-6.027814865112305,0.034396570175886154
2042-01-01,,28.31869888305664,34.295013427734375,-6.0125651359558105,0.03625147417187691
2042-01-02,,28.000865936279297,34.29524230957031,-5.996099948883057,-0.29827752709388733
2042-01-03,,28.35257339477539,34.29547119140625,-5.978549003601074,0.0356491394340992
2042-01-04,,28.458343505859375,34.29570388793945,-5.960063457489014,0.1226998120546341
2042-01-05,,28.389270782470703,34.295936584472656,-5.9408159255981445,0.03415101766586304
2042-01-06,,28.410297393798828,34.296165466308594,-5.920998573303223,0.03512951359152794
2042-01-07,,28.429973602294922,34.2963981628418,-5.900821208953857,0.034396570175886154
2042-01-08,,28.452373504638672,34.296627044677734,-5.880507469177246,0.03625147417187691
2042-01-09,,28.138286590576172,34.29685974121094,-5.860294818878174,-0.29827752709388733
2042-01-10,,28.492313385009766,34.297088623046875,-5.840426445007324,0.0356491394340992
2042-01-11,,28.59886932373047,34.29732131958008,-5.821152210235596,0.1226998120546341
2042-01-12,,28.528980255126953,34.29755401611328,-5.8027238845825195,0.03415101766586304
2042-01-13,,28.547523498535156,34.29778289794922,-5.7853899002075195,0.03512951359152794
2042-01-14,,28.56301498413086,34.298011779785156,-5.769392490386963,0.034396570175886154
2042-01-15,,28.57952880859375,34.29824447631836,-5.754968166351318,0.03625147417187691
2042-01-16,,28.257862091064453,34.29847717285156,-5.742337703704834,-0.29827752709388733
2042-01-17,,28.60265350341797,34.2987060546875,-5.73170280456543,0.0356491394340992
2042-01-18,,28.698383331298828,34.29893493652344,-5.723251819610596,0.1226998120546341
2042-01-19,,28.616172790527344,34.29916763305664,-5.717145919799805,0.03415101766586304
2042-01-20,,28.62100601196289,34.299400329589844,-5.713521480560303,0.03512951359152794
2042-01-21,,28.621540069580078,34.29962921142578,-5.712485313415527,0.034396570175886154
2042-01-22,,28.621997833251953,34.29985809326172,-5.714113712310791,0.03625147417187691
2042-01-23,,28.283363342285156,34.30009078979492,-5.7184529304504395,-0.29827752709388733
2042-01-24,,28.610462188720703,34.300323486328125,-5.725508689880371,0.0356491394340992
2042-01-25,,28.68799591064453,34.30055236816406,-5.735257148742676,0.1226998120546341
2042-01-26,,28.587299346923828,34.300785064697266,-5.747636318206787,0.03415101766586304
2042-01-27,,28.57360076904297,34.3010139465332,-5.762545108795166,0.03512951359152794
2042-01-28,,28.55579376220703,34.301246643066406,-5.779850006103516,0.034396570175886154
2042-01-29,,28.538349151611328,34.301475524902344,-5.799378871917725,0.03625147417187691
2042-01-30,,28.182504653930664,34.30170822143555,-5.820925712585449,-0.29827752709388733
2042-01-31,,28.493335723876953,34.30194091796875,-5.844252586364746,0.0356491394340992
2042-02-01,,28.55577850341797,34.30216979980469,-5.869089126586914,0.1226998120546341
2042-02-02,,28.44141387939453,34.302398681640625,-5.895136833190918,0.03415101766586304
2042-02-03,,28.415691375732422,34.30263137817383,-5.922071933746338,0.03512951359152794
2042-02-04,,28.387710571289062,34.30286407470703,-5.94954776763916,0.034396570175886154
2042-02-05,,28.362140655517578,34.30309295654297,-5.977202415466309,0.03625147417187691
2042-02-06,,28.00039291381836,34.30332565307617,-6.004654407501221,-0.29827752709388733
2042-02-07,,28.307689666748047,34.30355453491211,-6.031516075134277,0.0356491394340992
2042-02-08,,28.369094848632812,34.30378723144531,-6.057390213012695,0.1226998120546341
2042-02-09,,28.25628662109375,34.30401611328125,-6.08188009262085,0.03415101766586304
2042-02-10,,28.234783172607422,34.30424880981445,-6.104593753814697,0.03512951359152794
2042-02-11,,28.213729858398438,34.30447769165039,-6.125145435333252,0.034396570175886154
2042-02-12,,28.197797775268555,34.304710388183594,-6.143163204193115,0.03625147417187691
2042-02-13,,27.84836769104004,34.30493927001953,-6.158294200897217,-0.29827752709388733
2042-02-14,,28.17061424255371,34.305171966552734,-6.170206546783447,0.0356491394340992
2042-02-15,,28.249507904052734,34.30540084838867,-6.178594589233398,0.1226998120546341
2042-02-16,,28.156597137451172,34.305633544921875,-6.183187961578369,0.03415101766586304
2042-02-17,,28.157249450683594,34.30586624145508,-6.183745384216309,0.03512951359152794
2042-02-18,,28.160419464111328,34.306095123291016,-6.180071830749512,0.034396570175886154
2042-02-19,,28.170568466186523,34.30632781982422,-6.172009468078613,0.03625147417187691
2042-02-20,,27.848831176757812,34.306556701660156,-6.159448623657227,-0.29827752709388733
2042-02-21,,28.200111389160156,34.30678939819336,-6.142326354980469,0.0356491394340992
2042-02-22,,28.309093475341797,34.3070182800293,-6.120626926422119,0.1226998120546341
2042-02-23,,28.247013092041016,34.3072509765625,-6.094388484954834,0.03415101766586304
2042-02-24,,28.278907775878906,34.30747985839844,-6.06370210647583,0.03512951359152794
2042-02-25,,28.313404083251953,34.30771255493164,-6.0287065505981445,0.034396570175886154
2042-02-26,,28.354598999023438,34.30794143676758,-5.98959493637085,0.03625147417187691
2042-02-27,,28.06328582763672,34.30817413330078,-5.946610927581787,-0.29827752709388733
2042-02-28,,28.444007873535156,34.308406829833984,-5.9000468254089355,0.0356491394340992
2042-03-01,,28.581096649169922,34.30863571166992,-5.850240230560303,0.1226998120546341
2042-03-02,,28.54544448852539,34.30886459350586,-5.797573566436768,0.03415101766586304
2042-03-03,,28.60175323486328,34.30909729003906,-5.742471218109131,0.03512951359152794
2042-03-04,,28.65833282470703,34.309329986572266,-5.685393333435059,0.034396570175886154
2042-03-05,,28.718982696533203,34.3095588684082,-5.626830101013184,0.03625147417187691
2042-03-06,,28.444210052490234,34.30978775024414,-5.567302227020264,-0.29827752709388733
2042-03-07,,28.838321685791016,34.310020446777344,-5.507347583770752,0.0356491394340992
2042-03-08,,28.985424041748047,34.31025314331055,-5.447526931762695,0.1226998120546341
2042-03-09,,28.95623016357422,34.310482025146484,-5.388403415679932,0.03415101766586304
2042-03-10,,29.01529312133789,34.31071472167969,-5.330550670623779,0.03512951359152794
2042-03-11,,29.07080841064453,34.310943603515625,-5.274534225463867,0.034396570175886154
2042-03-12,,29.126514434814453,34.31117630004883,-5.220911502838135,0.03625147417187691
2042-03-13,,28.84290313720703,34.311405181884766,-5.170224666595459,-0.29827752709388733
2042-03-14,,29.224292755126953,34.31163787841797,-5.12299108505249,0.0356491394340992
2042-03-15,,29.354869842529297,34.31187057495117,-5.079697132110596,0.1226998120546341
2042-03-16,,29.30545425415039,34.31209945678711,-5.040797233581543,0.03415101766586304
2042-03-17,,29.340763092041016,34.31232833862305,-5.0066986083984375,0.03512951359152794
2042-03-18,,29.369197845458984,34.31256103515625,-4.97775936126709,0.034396570175886154
2042-03-19,,29.394760131835938,34.31279373168945,-4.954285144805908,0.03625147417187691
2042-03-20,,29.078224182128906,34.31302261352539,-4.936522006988525,-0.29827752709388733
2042-03-21,,29.42425537109375,34.31325149536133,-4.924646377563477,0.0356491394340992
2042-03-22,,29.517414093017578,34.31348419189453,-4.918771743774414,0.1226998120546341
2042-03-23,,29.428932189941406,34.313716888427734,-4.918935298919678,0.03415101766586304
2042-03-24,,29.42397689819336,34.31394577026367,-4.925097942352295,0.03512951359152794
2042-03-25,,29.411426544189453,34.31417465209961,-4.937145233154297,0.034396570175886154
2042-03-26,,29.39577865600586,34.31440734863281,-4.954881191253662,0.03625147417187691
2042-03-27,,29.038333892822266,34.314640045166016,-4.978027820587158,-0.29827752709388733
2042-03-28,,29.344287872314453,34.31486892700195,-5.00623083114624,0.0356491394340992
2042-03-29,,29.398746490478516,34.315101623535156,-5.039051532745361,0.1226998120546341
2042-03-30,,29.273509979248047,34.315330505371094,-5.075974464416504,0.03415101766586304
2042-03-31,,29.234283447265625,34.3155632019043,-5.116410732269287,0.03512951359152794
2042-04-01,,29.19049835205078,34.315792083740234,-5.159692764282227,0.034396570175886154
2042-04-02,,29.147186279296875,34.31602478027344,-5.205090522766113,0.03625147417187691
2042-04-03,,28.76617431640625,34.31625747680664,-5.251804828643799,-0.29827752709388733
2042-04-04,,29.05315399169922,34.31648635864258,-5.298980236053467,0.0356491394340992
2042-04-05,,29.093708038330078,34.316715240478516,-5.345707893371582,0.1226998120546341
2042-04-06,,28.960067749023438,34.31694793701172,-5.391031265258789,0.03415101766586304
2042-04-07,,28.918354034423828,34.31718063354492,-5.433956623077393,0.03512951359152794
2042-04-08,,28.87834930419922,34.31740951538086,-5.473458290100098,0.034396570175886154
2042-04-09,,28.845401763916016,34.3176383972168,-5.508488178253174,0.03625147417187691
2042-04-10,,28.481609344482422,34.31787109375,-5.537984371185303,-0.29827752709388733
2042-04-11,,28.792877197265625,34.3181037902832,-5.560876369476318,0.0356491394340992
2042-04-12,,28.864933013916016,34.31833267211914,-5.576100826263428,0.1226998120546341
2042-04-13,,28.77010726928711,34.318565368652344,-5.582608699798584,0.03415101766586304
2042-04-14,,28.774559020996094,34.31879425048828,-5.579367160797119,0.03512951359152794
2042-04-15,,28.788043975830078,34.319026947021484,-5.565380096435547,0.034396570175886154
2042-04-16,,28.815818786621094,34.31925582885742,-5.539689064025879,0.03625147417187691
2042-04-17,,28.519821166992188,34.319488525390625,-5.501388072967529,-0.29827752709388733
2042-04-18,,28.905738830566406,34.31971740722656,-5.449626922607422,0.0356491394340992
2042-04-19,,29.059024810791016,34.319950103759766,-5.383622646331787,0.1226998120546341
2042-04-20,,29.051666259765625,34.3201789855957,-5.302667140960693,0.03415101766586304
2042-04-21,,29.149410247802734,34.320411682128906,-5.2061309814453125,0.03512951359152794
2042-04-22,,29.26156234741211,34.32064437866211,-5.09347677230835,0.034396570175886154
2042-04-23,,29.392864227294922,34.32087326049805,-4.964259147644043,0.03625147417187691
2042-04-24,,29.204696655273438,34.32110595703125,-4.818131923675537,-0.29827752709388733
2042-04-25,,29.702133178710938,34.32133483886719,-4.654852390289307,0.0356491394340992
2042-04-26,,29.96997833251953,34.32156753540039,-4.4742865562438965,0.1226998120546341
2042-04-27,,30.079540252685547,34.321800231933594,-4.276407718658447,0.03415101766586304
2042-04-28,,30.295852661132812,34.32202911376953,-4.061304092407227,0.03512951359152794
2042-04-29,,30.527481079101562,34.32225799560547,-3.829174041748047,0.034396570175886154
2042-04-30,,30.778411865234375,34.32249069213867,-3.580329179763794,0.03625147417187691
2042-05-01,,30.709251403808594,34.32271957397461,-3.3151919841766357,-0.29827752709388733
2042-05-02,,31.32430648803711,34.32295227050781,-3.0342960357666016,0.0356491394340992
2042-05-03,,31.707603454589844,34.32318115234375,-2.7382781505584717,0.1226998120546341
2042-05-04,,31.929683685302734,34.32341384887695,-2.427880048751831,0.03415101766586304
2042-05-05,,32.25483703613281,34.323646545410156,-2.103940010070801,0.03512951359152794
2042-05-06,,32.59088134765625,34.323875427246094,-1.7673895359039307,0.034396570175886154
2042-05-07,,32.94111251831055,34.32410430908203,-1.419243335723877,0.03625147417187691
2042-05-08,,32.96546173095703,34.324337005615234,-1.0605965852737427,-0.29827752709388733
2042-05-09,,33.6676025390625,34.32456970214844,-0.6926134824752808,0.0356491394340992
2042-05-10,,34.13097381591797,34.324798583984375,-0.3165230453014374,0.1226998120546341
2042-05-11,,34.42557907104492,34.32503128051758,0.06639692187309265,0.03415101766586304
2042-05-12,,34.81521224975586,34.325260162353516,0.4548226296901703,0.03512951359152794
2042-05-13,,35.2072868347168,34.32549285888672,0.84739750623703,0.034396570175886154
2042-05-14,,35.604713439941406,34.325721740722656,1.2427401542663574,0.03625147417187691
2042-05-15,,35.66713333129883,34.32595443725586,1.6394578218460083,-0.29827752709388733
2042-05-16,,36.39799118041992,34.32618713378906,2.0361552238464355,0.0356491394340992
2042-05-17,,36.88056182861328,34.326416015625,2.431443214416504,0.1226998120546341
2042-05-18,,37.18475341796875,34.32664489746094,2.823953866958618,0.03415101766586304
2042-05-19,,37.5743522644043,34.32687759399414,3.2123451232910156,0.03512951359152794
2042-05-20,,37.95682144165039,34.327110290527344,3.595313787460327,0.034396570175886154
2042-05-21,,38.3351936340332,34.32733917236328,3.9716055393218994,0.03625147417187691
2042-05-22,,38.36931610107422,34.32756805419922,4.340022087097168,-0.29827752709388733
2042-05-23,,39.06288146972656,34.32780075073242,4.699433326721191,0.0356491394340992
2042-05-24,,39.49951171875,34.328033447265625,5.0487799644470215,0.1226998120546341
2042-05-25,,39.74949645996094,34.32826232910156,5.387083530426025,0.03415101766586304
2042-05-26,,40.07707977294922,34.3284912109375,5.713454723358154,0.03512951359152794
2042-05-27,,40.390220642089844,34.3287239074707,6.027099132537842,0.034396570175886154
2042-05-28,,40.69252014160156,34.328956604003906,6.3273138999938965,0.03625147417187691
2042-05-29,,40.64441680908203,34.329185485839844,6.61350679397583,-0.29827752709388733
2042-05-30,,41.250247955322266,34.32941818237305,6.885184288024902,0.0356491394340992
2042-05-31,,41.59431076049805,34.32965087890625,7.14196252822876,0.1226998120546341
2042-06-01,,41.747596740722656,34.32987976074219,7.383565425872803,0.03415101766586304
2042-06-02,,41.975067138671875,34.330108642578125,7.609827518463135,0.03512951359152794
2042-06-03,,42.1854248046875,34.33034133911133,7.820687294006348,0.034396570175886154
2042-06-04,,42.38301467895508,34.33057403564453,8.016190528869629,0.03625147417187691
2042-06-05,,42.2290153503418,34.33080291748047,8.196488380432129,-0.29827752709388733
2042-06-06,,42.728511810302734,34.331031799316406,8.36182975769043,0.0356491394340992
2042-06-07,,42.96652603149414,34.33126449584961,8.512558937072754,0.1226998120546341
2042-06-08,,43.01475524902344,34.33149719238281,8.649107933044434,0.03415101766586304
2042-06-09,,43.138851165771484,34.33172607421875,8.771994590759277,0.03512951359152794
2042-06-10,,43.2481689453125,34.33195495605469,8.881817817687988,0.034396570175886154
2042-06-11,,43.347679138183594,34.33218765258789,8.979238510131836,0.03625147417187691
2042-06-12,,43.09912109375,34.332420349121094,9.064981460571289,-0.29827752709388733
2042-06-13,,43.50812911987305,34.33264923095703,9.1398286819458,0.0356491394340992
2042-06-14,,43.66018295288086,34.33287811279297,9.20460319519043,0.1226998120546341
2042-06-15,,43.62742614746094,34.33311080932617,9.260161399841309,0.03415101766586304
2042-06-16,,43.675865173339844,34.333343505859375,9.307392120361328,0.03512951359152794
2042-06-17,,43.71516418457031,34.33357238769531,9.34719467163086,0.034396570175886154
2042-06-18,,43.75053405761719,34.333805084228516,9.380477905273438,0.03625147417187691
2042-06-19,,43.44390869140625,34.33403778076172,9.408150672912598,-0.29827752709388733
2042-06-20,,43.801021575927734,34.334266662597656,9.431106567382812,0.0356491394340992
2042-06-21,,43.90741729736328,34.334495544433594,9.450220108032227,0.1226998120546341
2042-06-22,,43.8352165222168,34.3347282409668,9.466337203979492,0.03415101766586304
2042-06-23,,43.85035705566406,34.3349609375,9.480267524719238,0.03512951359152794
2042-06-24,,43.862361907958984,34.33518981933594,9.492775917053223,0.034396570175886154
2042-06-25,,43.876243591308594,34.335418701171875,9.504573822021484,0.03625147417187691
2042-06-26,,43.553688049316406,34.33565139770508,9.516312599182129,-0.29827752709388733
2042-06-27,,43.90011978149414,34.33588409423828,9.528587341308594,0.0356491394340992
2042-06-28,,44.00072479248047,34.33611297607422,9.541910171508789,0.1226998120546341
2042-06-29,,43.92723083496094,34.33634567260742,9.556733131408691,0.03415101766586304
2042-06-30,,43.94512939453125,34.33657455444336,9.57342529296875,0.03512951359152794
2042-07-01,,43.96347427368164,34.33680725097656,9.59227466583252,0.034396570175886154
2042-07-02,,43.986778259277344,34.3370361328125,9.613489151000977,0.03625147417187691
2042-07-03,,43.67619323730469,34.3372688293457,9.637201309204102,-0.29827752709388733
2042-07-04,,44.036598205566406,34.33749771118164,9.66344928741455,0.0356491394340992
2042-07-05,,44.15263366699219,34.337730407714844,9.692204475402832,0.1226998120546341
2042-07-06,,44.095458984375,34.33795928955078,9.723347663879395,0.03415101766586304
2042-07-07,,44.13001251220703,34.338191986083984,9.75669002532959,0.03512951359152794
2042-07-08,,44.16478729248047,34.33842468261719,9.79196834564209,0.034396570175886154
2042-07-09,,44.20375061035156,34.338653564453125,9.828847885131836,0.03625147417187691
2042-07-10,,43.90754699707031,34.33888626098633,9.866939544677734,-0.29827752709388733
2042-07-11,,44.280548095703125,34.339115142822266,9.905783653259277,0.0356491394340992
2042-07-12,,44.406925201416016,34.33934783935547,9.944878578186035,0.1226998120546341
2042-07-13,,44.35740280151367,34.339576721191406,9.983673095703125,0.03415101766586304
2042-07-14,,44.396522521972656,34.33980941772461,10.021584510803223,0.03512951359152794
2042-07-15,,44.43242645263672,34.34003829956055,10.057989120483398,0.034396570175886154
2042-07-16,,44.46877670288086,34.34027099609375,10.092253684997559,0.03625147417187691
2042-07-17,,44.16594314575195,34.34049987792969,10.1237211227417,-0.29827752709388733
2042-07-18,,44.528114318847656,34.34073257446289,10.151731491088867,0.0356491394340992
2042-07-19,,44.63928985595703,34.34096145629883,10.175626754760742,0.1226998120546341
2042-07-20,,44.57011032104492,34.34119415283203,10.194765090942383,0.03415101766586304
2042-07-21,,44.58506774902344,34.341426849365234,10.208511352539062,0.03512951359152794
2042-07-22,,44.592323303222656,34.34165573120117,10.216267585754395,0.034396570175886154
2042-07-23,,44.59560012817383,34.34188461303711,10.217459678649902,0.03625147417187691
2042-07-24,,44.255401611328125,34.34211730957031,10.211562156677246,-0.29827752709388733
2042-07-25,,44.57609176635742,34.342350006103516,10.198091506958008,0.0356491394340992
2042-07-26,,44.641902923583984,34.34257888793945,10.176624298095703,0.1226998120546341
2042-07-27,,44.523746490478516,34.342811584472656,10.1467866897583,0.03415101766586304
2042-07-28,,44.48644256591797,34.343040466308594,10.108272552490234,0.03512951359152794
2042-07-29,,44.43851089477539,34.3432731628418,10.060843467712402,0.034396570175886154
2042-07-30,,44.384090423583984,34.343502044677734,10.00433349609375,0.03625147417187691
2042-07-31,,43.98410415649414,34.34373474121094,9.938650131225586,-0.29827752709388733
2042-08-01,,44.24338150024414,34.34396743774414,9.863767623901367,0.0356491394340992
2042-08-02,,44.24664306640625,34.34419631958008,9.779746055603027,0.1226998120546341
2042-08-03,,44.06529998779297,34.344425201416016,9.686723709106445,0.03415101766586304
2042-08-04,,43.964691162109375,34.34465789794922,9.584905624389648,0.03512951359152794
2042-08-05,,43.853858947753906,34.34489059448242,9.474575996398926,0.034396570175886154
2042-08-06,,43.737457275390625,34.34511947631836,9.356088638305664,0.03625147417187691
2042-08-07,,43.276939392089844,34.3453483581543,9.229867935180664,-0.29827752709388733
2042-08-08,,43.477630615234375,34.3455810546875,9.096403121948242,0.0356491394340992
2042-08-09,,43.42475509643555,34.3458137512207,8.956243515014648,0.1226998120546341
2042-08-10,,43.190185546875,34.34604263305664,8.809988975524902,0.03415101766586304
2042-08-11,,43.039695739746094,34.34627151489258,8.658293724060059,0.03512951359152794
2042-08-12,,42.88275909423828,34.34650421142578,8.50185489654541,0.034396570175886154
2042-08-13,,42.724388122558594,34.346736907958984,8.341401100158691,0.03625147417187691
2042-08-14,,42.226383209228516,34.34696578979492,8.177695274353027,-0.29827752709388733
2042-08-15,,42.39435958862305,34.347198486328125,8.011515617370605,0.0356491394340992
2042-08-16,,42.31378936767578,34.34742736816406,7.843660354614258,0.1226998120546341
2042-08-17,,42.056732177734375,34.347660064697266,7.674922943115234,0.03415101766586304
2042-08-18,,41.88912582397461,34.3478889465332,7.506107330322266,0.03512951359152794
2042-08-19,,41.720516204833984,34.348121643066406,7.337996006011963,0.034396570175886154
2042-08-20,,41.55596160888672,34.34835433959961,7.171358585357666,0.03625147417187691
2042-08-21,,41.0572395324707,34.34858322143555,7.006937026977539,-0.29827752709388733
2042-08-22,,41.22990036010742,34.348812103271484,6.8454365730285645,0.0356491394340992
2042-08-23,,41.159271240234375,34.34904479980469,6.687525272369385,0.1226998120546341
2042-08-24,,40.9172477722168,34.34927749633789,6.53381872177124,0.03415101766586304
2042-08-25,,40.7695198059082,34.34950637817383,6.384883403778076,0.03512951359152794
2042-08-26,,40.6253547668457,34.349735260009766,6.241222858428955,0.034396570175886154
2042-08-27,,40.489498138427734,34.34996795654297,6.103275775909424,0.03625147417187691
2042-08-28,,40.02333068847656,34.35020065307617,5.971411228179932,-0.29827752709388733
2042-08-29,,40.23200225830078,34.35042953491211,5.84592342376709,0.0356491394340992
2042-08-30,,40.20039367675781,34.35066223144531,5.727031230926514,0.1226998120546341
2042-08-31,,39.999916076660156,34.35089111328125,5.614873886108398,0.03415101766586304
2042-09-01,,39.8957633972168,34.35112380981445,5.509511947631836,0.03512951359152794
2042-09-02,,39.79667282104492,34.35135269165039,5.410921573638916,0.034396570175886154
2042-09-03,,39.70683670043945,34.351585388183594,5.318999290466309,0.03625147417187691
2042-09-04,,39.28710174560547,34.35181427001953,5.233561038970947,-0.29827752709388733
2042-09-05,,39.54204177856445,34.352046966552734,5.15434455871582,0.0356491394340992
2042-09-06,,39.55598831176758,34.35227584838867,5.081011772155762,0.1226998120546341
2042-09-07,,39.399810791015625,34.352508544921875,5.013150691986084,0.03415101766586304
2042-09-08,,39.33815002441406,34.35274124145508,4.950279712677002,0.03512951359152794
2042-09-09,,39.27922439575195,34.352970123291016,4.891857624053955,0.034396570175886154
2042-09-10,,39.22673034667969,34.35319900512695,4.837279796600342,0.03625147417187691
2042-09-11,,38.84104537963867,34.353431701660156,4.785889148712158,-0.29827752709388733
2042-09-12,,39.12629318237305,34.35366439819336,4.736983299255371,0.0356491394340992
2042-09-13,,39.16641616821289,34.3538932800293,4.689821720123291,0.1226998120546341
2042-09-14,,39.03190612792969,34.3541259765625,4.643628120422363,0.03415101766586304
2042-09-15,,38.987091064453125,34.35435485839844,4.597604751586914,0.03512951359152794
2042-09-16,,38.939918518066406,34.35458755493164,4.550936698913574,0.034396570175886154
2042-09-17,,38.893863677978516,34.35481643676758,4.5027971267700195,0.03625147417187691
2042-09-18,,38.509132385253906,34.35504913330078,4.452362060546875,-0.29827752709388733
2042-09-19,,38.78974151611328,34.35527801513672,4.398813724517822,0.0356491394340992
2042-09-20,,38.81956100463867,34.35551071166992,4.341350555419922,0.1226998120546341
2042-09-21,,38.66908645629883,34.35573959350586,4.279194355010986,0.03415101766586304
2042-09-22,,38.602699279785156,34.35597229003906,4.2115960121154785,0.03512951359152794
2042-09-23,,38.528446197509766,34.356201171875,4.137847900390625,0.034396570175886154
2042-09-24,,38.44997024536133,34.3564338684082,4.057286262512207,0.03625147417187691
2042-09-25,,38.027687072753906,34.356666564941406,3.969298839569092,-0.29827752709388733
2042-09-26,,38.26587677001953,34.356895446777344,3.873333215713501,0.0356491394340992
2042-09-27,,38.24872589111328,34.35712814331055,3.7688989639282227,0.1226998120546341
2042-09-28,,38.047080993652344,34.357357025146484,3.6555731296539307,0.03415101766586304
2042-09-29,,37.92572784423828,34.35758972167969,3.533007860183716,0.03512951359152794
2042-09-30,,37.79314422607422,34.357818603515625,3.400930166244507,0.034396570175886154
2042-10-01,,37.653446197509766,34.35805130004883,3.2591450214385986,0.03625147417187691
2042-10-02,,37.16754150390625,34.358280181884766,3.107538938522339,-0.29827752709388733
2042-10-03,,37.340240478515625,34.35851287841797,2.9460809230804443,0.0356491394340992
2042-10-04,,37.256263732910156,34.358741760253906,2.7748215198516846,0.1226998120546341
2042-10-05,,36.98701858520508,34.35897445678711,2.5938937664031982,0.03415101766586304
2042-10-06,,36.797847747802734,34.35920715332031,2.403513193130493,0.03512951359152794
2042-10-07,,36.59780502319336,34.35943603515625,2.2039718627929688,0.034396570175886154
2042-10-08,,36.39155960083008,34.35966491699219,1.9956421852111816,0.03625147417187691
2042-10-09,,35.84058380126953,34.35989761352539,1.7789669036865234,-0.29827752709388733
2042-10-10,,35.95023727416992,34.360130310058594,1.5544596910476685,0.0356491394340992
2042-10-11,,35.80575942993164,34.36035919189453,1.3226996660232544,0.1226998120546341
2042-10-12,,35.47906494140625,34.36058807373047,1.0843254327774048,0.03415101766586304
2042-10-13,,35.23598098754883,34.36082077026367,0.8400300145149231,0.03512951359152794
2042-10-14,,34.98600387573242,34.361053466796875,0.5905541777610779,0.034396570175886154
2042-10-15,,34.734214782714844,34.36128234863281,0.3366814851760864,0.03625147417187691
2042-10-16,,34.1424674987793,34.361515045166016,0.07922972738742828,-0.29827752709388733
2042-10-17,,34.2164421081543,34.36174392700195,-0.18095466494560242,0.0356491394340992
2042-10-18,,34.04167175292969,34.361976623535156,-0.44300559163093567,0.1226998120546341
2042-10-19,,33.69031524658203,34.362205505371094,-0.7060431838035583,0.03415101766586304
2042-10-20,,33.428382873535156,34.3624382019043,-0.9691811203956604,0.03512951359152794
2042-10-21,,33.165531158447266,34.3626708984375,-1.2315349578857422,0.034396570175886154
2042-10-22,,32.90692138671875,34.36289978027344,-1.4922294616699219,0.03625147417187691
2042-10-23,,32.31444549560547,34.363128662109375,-1.7504048347473145,-0.29827752709388733
2042-10-24,,32.3937873840332,34.36336135864258,-2.0052223205566406,0.0356491394340992
2042-10-25,,32.23041915893555,34.36359405517578,-2.255875587463379,0.1226998120546341
2042-10-26,,31.896385192871094,34.36382293701172,-2.5015907287597656,0.03415101766586304
2042-10-27,,31.657546997070312,34.364051818847656,-2.7416374683380127,0.03512951359152794
2042-10-28,,31.423351287841797,34.36428451538086,-2.975330352783203,0.034396570175886154
2042-10-29,,31.198734283447266,34.36451721191406,-3.2020344734191895,0.03625147417187691
2042-10-30,,30.64529800415039,34.36474609375,-3.421172618865967,-0.29827752709388733
2042-10-31,,30.768402099609375,34.36497497558594,-3.6322247982025146,0.0356491394340992
2042-11-01,,30.653175354003906,34.36520767211914,-3.834733247756958,0.1226998120546341
2042-11-02,,30.37128448486328,34.365440368652344,-4.028306007385254,0.03415101766586304
2042-11-03,,30.188182830810547,34.36566925048828,-4.212615966796875,0.03512951359152794
2042-11-04,,30.012893676757812,34.365901947021484,-4.387404441833496,0.034396570175886154
2042-11-05,,29.84990692138672,34.36613082885742,-4.552477836608887,0.03625147417187691
2042-11-06,,29.360374450683594,34.366363525390625,-4.707712173461914,-0.29827752709388733
2042-11-07,,29.5491943359375,34.36659240722656,-4.853048801422119,0.0356491394340992
2042-11-08,,29.501026153564453,34.366825103759766,-4.988497257232666,0.1226998120546341
2042-11-09,,29.28708267211914,34.36705780029297,-5.114123821258545,0.03415101766586304
2042-11-10,,29.17235565185547,34.367286682128906,-5.230061054229736,0.03512951359152794
2042-11-11,,29.06542205810547,34.367515563964844,-5.336492538452148,0.034396570175886154
2042-11-12,,28.9703369140625,34.36774826049805,-5.433662414550781,0.03625147417187691
2042-11-13,,28.54784393310547,34.36798095703125,-5.521856784820557,-0.29827752709388733
2042-11-14,,28.802444458007812,34.36820983886719,-5.601414203643799,0.0356491394340992
2042-11-15,,28.818435668945312,34.368438720703125,-5.672706127166748,0.1226998120546341
2042-11-16,,28.66667938232422,34.36867141723633,-5.73614501953125,0.03415101766586304
2042-11-17,,28.611865997314453,34.36890411376953,-5.792167663574219,0.03512951359152794
2042-11-18,,28.56229019165039,34.36913299560547,-5.841240406036377,0.034396570175886154
2042-11-19,,28.521770477294922,34.36936569213867,-5.883846282958984,0.03625147417187691
2042-11-20,,28.150836944580078,34.36959457397461,-5.920479774475098,-0.29827752709388733
2042-11-21,,28.453826904296875,34.36982727050781,-5.951647758483887,0.0356491394340992
2042-11-22,,28.51490020751953,34.37005615234375,-5.9778571128845215,0.1226998120546341
2042-11-23,,28.404827117919922,34.37028884887695,-5.999611854553223,0.03415101766586304
2042-11-24,,28.388240814208984,34.37051773071289,-6.017409324645996,0.03512951359152794
2042-11-25,,28.3734130859375,34.370750427246094,-6.031734943389893,0.034396570175886154
2042-11-26,,28.364173889160156,34.37097930908203,-6.043056964874268,0.03625147417187691
2042-11-27,,28.021114349365234,34.371212005615234,-6.051822662353516,-0.29827752709388733
2042-11-28,,28.348636627197266,34.37144470214844,-6.0584540367126465,0.0356491394340992
2042-11-29,,28.431026458740234,34.371673583984375,-6.0633463859558105,0.1226998120546341
2042-11-30,,28.339191436767578,34.37190628051758,-6.066865921020508,0.03415101766586304
2042-12-01,,28.337921142578125,34.372135162353516,-6.0693440437316895,0.03512951359152794
2042-12-02,,28.335689544677734,34.37236785888672,-6.07107400894165,0.034396570175886154
2042-12-03,,28.336532592773438,34.37260055541992,-6.072319030761719,0.03625147417187691
2042-12-04,,28.001249313354492,34.37282943725586,-6.073302268981934,-0.29827752709388733
2042-12-05,,28.33449935913086,34.3730583190918,-6.0742082595825195,0.0356491394340992
2042-12-06,,28.42080307006836,34.373291015625,-6.075188159942627,0.1226998120546341
2042-12-07,,28.331317901611328,34.37351989746094,-6.076352119445801,0.03415101766586304
2042-12-08,,28.33110809326172,34.37375259399414,-6.077774524688721,0.03512951359152794
2042-12-09,,28.328880310058594,34.37398147583008,-6.079500198364258,0.034396570175886154
2042-12-10,,28.328929901123047,34.37421417236328,-6.081536769866943,0.03625147417187691
2042-12-11,,27.99230194091797,34.374446868896484,-6.083865642547607,-0.29827752709388733
2042-12-12,,28.32388687133789,34.37467575073242,-6.086440086364746,0.0356491394340992
2042-12-13,,28.40842056274414,34.37490463256836,-6.08918571472168,0.1226998120546341
2042-12-14,,28.317279815673828,34.37513732910156,-6.092010498046875,0.03415101766586304
2042-12-15,,28.315692901611328,34.375370025634766,-6.094804763793945,0.03512951359152794
2042-12-16,,28.31255340576172,34.3755989074707,-6.097443580627441,0.034396570175886154
2042-12-17,,28.31229019165039,34.375831604003906,-6.099789619445801,0.03625147417187691
2042-12-18,,27.97608184814453,34.376060485839844,-6.1017022132873535,-0.29827752709388733
2042-12-19,,28.30890655517578,34.37629318237305,-6.1030354499816895,0.0356491394340992
2042-12-20,,28.395580291748047,34.376522064208984,-6.103643894195557,0.1226998120546341
2042-12-21,,28.307518005371094,34.37675476074219,-6.103387355804443,0.03415101766586304
2042-12-22,,28.309982299804688,34.37698745727539,-6.102132320404053,0.03512951359152794
2042-12-23,,28.31185531616211,34.37721633911133,-6.099757671356201,0.034396570175886154
2042-12-24,,28.317543029785156,34.377445220947266,-6.096153736114502,0.03625147417187691
2042-12-25,,27.988170623779297,34.37767791748047,-6.0912299156188965,-0.29827752709388733
2042-12-26,,28.32864761352539,34.37791061401367,-6.084909439086914,0.0356491394340992
2042-12-27,,28.423694610595703,34.37813949584961,-6.077145576477051,0.1226998120546341
2042-12-28,,28.34461212158203,34.37836837768555,-6.067907810211182,0.03415101766586304
2042-12-29,,28.35654067993164,34.37860107421875,-6.057189464569092,0.03512951359152794
2042-12-30,,28.36821746826172,34.37883377075195,-6.045012950897217,0.034396570175886154
2042-12-31,,28.383892059326172,34.37906265258789,-6.031424522399902,0.03625147417187691
2043-01-01,,28.064517974853516,34.37929153442383,-6.016495704650879,-0.29827752709388733
2043-01-02,,28.414852142333984,34.37952423095703,-6.000324249267578,0.0356491394340992
2043-01-03,,28.519424438476562,34.379756927490234,-5.983031749725342,0.1226998120546341
2043-01-04,,28.44937515258789,34.37998580932617,-5.96476411819458,0.03415101766586304
2043-01-05,,28.46965789794922,34.380218505859375,-5.945689678192139,0.03512951359152794
2043-01-06,,28.488849639892578,34.38045120239258,-5.925995349884033,0.034396570175886154
2043-01-07,,28.511043548583984,34.380680084228516,-5.905886650085449,0.03625147417187691
2043-01-08,,28.197046279907227,34.38090896606445,-5.885585784912109,-0.29827752709388733
2043-01-09,,28.551464080810547,34.381141662597656,-5.865324974060059,0.0356491394340992
2043-01-10,,28.65872573852539,34.38137435913086,-5.8453474044799805,0.1226998120546341
2043-01-11,,28.58985137939453,34.3816032409668,-5.825902462005615,0.03415101766586304
2043-01-12,,28.609725952148438,34.381832122802734,-5.8072381019592285,0.03512951359152794
2043-01-13,,28.626853942871094,34.38206481933594,-5.789608001708984,0.034396570175886154
2043-01-14,,28.645294189453125,34.38229751586914,-5.773253917694092,0.03625147417187691
2043-01-15,,28.32583236694336,34.38252639770508,-5.758415222167969,-0.29827752709388733
2043-01-16,,28.673091888427734,34.38275909423828,-5.745315074920654,0.0356491394340992
2043-01-17,,28.771526336669922,34.38298797607422,-5.734163284301758,0.1226998120546341
2043-01-18,,28.692218780517578,34.38322067260742,-5.725151538848877,0.03415101766586304
2043-01-19,,28.70013427734375,34.38344955444336,-5.71844482421875,0.03512951359152794
2043-01-20,,28.703887939453125,34.3836784362793,-5.714188098907471,0.034396570175886154
2043-01-21,,28.70766830444336,34.3839111328125,-5.712496757507324,0.03625147417187691
2043-01-22,,28.372413635253906,34.3841438293457,-5.713453769683838,-0.29827752709388733
2043-01-23,,28.702911376953125,34.38437271118164,-5.7171125411987305,0.0356491394340992
2043-01-24,,28.783817291259766,34.384605407714844,-5.7234907150268555,0.1226998120546341
2043-01-25,,28.686416625976562,34.38483810424805,-5.732571125030518,0.03415101766586304
2043-01-26,,28.67589569091797,34.385066986083984,-5.74429988861084,0.03512951359152794
2043-01-27,,28.66110610961914,34.38529968261719,-5.7585883140563965,0.034396570175886154
2043-01-28,,28.646472930908203,34.385528564453125,-5.7753071784973145,0.03625147417187691
2043-01-29,,28.293182373046875,34.38576126098633,-5.794300079345703,-0.29827752709388733
2043-01-30,,28.606273651123047,34.385990142822266,-5.815362930297852,0.0356491394340992
2043-01-31,,28.670650482177734,34.3862190246582,-5.838268280029297,0.1226998120546341
2043-02-01,,28.557849884033203,34.386451721191406,-5.862752914428711,0.03415101766586304
2043-02-02,,28.533287048339844,34.38668441772461,-5.8885273933410645,0.03512951359152794
2043-02-03,,28.506038665771484,34.38691329956055,-5.915272235870361,0.034396570175886154
2043-02-04,,28.480751037597656,34.38714599609375,-5.9426469802856445,0.03625147417187691
2043-02-05,,28.118806838989258,34.38737487792969,-5.970292091369629,-0.29827752709388733
2043-02-06,,28.42542266845703,34.38760757446289,-5.99783182144165,0.0356491394340992
2043-02-07,,28.485660552978516,34.387840270996094,-6.024877071380615,0.1226998120546341
2043-02-08,,28.371185302734375,34.38806915283203,-6.0510358810424805,0.03415101766586304
2043-02-09,,28.347518920898438,34.38829803466797,-6.075908660888672,0.03512951359152794
2043-02-10,,28.323822021484375,34.38853073120117,-6.099102973937988,0.034396570175886154
2043-02-11,,28.30478286743164,34.38875961303711,-6.1202311515808105,0.03625147417187691
2043-02-12,,27.951797485351562,34.38899230957031,-6.138916969299316,-0.29827752709388733
2043-02-13,,28.270069122314453,34.389225006103516,-6.154801368713379,0.0356491394340992
2043-02-14,,28.344608306884766,34.38945388793945,-6.16754674911499,0.1226998120546341
2043-02-15,,28.246994018554688,34.389686584472656,-6.176843643188477,0.03415101766586304
2043-02-16,,28.242637634277344,34.389915466308594,-6.182408332824707,0.03512951359152794
2043-02-17,,28.24054718017578,34.3901481628418,-6.183995723724365,0.034396570175886154
2043-02-18,,28.24523162841797,34.390380859375,-6.181396961212158,0.03625147417187691
2043-02-19,,27.91788673400879,34.39060974121094,-6.174444198608398,-0.29827752709388733
2043-02-20,,28.263473510742188,34.390838623046875,-6.163015365600586,0.0356491394340992
2043-02-21,,28.36673355102539,34.39107131958008,-6.147036552429199,0.1226998120546341
2043-02-22,,28.298969268798828,34.391300201416016,-6.1264801025390625,0.03415101766586304
2043-02-23,,28.32529067993164,34.39153289794922,-6.101370334625244,0.03512951359152794
2043-02-24,,28.35437774658203,34.391761779785156,-6.071783542633057,0.034396570175886154
2043-02-25,,28.390396118164062,34.39199447631836,-6.037848949432373,0.03625147417187691
2043-02-26,,28.094200134277344,34.39222717285156,-5.999746799468994,-0.29827752709388733
2043-02-27,,28.470401763916016,34.3924560546875,-5.957705497741699,0.0356491394340992
2043-02-28,,28.603382110595703,34.39268493652344,-5.912005424499512,0.1226998120546341
2043-03-01,,28.56409454345703,34.39291763305664,-5.862975120544434,0.03415101766586304
2043-03-02,,28.617294311523438,34.393150329589844,-5.810986042022705,0.03512951359152794
2043-03-03,,28.67132568359375,34.39337921142578,-5.7564520835876465,0.034396570175886154
2043-03-04,,28.730037689208984,34.393611907958984,-5.699822425842285,0.03625147417187691
2043-03-05,,28.4539794921875,34.39384078979492,-5.641582489013672,-0.29827752709388733
2043-03-06,,28.847476959228516,34.394073486328125,-5.582245349884033,0.0356491394340992
2043-03-07,,28.99465560913086,34.39430236816406,-5.522346496582031,0.1226998120546341
2043-03-08,,28.966243743896484,34.394535064697266,-5.46243953704834,0.03415101766586304
2043-03-09,,29.026805877685547,34.39476776123047,-5.403088569641113,0.03512951359152794
2043-03-10,,29.084529876708984,34.394996643066406,-5.344864368438721,0.034396570175886154
2043-03-11,,29.143142700195312,34.395225524902344,-5.28833532333374,0.03625147417187691
2043-03-12,,28.863121032714844,34.39545822143555,-5.234062194824219,-0.29827752709388733
2043-03-13,,29.24874496459961,34.39569091796875,-5.182591915130615,0.0356491394340992
2043-03-14,,29.384170532226562,34.39591979980469,-5.1344475746154785,0.1226998120546341
2043-03-15,,29.34017562866211,34.396148681640625,-5.090125560760498,0.03415101766586304
2043-03-16,,29.381423950195312,34.39638137817383,-5.050087928771973,0.03512951359152794
2043-03-17,,29.416255950927734,34.39661407470703,-5.014752388000488,0.034396570175886154
2043-03-18,,29.44860076904297,34.39684295654297,-4.984492778778076,0.03625147417187691
2043-03-19,,29.13916778564453,34.397071838378906,-4.959627151489258,-0.29827752709388733
2043-03-20,,29.492538452148438,34.39730453491211,-4.940415859222412,0.0356491394340992
2043-03-21,,29.593181610107422,34.39753723144531,-4.927055835723877,0.1226998120546341
2043-03-22,,29.51224136352539,34.39776611328125,-4.919674396514893,0.03415101766586304
2043-03-23,,29.514801025390625,34.39799880981445,-4.918328762054443,0.03512951359152794
2043-03-24,,29.509624481201172,34.39822769165039,-4.923000335693359,0.034396570175886154
2043-03-25,,29.501121520996094,34.398460388183594,-4.933590888977051,0.03625147417187691
2043-03-26,,29.15048599243164,34.39868927001953,-4.94992733001709,-0.29827752709388733
2043-03-27,,29.462818145751953,34.398921966552734,-4.971752643585205,0.0356491394340992
2043-03-28,,29.52312469482422,34.39915466308594,-4.998729228973389,0.1226998120546341
2043-03-29,,29.403095245361328,34.399383544921875,-5.030440330505371,0.03415101766586304
2043-03-30,,29.368350982666016,34.39961242675781,-5.066390514373779,0.03512951359152794
2043-03-31,,29.328235626220703,34.399845123291016,-5.106007099151611,0.034396570175886154
2043-04-01,,29.287681579589844,34.40007781982422,-5.148644924163818,0.03625147417187691
2043-04-02,,28.908443450927734,34.400306701660156,-5.19358491897583,-0.29827752709388733
2043-04-03,,29.19614028930664,34.40053939819336,-5.240048885345459,0.0356491394340992
2043-04-04,,29.23627471923828,34.4007682800293,-5.2871928215026855,0.1226998120546341
2043-04-05,,29.101032257080078,34.4010009765625,-5.3341193199157715,0.03415101766586304
2043-04-06,,29.056472778320312,34.40122985839844,-5.379885673522949,0.03512951359152794
2043-04-07,,29.012351989746094,34.40146255493164,-5.423505783081055,0.034396570175886154
2043-04-08,,28.973983764648438,34.40169143676758,-5.46396017074585,0.03625147417187691
2043-04-09,,28.603435516357422,34.40192413330078,-5.500207901000977,-0.29827752709388733
2043-04-10,,28.9066162109375,34.40215301513672,-5.531186580657959,0.0356491394340992
2043-04-11,,28.969253540039062,34.40238571166992,-5.555831432342529,0.1226998120546341
2043-04-12,,28.863697052001953,34.40261459350586,-5.573071002960205,0.03415101766586304
2043-04-13,,28.856121063232422,34.40284729003906,-5.581855297088623,0.03512951359152794
2043-04-14,,28.856327056884766,34.403079986572266,-5.581146240234375,0.034396570175886154
2043-04-15,,28.869625091552734,34.4033088684082,-5.569937229156494,0.03625147417187691
2043-04-16,,28.558002471923828,34.403541564941406,-5.54725980758667,-0.29827752709388733
2043-04-17,,28.927227020263672,34.403770446777344,-5.51219367980957,0.0356491394340992
2043-04-18,,29.062828063964844,34.40400314331055,-5.463873386383057,0.1226998120546341
2043-04-19,,29.036884307861328,34.404232025146484,-5.401500225067139,0.03415101766586304
2043-04-20,,29.115249633789062,34.40446472167969,-5.324343681335449,0.03512951359152794
2043-04-21,,29.207332611083984,34.404693603515625,-5.231756687164307,0.034396570175886154
2043-04-22,,29.31800079345703,34.40492630004883,-5.123178005218506,0.03625147417187691
2043-04-23,,29.108741760253906,34.405155181884766,-4.998137474060059,-0.29827752709388733
2043-04-24,,29.58477020263672,34.40538787841797,-4.856264114379883,0.0356491394340992
2043-04-25,,29.83102798461914,34.40562057495117,-4.697289943695068,0.1226998120546341
2043-04-26,,29.918949127197266,34.40584945678711,-4.521052360534668,0.03415101766586304
2043-04-27,,30.113712310791016,34.40607833862305,-4.327497959136963,0.03512951359152794
2043-04-28,,30.324020385742188,34.40631103515625,-4.1166863441467285,0.034396570175886154
2043-04-29,,30.55400848388672,34.40654373168945,-3.8887875080108643,0.03625147417187691
2043-04-30,,30.46440887451172,34.40677261352539,-3.6440858840942383,-0.29827752709388733
2043-05-01,,31.059677124023438,34.40700149536133,-3.382976531982422,0.0356491394340992
2043-05-02,,31.423969268798828,34.40723419189453,-3.105964183807373,0.1226998120546341
2043-05-03,,31.62795639038086,34.407466888427734,-2.8136608600616455,0.03415101766586304
2043-05-04,,31.93604278564453,34.40769577026367,-2.5067834854125977,0.03512951359152794
2043-05-05,,32.25617599487305,34.407928466796875,-2.186145544052124,0.034396570175886154
2043-05-06,,32.59175491333008,34.40815734863281,-1.8526549339294434,0.03625147417187691
2043-05-07,,32.602806091308594,34.408390045166016,-1.5073084831237793,-0.29827752709388733
2043-05-08,,33.2930908203125,34.40861892700195,-1.1511799097061157,0.0356491394340992
2043-05-09,,33.746131896972656,34.408851623535156,-0.7854189872741699,0.1226998120546341
2043-05-10,,34.03199768066406,34.40908432006836,-0.41123655438423157,0.03415101766586304
2043-05-11,,34.41454315185547,34.4093132019043,-0.02990095131099224,0.03512951359152794
2043-05-12,,34.80121612548828,34.409542083740234,0.35727405548095703,0.034396570175886154
2043-05-13,,35.19496536254883,34.40977478027344,0.748940110206604,0.03625147417187691
2043-05-14,,35.25545120239258,34.41000747680664,1.1437208652496338,-0.29827752709388733
2043-05-15,,35.98611068725586,34.41023635864258,1.5402257442474365,0.0356491394340992
2043-05-16,,36.4702262878418,34.410465240478516,1.9370585680007935,0.1226998120546341
2043-05-17,,36.777679443359375,34.41069793701172,2.332828998565674,0.03415101766586304
2043-05-18,,37.17222213745117,34.41093063354492,2.726161241531372,0.03512951359152794
2043-05-19,,37.56126403808594,34.41115951538086,3.1157050132751465,0.034396570175886154
2043-05-20,,37.94778823852539,34.4113883972168,3.5001487731933594,0.03625147417187691
2043-05-21,,37.99156951904297,34.41162109375,3.8782248497009277,-0.29827752709388733
2043-05-22,,38.69622039794922,34.4118537902832,4.248719692230225,0.0356491394340992
2043-05-23,,39.145267486572266,34.41208267211914,4.610484600067139,0.1226998120546341
2043-05-24,,39.40890884399414,34.412315368652344,4.962441444396973,0.03415101766586304
2043-05-25,,39.75127029418945,34.41254425048828,5.303593158721924,0.03512951359152794
2043-05-26,,40.0802001953125,34.412776947021484,5.633026599884033,0.034396570175886154
2043-05-27,,40.3991813659668,34.41300582885742,5.94992208480835,0.03625147417187691
2043-05-28,,40.36851501464844,34.413238525390625,6.253554344177246,-0.29827752709388733
2043-05-29,,40.9924201965332,34.41347122192383,6.543302059173584,0.0356491394340992
2043-05-30,,41.35504913330078,34.413700103759766,6.8186492919921875,0.1226998120546341
2043-05-31,,41.52726364135742,34.4139289855957,7.079181671142578,0.03415101766586304
2043-06-01,,41.77389144897461,34.414161682128906,7.324598789215088,0.03512951359152794
2043-06-02,,42.00349426269531,34.41439437866211,7.5547051429748535,0.034396570175886154
2043-06-03,,42.22029113769531,34.41462326049805,7.769415378570557,0.03625147417187691
2043-06-04,,42.085323333740234,34.414852142333984,7.968747138977051,-0.29827752709388733
2043-06-05,,42.60356140136719,34.41508483886719,8.152828216552734,0.0356491394340992
2043-06-06,,42.859893798828125,34.41531753540039,8.321878433227539,0.1226998120546341
2043-06-07,,42.92592239379883,34.41554641723633,8.476223945617676,0.03415101766586304
2043-06-08,,43.06718063354492,34.41577911376953,8.61627197265625,0.03512951359152794
2043-06-09,,43.192928314208984,34.41600799560547,8.742522239685059,0.034396570175886154
2043-06-10,,43.30804443359375,34.41624069213867,8.855552673339844,0.03625147417187691
2043-06-11,,43.07419967651367,34.41646957397461,8.95600700378418,-0.29827752709388733
2043-06-12,,43.496952056884766,34.41670227050781,9.044598579406738,0.0356491394340992
2043-06-13,,43.66172790527344,34.41693115234375,9.12209415435791,0.1226998120546341
2043-06-14,,43.640621185302734,34.41716384887695,9.18930721282959,0.03415101766586304
2043-06-15,,43.69961166381836,34.41739273071289,9.247088432312012,0.03512951359152794
2043-06-16,,43.74833679199219,34.417625427246094,9.296316146850586,0.034396570175886154
2043-06-17,,43.79199981689453,34.4178581237793,9.337890625,0.03625147417187691
2043-06-18,,43.492530822753906,34.418087005615234,9.372718811035156,-0.29827752709388733
2043-06-19,,43.85567855834961,34.41831970214844,9.40170955657959,0.0356491394340992
2043-06-20,,43.967010498046875,34.418548583984375,9.425760269165039,0.1226998120546341
2043-06-21,,43.898685455322266,34.41878128051758,9.445754051208496,0.03415101766586304
2043-06-22,,43.91667938232422,34.419010162353516,9.462542533874512,0.03512951359152794
2043-06-23,,43.93058776855469,34.41924285888672,9.476946830749512,0.034396570175886154
2043-06-24,,43.94546890258789,34.419471740722656,9.48974323272705,0.03625147417187691
2043-06-25,,43.623077392578125,34.41970443725586,9.501653671264648,-0.29827752709388733
2043-06-26,,43.96893310546875,34.4199333190918,9.513350486755371,0.0356491394340992
2043-06-27,,44.06830596923828,34.420166015625,9.525439262390137,0.1226998120546341
2043-06-28,,43.993003845214844,34.42039489746094,9.538455963134766,0.03415101766586304
2043-06-29,,44.00862121582031,34.42062759399414,9.552865982055664,0.03512951359152794
2043-06-30,,44.024314880371094,34.420860290527344,9.569058418273926,0.034396570175886154
2043-07-01,,44.04468536376953,34.42108917236328,9.587347030639648,0.03625147417187691
2043-07-02,,43.73099899291992,34.42131805419922,9.607956886291504,-0.29827752709388733
2043-07-03,,44.088233947753906,34.42155075073242,9.631034851074219,0.0356491394340992
2043-07-04,,44.201133728027344,34.421783447265625,9.656651496887207,0.1226998120546341
2043-07-05,,44.14094924926758,34.42201232910156,9.684786796569824,0.03415101766586304
2043-07-06,,44.17272186279297,34.422245025634766,9.715348243713379,0.03512951359152794
2043-07-07,,44.20503234863281,34.4224739074707,9.748162269592285,0.034396570175886154
2043-07-08,,44.241943359375,34.422706604003906,9.782983779907227,0.03625147417187691
2043-07-09,,43.94416046142578,34.422935485839844,9.819500923156738,-0.29827752709388733
2043-07-10,,44.31614303588867,34.42316818237305,9.85732650756836,0.0356491394340992
2043-07-11,,44.4421272277832,34.42340087890625,9.896026611328125,0.1226998120546341
2043-07-12,,44.39289474487305,34.42362976074219,9.935111045837402,0.03415101766586304
2043-07-13,,44.43302536010742,34.423858642578125,9.974037170410156,0.03512951359152794
2043-07-14,,44.47071075439453,34.42409133911133,10.012223243713379,0.034396570175886154
2043-07-15,,44.509639739990234,34.42432403564453,10.049064636230469,0.03625147417187691
2043-07-16,,44.210201263427734,34.42455291748047,10.08392333984375,-0.29827752709388733
2043-07-17,,44.57658767700195,34.424781799316406,10.1161527633667,0.0356491394340992
2043-07-18,,44.69280242919922,34.42501449584961,10.145090103149414,0.1226998120546341
2043-07-19,,44.62947463989258,34.42524719238281,10.170075416564941,0.03415101766586304
2043-07-20,,44.651065826416016,34.42547607421875,10.190460205078125,0.03512951359152794
2043-07-21,,44.66571807861328,34.42570495605469,10.20561408996582,0.034396570175886154
2043-07-22,,44.6771125793457,34.42593765258789,10.214920043945312,0.03625147417187691
2043-07-23,,44.345699310302734,34.426170349121094,10.217805862426758,-0.29827752709388733
2043-07-24,,44.675777435302734,34.42639923095703,10.213727951049805,0.0356491394340992
2043-07-25,,44.75152587890625,34.426631927490234,10.202195167541504,0.1226998120546341
2043-07-26,,44.643775939941406,34.42686462402344,10.182761192321777,0.03415101766586304
2043-07-27,,44.617271423339844,34.427093505859375,10.155049324035645,0.03512951359152794
2043-07-28,,44.580448150634766,34.42732238769531,10.118727684020996,0.034396570175886154
2043-07-29,,44.537353515625,34.427555084228516,10.073546409606934,0.03625147417187691
2043-07-30,,44.148826599121094,34.42778778076172,10.019319534301758,-0.29827752709388733
2043-07-31,,44.41959762573242,34.428016662597656,9.955930709838867,0.0356491394340992
2043-08-01,,44.434295654296875,34.428245544433594,9.88334846496582,0.1226998120546341
2043-08-02,,44.26423263549805,34.4284782409668,9.801604270935059,0.03415101766586304
2043-08-03,,44.174652099609375,34.4287109375,9.710813522338867,0.03512951359152794
2043-08-04,,44.07450866699219,34.42893981933594,9.61117172241211,0.034396570175886154
2043-08-05,,43.968360900878906,34.429168701171875,9.502939224243164,0.03625147417187691
2043-08-06,,43.517578125,34.42940139770508,9.386452674865723,-0.29827752709388733
2043-08-07,,43.7274055480957,34.42963409423828,9.262124061584473,0.0356491394340992
2043-08-08,,43.6829833984375,34.42986297607422,9.130420684814453,0.1226998120546341
2043-08-09,,43.45612335205078,34.430091857910156,8.991878509521484,0.03415101766586304
2043-08-10,,43.31254196166992,34.43032455444336,8.847088813781738,0.03512951359152794
2043-08-11,,43.161643981933594,34.43055725097656,8.696691513061523,0.034396570175886154
2043-08-12,,43.00840759277344,34.4307861328125,8.541370391845703,0.03625147417187691
2043-08-13,,42.514591217041016,34.4310188293457,8.38184928894043,-0.29827752709388733
2043-08-14,,42.68578338623047,34.431251525878906,8.218884468078613,0.0356491394340992
2043-08-15,,42.60742950439453,34.431480407714844,8.053248405456543,0.1226998120546341
2043-08-16,,42.35159683227539,34.43170928955078,7.885735988616943,0.03415101766586304
2043-08-17,,42.18421936035156,34.431941986083984,7.717145919799805,0.03512951359152794
2043-08-18,,42.01484680175781,34.43217468261719,7.548275947570801,0.034396570175886154
2043-08-19,,41.84857177734375,34.432403564453125,7.379915714263916,0.03625147417187691
2043-08-20,,41.34719467163086,34.43263244628906,7.212839603424072,-0.29827752709388733
2043-08-21,,41.51631164550781,34.432865142822266,7.047795295715332,0.0356491394340992
2043-08-22,,41.4412956237793,34.43309783935547,6.885499954223633,0.1226998120546341
2043-08-23,,41.19410705566406,34.433326721191406,6.726631164550781,0.03415101766586304
2043-08-24,,41.04050827026367,34.43355941772461,6.571818828582764,0.03512951359152794
2043-08-25,,40.889827728271484,34.43378829956055,6.421641826629639,0.034396570175886154
2043-08-26,,40.746891021728516,34.43402099609375,6.276618480682373,0.03625147417187691
2043-08-27,,40.27317810058594,34.43424987792969,6.137206554412842,-0.29827752709388733
2043-08-28,,40.47392272949219,34.43448257446289,6.003790378570557,0.0356491394340992
2043-08-29,,40.43409729003906,34.43471145629883,5.876683712005615,0.1226998120546341
2043-08-30,,40.2252197265625,34.43494415283203,5.756126403808594,0.03415101766586304
2043-08-31,,40.11258316040039,34.43517303466797,5.642277717590332,0.03512951359152794
2043-09-01,,40.00502014160156,34.43540573120117,5.535215377807617,0.034396570175886154
2043-09-02,,39.90682601928711,34.435638427734375,5.434938430786133,0.03625147417187691
2043-09-03,,39.47895431518555,34.43586730957031,5.341363430023193,-0.29827752709388733
2043-09-04,,39.72607421875,34.436100006103516,5.2543253898620605,0.0356491394340992
2043-09-05,,39.73261260986328,34.43632888793945,5.173583030700684,0.1226998120546341
2043-09-06,,39.569522857666016,34.436561584472656,5.098814010620117,0.03415101766586304
2043-09-07,,39.501548767089844,34.436790466308594,5.029627799987793,0.03512951359152794
2043-09-08,,39.43697738647461,34.4370231628418,4.965559482574463,0.034396570175886154
2043-09-09,,39.37958526611328,34.437252044677734,4.906078815460205,0.03625147417187691
2043-09-10,,38.989803314208984,34.43748474121094,4.8505988121032715,-0.29827752709388733
2043-09-11,,39.2718391418457,34.437713623046875,4.79847526550293,0.0356491394340992
2043-09-12,,39.309661865234375,34.43794631958008,4.749016761779785,0.1226998120546341
2043-09-13,,39.1738166809082,34.438175201416016,4.70149040222168,0.03415101766586304
2043-09-14,,39.128665924072266,34.43840789794922,4.655129432678223,0.03512951359152794
2043-09-15,,39.082176208496094,34.43864059448242,4.609139919281006,0.034396570175886154
2043-09-16,,39.0378303527832,34.43886947631836,4.562708854675293,0.03625147417187691
2043-09-17,,38.65583801269531,34.4390983581543,4.5150146484375,-0.29827752709388733
2043-09-18,,38.94021224975586,34.4393310546875,4.465230464935303,0.0356491394340992
2043-09-19,,38.97480010986328,34.4395637512207,4.412537097930908,0.1226998120546341
2043-09-20,,38.83007049560547,34.43979263305664,4.35612678527832,0.03415101766586304
2043-09-21,,38.77036666870117,34.440025329589844,4.2952141761779785,0.03512951359152794
2043-09-22,,38.70369338989258,34.44025421142578,4.2290449142456055,0.034396570175886154
2043-09-23,,38.633636474609375,34.440486907958984,4.156898498535156,0.03625147417187691
2043-09-24,,38.22053909301758,34.44071578979492,4.078100204467773,-0.29827752709388733
2043-09-25,,38.46862030029297,34.440948486328125,3.992023468017578,0.0356491394340992
2043-09-26,,38.461978912353516,34.44118118286133,3.8981006145477295,0.1226998120546341
2043-09-27,,38.271385192871094,34.441410064697266,3.795825242996216,0.03415101766586304
2043-09-28,,38.161529541015625,34.4416389465332,3.6847586631774902,0.03512951359152794
2043-09-29,,38.04079818725586,34.441871643066406,3.5645320415496826,0.034396570175886154
2043-09-30,,37.9132080078125,34.44210433959961,3.4348537921905518,0.03625147417187691
2043-10-01,,37.4395637512207,34.44233322143555,3.295509099960327,-0.29827752709388733
2043-10-02,,37.624576568603516,34.442562103271484,3.146364450454712,0.0356491394340992
2043-10-03,,37.552860260009766,34.44279479980469,2.9873673915863037,0.1226998120546341
2043-10-04,,37.29572677612305,34.44302749633789,2.818549394607544,0.03415101766586304
2043-10-05,,37.118408203125,34.44325637817383,2.640022039413452,0.03512951359152794
2043-10-06,,36.92986297607422,34.443485260009766,2.451979875564575,0.034396570175886154
2043-10-07,,36.73466873168945,34.44371795654297,2.254697322845459,0.03625147417187691
2043-10-08,,36.19419860839844,34.44395065307617,2.048525094985962,-0.29827752709388733
2043-10-09,,36.313720703125,34.44417953491211,1.8338907957077026,0.0356491394340992
2043-10-10,,36.178401947021484,34.44441223144531,1.6112900972366333,0.1226998120546341
2043-10-11,,35.86008071899414,34.44464111328125,1.3812859058380127,0.03415101766586304
2043-10-12,,35.62450408935547,34.44487380981445,1.144501805305481,0.03512951359152794
2043-10-13,,35.38111877441406,34.44510269165039,0.9016194343566895,0.034396570175886154
2043-10-14,,35.134952545166016,34.445335388183594,0.6533665060997009,0.03625147417187691
2043-10-15,,34.54780578613281,34.4455680847168,0.40051770210266113,-0.29827752709388733
2043-10-16,,34.625328063964844,34.445796966552734,0.143882617354393,0.0356491394340992
2043-10-17,,34.453025817871094,34.44602584838867,-0.11569971591234207,0.1226998120546341
2043-10-18,,34.10304260253906,34.446258544921875,-0.37736594676971436,0.03415101766586304
2043-10-19,,33.84138107299805,34.44649124145508,-0.6402396559715271,0.03512951359152794
2043-10-20,,33.57768249511719,34.446720123291016,-0.9034363031387329,0.034396570175886154
2043-10-21,,33.317134857177734,34.44694900512695,-1.166068196296692,0.03625147417187691
2043-10-22,,32.72164535522461,34.447181701660156,-1.4272592067718506,-0.29827752709388733
2043-10-23,,32.79691696166992,34.44741439819336,-1.686143398284912,0.0356491394340992
2043-10-24,,32.62846374511719,34.4476432800293,-1.9418772459030151,0.1226998120546341
2043-10-25,,32.28837966918945,34.447872161865234,-2.1936452388763428,0.03415101766586304
2043-10-26,,32.042572021484375,34.44810485839844,-2.4406659603118896,0.03512951359152794
2043-10-27,,31.800537109375,34.44833755493164,-2.6821959018707275,0.034396570175886154
2043-10-28,,31.567279815673828,34.44856643676758,-2.9175381660461426,0.03625147417187691
2043-10-29,,31.004474639892578,34.44879913330078,-3.1460464000701904,-0.29827752709388733
2043-10-30,,31.1175537109375,34.44902801513672,-3.36712646484375,0.0356491394340992
2043-10-31,,30.991714477539062,34.44926071166992,-3.5802459716796875,0.1226998120546341
2043-11-01,,30.698711395263672,34.44948959350586,-3.7849295139312744,0.03415101766586304
2043-11-02,,30.50408172607422,34.44972229003906,-3.9807698726654053,0.03512951359152794
2043-11-03,,30.31692886352539,34.449954986572266,-4.167422294616699,0.034396570175886154
2043-11-04,,30.141822814941406,34.4501838684082,-4.344611644744873,0.03625147417187691
2043-11-05,,29.64000701904297,34.45041275024414,-4.512127876281738,-0.29827752709388733
2043-11-06,,29.816463470458984,34.450645446777344,-4.669830799102783,0.0356491394340992
2043-11-07,,29.755931854248047,34.45087814331055,-4.817644119262695,0.1226998120546341
2043-11-08,,29.52969741821289,34.451107025146484,-4.955559253692627,0.03415101766586304
2043-11-09,,29.402835845947266,34.45133972167969,-5.083632469177246,0.03512951359152794
2043-11-10,,29.28398895263672,34.451568603515625,-5.201975345611572,0.034396570175886154
2043-11-11,,29.177288055419922,34.45180130004883,-5.310763359069824,0.03625147417187691
2043-11-12,,28.7435302734375,34.452030181884766,-5.410221576690674,-0.29827752709388733
2043-11-13,,28.98727798461914,34.4522590637207,-5.500632286071777,0.0356491394340992
2043-11-14,,28.992877960205078,34.452491760253906,-5.582314491271973,0.1226998120546341
2043-11-15,,28.83123779296875,34.45272445678711,-5.655636310577393,0.03415101766586304
2043-11-16,,28.767086029052734,34.45295333862305,-5.720997333526611,0.03512951359152794
2043-11-17,,28.708751678466797,34.45318603515625,-5.77883243560791,0.034396570175886154
2043-11-18,,28.660072326660156,34.45341491699219,-5.829597473144531,0.03625147417187691
2043-11-19,,28.281597137451172,34.45364761352539,-5.873773574829102,-0.29827752709388733
2043-11-20,,28.577674865722656,34.453880310058594,-5.9118547439575195,0.0356491394340992
2043-11-21,,28.632469177246094,34.45410919189453,-5.944340705871582,0.1226998120546341
2043-11-22,,28.51675033569336,34.454341888427734,-5.971741199493408,0.03415101766586304
2043-11-23,,28.495136260986328,34.45457077026367,-5.994563579559326,0.03512951359152794
2043-11-24,,28.475894927978516,34.454803466796875,-6.013305187225342,0.034396570175886154
2043-11-25,,28.46282958984375,34.45503234863281,-6.028454303741455,0.03625147417187691
2043-11-26,,28.11650276184082,34.455265045166016,-6.040482997894287,-0.29827752709388733
2043-11-27,,28.441295623779297,34.45549392700195,-6.04984712600708,0.0356491394340992
2043-11-28,,28.521453857421875,34.455726623535156,-6.056974411010742,0.1226998120546341
2043-11-29,,28.427841186523438,34.455955505371094,-6.062265396118164,0.03415101766586304
2043-11-30,,28.425220489501953,34.4561882019043,-6.066096782684326,0.03512951359152794
2043-12-01,,28.422008514404297,34.4564208984375,-6.06880521774292,0.034396570175886154
2043-12-02,,28.422203063964844,34.45664978027344,-6.07069730758667,0.03625147417187691
2043-12-03,,28.08656120300293,34.456878662109375,-6.072040557861328,-0.29827752709388733
2043-12-04,,28.419689178466797,34.45711135864258,-6.073070049285889,0.0356491394340992
2043-12-05,,28.506061553955078,34.45734405517578,-6.073980331420898,0.1226998120546341
2043-12-06,,28.416793823242188,34.45757293701172,-6.074930191040039,0.03415101766586304
2043-12-07,,28.41689682006836,34.457801818847656,-6.076038360595703,0.03512951359152794
2043-12-08,,28.4150390625,34.45803451538086,-6.077390670776367,0.034396570175886154
2043-12-09,,28.415477752685547,34.45826721191406,-6.079039573669434,0.03625147417187691
2043-12-10,,28.079219818115234,34.45849609375,-6.080999374389648,-0.29827752709388733
2043-12-11,,28.411117553710938,34.4587287902832,-6.083257675170898,0.0356491394340992
2043-12-12,,28.49588394165039,34.45895767211914,-6.085775852203369,0.1226998120546341
2043-12-13,,28.40485382080078,34.459190368652344,-6.088487148284912,0.03415101766586304
2043-12-14,,28.403247833251953,34.45941925048828,-6.091302394866943,0.03512951359152794
2043-12-15,,28.399932861328125,34.459651947021484,-6.094115257263184,0.034396570175886154
2043-12-16,,28.399330139160156,34.45988464355469,-6.096805095672607,0.03625147417187691
2043-12-17,,28.062599182128906,34.460113525390625,-6.09923791885376,-0.29827752709388733
2043-12-18,,28.39472198486328,34.46034240722656,-6.101272106170654,0.0356491394340992
2043-12-19,,28.480510711669922,34.460575103759766,-6.102763652801514,0.1226998120546341
2043-12-20,,28.391387939453125,34.46080780029297,-6.103568077087402,0.03415101766586304
2043-12-21,,28.392627716064453,34.461036682128906,-6.103539943695068,0.03512951359152794
2043-12-22,,28.393115997314453,34.461265563964844,-6.102546691894531,0.034396570175886154
2043-12-23,,28.397289276123047,34.46149826049805,-6.100462913513184,0.03625147417187691
2043-12-24,,28.06627655029297,34.46173095703125,-6.097175121307373,-0.29827752709388733
2043-12-25,,28.405017852783203,34.46195983886719,-6.092588901519775,0.0356491394340992
2043-12-26,,28.498268127441406,34.462188720703125,-6.086623668670654,0.1226998120546341
2043-12-27,,28.41735076904297,34.46242141723633,-6.079224109649658,0.03415101766586304
2043-12-28,,28.427425384521484,34.46265411376953,-6.0703558921813965,0.03512951359152794
2043-12-29,,28.437274932861328,34.46288299560547,-6.060006141662598,0.034396570175886154
2043-12-30,,28.451175689697266,34.46311569213867,-6.048190593719482,0.03625147417187691
2043-12-31,,28.130117416381836,34.46334457397461,-6.034951210021973,-0.29827752709388733
2044-01-01,,28.478878021240234,34.46357727050781,-6.020349502563477,0.0356491394340992
2044-01-02,,28.58203125,34.46380615234375,-6.004477024078369,0.1226998120546341
2044-01-03,,28.510738372802734,34.46403884887695,-5.987452030181885,0.03415101766586304
2044-01-04,,28.529987335205078,34.464271545410156,-5.9694132804870605,0.03512951359152794
2044-01-05,,28.54837417602539,34.464500427246094,-5.950523376464844,0.034396570175886154
2044-01-06,,28.57001495361328,34.46472930908203,-5.930965423583984,0.03625147417187691
2044-01-07,,28.25574493408203,34.464962005615234,-5.910940647125244,-0.29827752709388733
2044-01-08,,28.61017608642578,34.46519470214844,-5.890666484832764,0.0356491394340992
2044-01-09,,28.717750549316406,34.465423583984375,-5.870372772216797,0.1226998120546341
2044-01-10,,28.64950180053711,34.46565246582031,-5.850302219390869,0.03415101766586304
2044-01-11,,28.670318603515625,34.465885162353516,-5.8306989669799805,0.03512951359152794
2044-01-12,,28.688697814941406,34.46611785888672,-5.811816215515137,0.034396570175886154
2044-01-13,,28.708694458007812,34.466346740722656,-5.7939043045043945,0.03625147417187691
2044-01-14,,28.391094207763672,34.46657943725586,-5.777209281921387,-0.29827752709388733
2044-01-15,,28.740489959716797,34.4668083190918,-5.761969566345215,0.0356491394340992
2044-01-16,,28.841323852539062,34.467041015625,-5.748414993286133,0.1226998120546341
2044-01-17,,28.764663696289062,34.46726989746094,-5.736758708953857,0.03415101766586304
2044-01-18,,28.775440216064453,34.46750259399414,-5.727194786071777,0.03512951359152794
2044-01-19,,28.782230377197266,34.46773147583008,-5.719897747039795,0.034396570175886154
2044-01-20,,28.789199829101562,34.46796417236328,-5.715015888214111,0.03625147417187691
2044-01-21,,28.45724105834961,34.46819305419922,-5.712674617767334,-0.29827752709388733
2044-01-22,,28.791114807128906,34.46842575073242,-5.712963104248047,0.0356491394340992
2044-01-23,,28.875415802001953,34.468658447265625,-5.7159423828125,0.1226998120546341
2044-01-24,,28.78139877319336,34.46888732910156,-5.721640586853027,0.03415101766586304
2044-01-25,,28.774200439453125,34.469120025634766,-5.730049133300781,0.03512951359152794
2044-01-26,,28.762622833251953,34.4693489074707,-5.741123676300049,0.034396570175886154
2044-01-27,,28.751049041748047,34.469581604003906,-5.754782199859619,0.03625147417187691
2044-01-28,,28.400623321533203,34.469810485839844,-5.770908832550049,-0.29827752709388733
2044-01-29,,28.71634292602539,34.47004318237305,-5.789348125457764,0.0356491394340992
2044-01-30,,28.783058166503906,34.470272064208984,-5.809915065765381,0.1226998120546341
2044-01-31,,28.672271728515625,34.47050476074219,-5.832382678985596,0.03415101766586304
2044-02-01,,28.649364471435547,34.470733642578125,-5.856500148773193,0.03512951359152794
2044-02-02,,28.623382568359375,34.47096633911133,-5.8819804191589355,0.034396570175886154
2044-02-03,,28.598934173583984,34.471195220947266,-5.908514022827148,0.03625147417187691
2044-02-04,,28.237384796142578,34.47142791748047,-5.935763835906982,-0.29827752709388733
2044-02-05,,28.543933868408203,34.47166061401367,-5.963375568389893,0.0356491394340992
2044-02-06,,28.60361099243164,34.47188949584961,-5.990978240966797,0.1226998120546341
2044-02-07,,28.488086700439453,34.47211837768555,-6.01818323135376,0.03415101766586304
2044-02-08,,28.462879180908203,34.47235107421875,-6.044600486755371,0.03512951359152794
2044-02-09,,28.437145233154297,34.47258377075195,-6.069833755493164,0.034396570175886154
2044-02-10,,28.41558074951172,34.47281265258789,-6.0934834480285645,0.03625147417187691
2044-02-11,,28.059602737426758,34.473045349121094,-6.115163326263428,-0.29827752709388733
2044-02-12,,28.374427795410156,34.47327423095703,-6.134494304656982,0.0356491394340992
2044-02-13,,28.44509506225586,34.473506927490234,-6.1511125564575195,0.1226998120546341
2044-02-14,,28.343215942382812,34.47373580932617,-6.164672374725342,0.03415101766586304
2044-02-15,,28.334239959716797,34.473968505859375,-6.174858570098877,0.03512951359152794
2044-02-16,,28.32721710205078,34.47420120239258,-6.181380271911621,0.034396570175886154
2044-02-17,,28.326698303222656,34.474430084228516,-6.183983325958252,0.03625147417187691
2044-02-18,,27.993934631347656,34.47465896606445,-6.182448387145996,-0.29827752709388733
2044-02-19,,28.333942413330078,34.474891662597656,-6.176598072052002,0.0356491394340992
2044-02-20,,28.43152618408203,34.47512435913086,-6.166297435760498,0.1226998120546341
2044-02-21,,28.358043670654297,34.4753532409668,-6.15146017074585,0.03415101766586304
2044-02-22,,28.378665924072266,34.475582122802734,-6.132046699523926,0.03512951359152794
2044-02-23,,28.402141571044922,34.47581481933594,-6.1080708503723145,0.034396570175886154
2044-02-24,,28.43270492553711,34.47604751586914,-6.079594612121582,0.03625147417187691
2044-02-25,,28.13126564025879,34.47627639770508,-6.046732425689697,-0.29827752709388733
2044-02-26,,28.502506256103516,34.476505279541016,-6.009650707244873,0.0356491394340992
2044-02-27,,28.630870819091797,34.47673797607422,-5.968570232391357,0.1226998120546341
2044-02-28,,28.587364196777344,34.47697067260742,-5.9237565994262695,0.03415101766586304
2044-02-29,,28.63680648803711,34.47719955444336,-5.875524520874023,0.03512951359152794
2044-03-01,,28.68758773803711,34.47743225097656,-5.824238300323486,0.034396570175886154
2044-03-02,,28.743614196777344,34.477664947509766,-5.770299911499023,0.03625147417187691
2044-03-03,,28.465465545654297,34.4778938293457,-5.714148998260498,-0.29827752709388733
2044-03-04,,28.85750961303711,34.47812271118164,-5.656264781951904,0.0356491394340992
2044-03-05,,29.00389862060547,34.478355407714844,-5.597153663635254,0.1226998120546341
2044-03-06,,28.97539520263672,34.47858810424805,-5.537343502044678,0.03415101766586304
2044-03-07,,29.03656005859375,34.478816986083984,-5.4773850440979,0.03512951359152794
2044-03-08,,29.095603942871094,34.47904586791992,-5.41784143447876,0.034396570175886154
2044-03-09,,29.15625,34.479278564453125,-5.35928201675415,0.03625147417187691
2044-03-10,,28.878955841064453,34.47951126098633,-5.3022780418396,-0.29827752709388733
2044-03-11,,29.268001556396484,34.479740142822266,-5.247389316558838,0.0356491394340992
2044-03-12,,29.40750503540039,34.4799690246582,-5.195167541503906,0.1226998120546341
2044-03-13,,29.368209838867188,34.480201721191406,-5.146143913269043,0.03415101766586304
2044-03-14,,29.41474151611328,34.48043441772461,-5.100822448730469,0.03512951359152794
2044-03-15,,29.455387115478516,34.48066329956055,-5.059671878814697,0.034396570175886154
2044-03-16,,29.494022369384766,34.480892181396484,-5.0231242179870605,0.03625147417187691
2044-03-17,,29.1912841796875,34.48112487792969,-4.99156379699707,-0.29827752709388733
2044-03-18,,29.551685333251953,34.48135757446289,-4.965322494506836,0.0356491394340992
2044-03-19,,29.659610748291016,34.48158645629883,-4.944677352905273,0.1226998120546341
2044-03-20,,29.586132049560547,34.48181915283203,-4.929839134216309,0.03415101766586304
2044-03-21,,29.59622573852539,34.482051849365234,-4.92095422744751,0.03512951359152794
2044-03-22,,29.59857940673828,34.48228073120117,-4.918098449707031,0.034396570175886154
2044-03-23,,29.597488403320312,34.48250961303711,-4.921272277832031,0.03625147417187691
2044-03-24,,29.254070281982422,34.48274230957031,-4.93039608001709,-0.29827752709388733
2044-03-25,,29.57330322265625,34.482975006103516,-4.945318222045898,0.0356491394340992
2044-03-26,,29.640106201171875,34.48320388793945,-4.965798854827881,0.1226998120546341
2044-03-27,,29.52606201171875,34.48343276977539,-4.991523265838623,0.03415101766586304
2044-03-28,,29.4967041015625,34.483665466308594,-5.022093772888184,0.03512951359152794
2044-03-29,,29.461257934570312,34.4838981628418,-5.057035446166992,0.034396570175886154
2044-03-30,,29.42458724975586,34.484127044677734,-5.0957932472229,0.03625147417187691
2044-03-31,,29.048343658447266,34.48435974121094,-5.137739658355713,-0.29827752709388733
2044-04-01,,29.338062286376953,34.484588623046875,-5.182176113128662,0.0356491394340992
2044-04-02,,29.37918472290039,34.48482131958008,-5.228335380554199,0.1226998120546341
2044-04-03,,29.243812561035156,34.485050201416016,-5.275390625,0.03415101766586304
2044-04-04,,29.197956085205078,34.48528289794922,-5.3224592208862305,0.03512951359152794
2044-04-05,,29.151302337646484,34.485511779785156,-5.368606090545654,0.034396570175886154
2044-04-06,,29.10913848876953,34.48574447631836,-5.4128570556640625,0.03625147417187691
2044-04-07,,28.73349380493164,34.4859733581543,-5.454200267791748,-0.29827752709388733
2044-04-08,,29.030258178710938,34.4862060546875,-5.491598129272461,0.0356491394340992
2044-04-09,,29.08514404296875,34.4864387512207,-5.523994445800781,0.1226998120546341
2044-04-10,,28.970497131347656,34.48666763305664,-5.55032205581665,0.03415101766586304
2044-04-11,,28.9525146484375,34.486900329589844,-5.569513320922852,0.03512951359152794
2044-04-12,,28.941017150878906,34.48712921142578,-5.580509662628174,0.034396570175886154
2044-04-13,,28.941341400146484,34.487361907958984,-5.582268714904785,0.03625147417187691
2044-04-14,,28.615535736083984,34.48759078979492,-5.573776721954346,-0.29827752709388733
2044-04-15,,28.969417572021484,34.487823486328125,-5.554055690765381,0.0356491394340992
2044-04-16,,29.088584899902344,34.48805236816406,-5.522170066833496,0.1226998120546341
2044-04-17,,29.04519271850586,34.488285064697266,-5.477241039276123,0.03415101766586304
2044-04-18,,29.105194091796875,34.4885139465332,-5.418450832366943,0.03512951359152794
2044-04-19,,29.178089141845703,34.488746643066406,-5.34505558013916,0.034396570175886154
2044-04-20,,29.268848419189453,34.488975524902344,-5.256382465362549,0.03625147417187691
2044-04-21,,29.039081573486328,34.48920822143555,-5.151849269866943,-0.29827752709388733
2044-04-22,,29.494129180908203,34.48944091796875,-5.030961990356445,0.0356491394340992
2044-04-23,,29.719043731689453,34.48966979980469,-4.893326759338379,0.1226998120546341
2044-04-24,,29.785404205322266,34.489898681640625,-4.7386474609375,0.03415101766586304
2044-04-25,,29.958526611328125,34.49013137817383,-4.566734790802002,0.03512951359152794
2044-04-26,,30.14725112915039,34.49036407470703,-4.377508640289307,0.034396570175886154
2044-04-27,,30.355846405029297,34.49059295654297,-4.170999526977539,0.03625147417187691
2044-04-28,,30.245197296142578,34.49082565307617,-3.9473509788513184,-0.29827752709388733
2044-04-29,,30.81988525390625,34.49105453491211,-3.706817150115967,0.0356491394340992
2044-04-30,,31.16421890258789,34.49128723144531,-3.4497666358947754,0.1226998120546341
2044-05-01,,31.34899139404297,34.49151611328125,-3.1766767501831055,0.03415101766586304
2044-05-02,,31.638744354248047,34.49174880981445,-2.8881332874298096,0.03512951359152794
2044-05-03,,31.941547393798828,34.491981506347656,-2.5848264694213867,0.034396570175886154
2044-05-04,,32.26091384887695,34.492210388183594,-2.2675464153289795,0.03625147417187691
2044-05-05,,32.256980895996094,34.49243927001953,-1.9371795654296875,-0.29827752709388733
2044-05-06,,32.93362045288086,34.492671966552734,-1.5946991443634033,0.0356491394340992
2044-05-07,,33.37444305419922,34.49290466308594,-1.2411611080169678,0.1226998120546341
2044-05-08,,33.64958572387695,34.493133544921875,-0.8776968717575073,0.03415101766586304
2044-05-09,,34.022987365722656,34.49336242675781,-0.5055034160614014,0.03512951359152794
2044-05-10,,34.402156829833984,34.493595123291016,-0.12583471834659576,0.034396570175886154
2044-05-11,,34.79008102416992,34.49382781982422,0.2600058317184448,0.03625147417187691
2044-05-12,,34.846458435058594,34.494056701660156,0.6506776213645935,-0.29827752709388733
2044-05-13,,35.574745178222656,34.494285583496094,1.0448089838027954,0.0356491394340992
2044-05-14,,36.058231353759766,34.4945182800293,1.4410139322280884,0.1226998120546341
2044-05-15,,36.366798400878906,34.4947509765625,1.8378958702087402,0.03415101766586304
2044-05-16,,36.7641716003418,34.49497985839844,2.2340614795684814,0.03512951359152794
2044-05-17,,37.157737731933594,34.49521255493164,2.6281309127807617,0.034396570175886154
2044-05-18,,37.55044174194336,34.49544143676758,3.018747568130493,0.03625147417187691
2044-05-19,,37.60198211669922,34.49567413330078,3.4045867919921875,-0.29827752709388733
2044-05-20,,38.315921783447266,34.49590301513672,3.7843706607818604,0.0356491394340992
2044-05-21,,38.77570343017578,34.49613571166992,4.1568708419799805,0.1226998120546341
2044-05-22,,39.05144119262695,34.496368408203125,4.5209221839904785,0.03415101766586304
2044-05-23,,39.40715408325195,34.49659729003906,4.87542724609375,0.03512951359152794
2044-05-24,,39.75059509277344,34.496826171875,5.219369411468506,0.034396570175886154
2044-05-25,,40.08512496948242,34.4970588684082,5.551812648773193,0.03625147417187691
2044-05-26,,40.070926666259766,34.497291564941406,5.871915340423584,-0.29827752709388733
2044-05-27,,40.712093353271484,34.497520446777344,6.178925037384033,0.0356491394340992
2044-05-28,,41.092647552490234,34.49774932861328,6.47219705581665,0.1226998120546341
2044-05-29,,41.283321380615234,34.497982025146484,6.751187324523926,0.03415101766586304
2044-05-30,,41.548797607421875,34.49821472167969,7.015456199645996,0.03512951359152794
2044-05-31,,41.797515869140625,34.498443603515625,7.264674663543701,0.034396570175886154
2044-06-01,,42.033546447753906,34.49867248535156,7.498620986938477,0.03625147417187691
2044-06-02,,41.91781234741211,34.498905181884766,7.717182159423828,-0.29827752709388733
2044-06-03,,42.455135345458984,34.49913787841797,7.920350551605225,0.0356491394340992
2044-06-04,,42.73029708862305,34.499366760253906,8.108227729797363,0.1226998120546341
2044-06-05,,42.814762115478516,34.49959945678711,8.281009674072266,0.03415101766586304
2044-06-06,,42.97395324707031,34.49982833862305,8.438994407653809,0.03512951359152794
2044-06-07,,43.11703109741211,34.50006103515625,8.582573890686035,0.034396570175886154
2044-06-08,,43.2487678527832,34.50028991699219,8.712224960327148,0.03625147417187691
2044-06-09,,43.03074645996094,34.50052261352539,8.828499794006348,-0.29827752709388733
2044-06-10,,43.46843719482422,34.500755310058594,8.932032585144043,0.0356491394340992
2044-06-11,,43.6472053527832,34.50098419189453,9.02352237701416,0.1226998120546341
2044-06-12,,43.63908386230469,34.50121307373047,9.103716850280762,0.03415101766586304
2044-06-13,,43.70999526977539,34.50144577026367,9.173421859741211,0.03512951359152794
2044-06-14,,43.769554138183594,34.501678466796875,9.233479499816895,0.034396570175886154
2044-06-15,,43.82291793823242,34.50190734863281,9.284761428833008,0.03625147417187691
2044-06-16,,43.53202819824219,34.502140045166016,9.328165054321289,-0.29827752709388733
2044-06-17,,43.902610778808594,34.50236892700195,9.364594459533691,0.0356491394340992
2044-06-18,,44.020259857177734,34.502601623535156,9.394960403442383,0.1226998120546341
2044-06-19,,43.9571418762207,34.502830505371094,9.420162200927734,0.03415101766586304
2044-06-20,,43.97928237915039,34.5030632019043,9.441088676452637,0.03512951359152794
2044-06-21,,43.99628829956055,34.503292083740234,9.458600997924805,0.034396570175886154
2044-06-22,,44.013301849365234,34.50352478027344,9.473527908325195,0.03625147417187691
2044-06-23,,43.69213104248047,34.503753662109375,9.486654281616211,-0.29827752709388733
2044-06-24,,44.03835678100586,34.50398635864258,9.4987211227417,0.0356491394340992
2044-06-25,,44.1373291015625,34.504215240478516,9.510412216186523,0.1226998120546341
2044-06-26,,44.06094741821289,34.50444793701172,9.52234935760498,0.03415101766586304
2044-06-27,,44.07489776611328,34.50468063354492,9.535087585449219,0.03512951359152794
2044-06-28,,44.08841323852539,34.50490951538086,9.54910945892334,0.034396570175886154
2044-06-29,,44.10621643066406,34.50514221191406,9.564825057983398,0.03625147417187691
2044-06-30,,43.78965759277344,34.50537109375,9.582564353942871,-0.29827752709388733
2044-07-01,,44.143829345703125,34.5056037902832,9.602577209472656,0.0356491394340992
2044-07-02,,44.253562927246094,34.50583267211914,9.625029563903809,0.1226998120546341
2044-07-03,,44.190223693847656,34.506065368652344,9.650008201599121,0.03415101766586304
2044-07-04,,44.21894454956055,34.50629425048828,9.677520751953125,0.03512951359152794
2044-07-05,,44.248409271240234,34.506526947021484,9.707487106323242,0.034396570175886154
2044-07-06,,44.28276824951172,34.50675582885742,9.739758491516113,0.03625147417187691
2044-07-07,,43.982818603515625,34.506988525390625,9.774106979370117,-0.29827752709388733
2044-07-08,,44.35309982299805,34.50722122192383,9.81023120880127,0.0356491394340992
2044-07-09,,44.47792053222656,34.507450103759766,9.847769737243652,0.1226998120546341
2044-07-10,,44.42812728881836,34.5076789855957,9.886295318603516,0.03415101766586304
2044-07-11,,44.46837615966797,34.507911682128906,9.925333023071289,0.03512951359152794
2044-07-12,,44.506893157958984,34.50814437866211,9.964350700378418,0.034396570175886154
2044-07-13,,44.54740524291992,34.50837326049805,10.002779006958008,0.03625147417187691
2044-07-14,,44.25033950805664,34.508602142333984,10.040014266967773,-0.29827752709388733
2044-07-15,,44.61991500854492,34.50883483886719,10.075432777404785,0.0356491394340992
2044-07-16,,44.74014663696289,34.50906753540039,10.108379364013672,0.1226998120546341
2044-07-17,,44.68164825439453,34.50929641723633,10.138199806213379,0.03415101766586304
2044-07-18,,44.708892822265625,34.50952911376953,10.16423511505127,0.03512951359152794
2044-07-19,,44.72998809814453,34.50975799560547,10.185831069946289,0.034396570175886154
2044-07-20,,44.748592376708984,34.50999069213867,10.202350616455078,0.03625147417187691
2044-07-21,,44.42512130737305,34.51021957397461,10.213174819946289,-0.29827752709388733
2044-07-22,,44.763816833496094,34.51045227050781,10.217716217041016,0.0356491394340992
2044-07-23,,44.848812103271484,34.510684967041016,10.215426445007324,0.1226998120546341
2044-07-24,,44.75086975097656,34.51091384887695,10.205801963806152,0.03415101766586304
2044-07-25,,44.734657287597656,34.51114273071289,10.188383102416992,0.03512951359152794
2044-07-26,,44.70854568481445,34.511375427246094,10.162771224975586,0.034396570175886154
2044-07-27,,44.676490783691406,34.5116081237793,10.128628730773926,0.03625147417187691
2044-07-28,,44.29924392700195,34.511837005615234,10.085683822631836,-0.29827752709388733
2044-07-29,,44.58144760131836,34.51206588745117,10.033731460571289,0.0356491394340992
2044-07-30,,44.60763931274414,34.512298583984375,9.972640991210938,0.1226998120546341
2044-07-31,,44.44903564453125,34.51253128051758,9.902355194091797,0.03415101766586304
2044-08-01,,44.370784759521484,34.512760162353516,9.822891235351562,0.03512951359152794
2044-08-02,,44.28173828125,34.51298904418945,9.734349250793457,0.034396570175886154
2044-08-03,,44.18637466430664,34.513221740722656,9.6368989944458,0.03625147417187691
2044-08-04,,43.7459602355957,34.51345443725586,9.53078556060791,-0.29827752709388733
2044-08-05,,43.965660095214844,34.5136833190918,9.416327476501465,0.0356491394340992
2044-08-06,,43.9305305480957,34.513916015625,9.293915748596191,0.1226998120546341
2044-08-07,,43.71230697631836,34.51414489746094,9.164009094238281,0.03415101766586304
2044-08-08,,43.576629638671875,34.51437759399414,9.02712345123291,0.03512951359152794
2044-08-09,,43.43284225463867,34.51460647583008,8.883838653564453,0.034396570175886154
2044-08-10,,43.28586959838867,34.51483917236328,8.73477840423584,0.03625147417187691
2044-08-11,,42.79741668701172,34.515071868896484,8.580622673034668,-0.29827752709388733
2044-08-12,,42.9730339050293,34.51530075073242,8.422082901000977,0.0356491394340992
2044-08-13,,42.89813995361328,34.51552963256836,8.259906768798828,0.1226998120546341
2044-08-14,,42.644779205322266,34.51576232910156,8.094864845275879,0.03415101766586304
2044-08-15,,42.4788703918457,34.515995025634766,7.927746772766113,0.03512951359152794
2044-08-16,,42.30997085571289,34.5162239074707,7.759349822998047,0.034396570175886154
2044-08-17,,42.14318084716797,34.51645278930664,7.590476036071777,0.03625147417187691
2044-08-18,,41.640323638916016,34.516685485839844,7.421915531158447,-0.29827752709388733
2044-08-19,,41.80701446533203,34.51691818237305,7.254447937011719,0.0356491394340992
2044-08-20,,41.728675842285156,34.517147064208984,7.088827133178711,0.1226998120546341
2044-08-21,,41.47731018066406,34.51737976074219,6.925778865814209,0.03415101766586304
2044-08-22,,41.31873321533203,34.517608642578125,6.765991687774658,0.03512951359152794
2044-08-23,,41.16234588623047,34.51784133911133,6.610108375549316,0.034396570175886154
2044-08-24,,41.01304244995117,34.518070220947266,6.45872163772583,0.03625147417187691
2044-08-25,,40.53239059448242,34.51830291748047,6.312365531921387,-0.29827752709388733
2044-08-26,,40.72569274902344,34.518531799316406,6.171511173248291,0.0356491394340992
2044-08-27,,40.67802810668945,34.51876449584961,6.036563873291016,0.1226998120546341
2044-08-28,,40.46099853515625,34.51899337768555,5.907855033874512,0.03415101766586304
2044-08-29,,40.34000015258789,34.51922607421875,5.785641670227051,0.03512951359152794
2044-08-30,,40.22395706176758,34.51945877075195,5.670104503631592,0.034396570175886154
2044-08-31,,40.11728286743164,34.51968765258789,5.561344146728516,0.03625147417187691
2044-09-01,,39.6810188293457,34.519920349121094,5.459374904632568,-0.29827752709388733
2044-09-02,,39.91993713378906,34.52014923095703,5.364136695861816,0.0356491394340992
2044-09-03,,39.91856384277344,34.520381927490234,5.275484561920166,0.1226998120546341
2044-09-04,,39.74795913696289,34.52061080932617,5.193195343017578,0.03415101766586304
2044-09-05,,39.67293930053711,34.520843505859375,5.116966724395752,0.03512951359152794
2044-09-06,,39.60189437866211,34.52107238769531,5.046425819396973,0.034396570175886154
2044-09-07,,39.53868103027344,34.521305084228516,4.981124401092529,0.03625147417187691
2044-09-08,,39.14380645751953,34.52153396606445,4.9205498695373535,-0.29827752709388733
2044-09-09,,39.42154312133789,34.521766662597656,4.864128112792969,0.0356491394340992
2044-09-10,,39.45592498779297,34.521995544433594,4.811229228973389,0.1226998120546341
2044-09-11,,39.31755065917969,34.5222282409668,4.761171340942383,0.03415101766586304
2044-09-12,,39.27082443237305,34.5224609375,4.71323299407959,0.03512951359152794
2044-09-13,,39.22373962402344,34.52268981933594,4.666653156280518,0.034396570175886154
2044-09-14,,39.17981719970703,34.522918701171875,4.6206464767456055,0.03625147417187691
2044-09-15,,38.799278259277344,34.52315139770508,4.574403285980225,-0.29827752709388733
2044-09-16,,39.08613586425781,34.52338409423828,4.527101516723633,0.0356491394340992
2044-09-17,,39.124229431152344,34.52361297607422,4.477917194366455,0.1226998120546341
2044-09-18,,38.98402404785156,34.52384567260742,4.426027297973633,0.03415101766586304
2044-09-19,,38.92982482910156,34.52407455444336,4.3706207275390625,0.03512951359152794
2044-09-20,,38.86960983276367,34.52430725097656,4.310906410217285,0.034396570175886154
2044-09-21,,38.80691146850586,34.5245361328125,4.246120452880859,0.03625147417187691
2044-09-22,,38.40202331542969,34.5247688293457,4.175533771514893,-0.29827752709388733
2044-09-23,,38.65910720825195,34.525001525878906,4.098458766937256,0.0356491394340992
2044-09-24,,38.66218948364258,34.525230407714844,4.014257431030273,0.1226998120546341
2044-09-25,,38.481956481933594,34.52545928955078,3.9223456382751465,0.03415101766586304
2044-09-26,,38.383026123046875,34.525691986083984,3.822202682495117,0.03512951359152794
2044-09-27,,38.27368927001953,34.52592468261719,3.7133705615997314,0.034396570175886154
2044-09-28,,38.15787124633789,34.526153564453125,3.5954649448394775,0.03625147417187691
2044-09-29,,37.6962776184082,34.52638244628906,3.468172311782837,-0.29827752709388733
2044-09-30,,37.893524169921875,34.526615142822266,3.3312604427337646,0.0356491394340992
2044-10-01,,37.8341178894043,34.52684783935547,3.1845734119415283,0.1226998120546341
2044-10-02,,37.58926773071289,34.527076721191406,3.0280404090881348,0.03415101766586304
2044-10-03,,37.42410659790039,34.527305603027344,2.8616695404052734,0.03512951359152794
2044-10-04,,37.24748992919922,34.52753829956055,2.6855545043945312,0.034396570175886154
2044-10-05,,37.06389236450195,34.52777099609375,2.499868869781494,0.03625147417187691
2044-10-06,,36.53458786010742,34.52799987792969,2.304866075515747,-0.29827752709388733
2044-10-07,,36.66476058959961,34.52823257446289,2.1008799076080322,0.0356491394340992
2044-10-08,,36.53948211669922,34.528465270996094,1.8883168697357178,0.1226998120546341
2044-10-09,,36.23050308227539,34.52869415283203,1.667657494544983,0.03415101766586304
2044-10-10,,36.003501892089844,34.52892303466797,1.4394478797912598,0.03512951359152794
2044-10-11,,35.76784896850586,34.52915573120117,1.2042971849441528,0.034396570175886154
2044-10-12,,35.52851104736328,34.529388427734375,0.9628724455833435,0.03625147417187691
2044-10-13,,34.94723129272461,34.52961730957031,0.7158910036087036,-0.29827752709388733
2044-10-14,,35.02961349487305,34.52984619140625,0.4641169607639313,0.0356491394340992
2044-10-15,,34.86112976074219,34.53007888793945,0.20835080742835999,0.1226998120546341
2044-10-16,,34.51388931274414,34.530311584472656,-0.05057432875037193,0.03415101766586304
2044-10-17,,34.253868103027344,34.530540466308594,-0.31180185079574585,0.03512951359152794
2044-10-18,,33.9907112121582,34.5307731628418,-0.5744566321372986,0.034396570175886154
2044-10-19,,33.72959899902344,34.531002044677734,-0.8376551866531372,0.03625147417187691
2044-10-20,,33.1324462890625,34.53123474121094,-1.1005111932754517,-0.29827752709388733
2044-10-21,,33.2049674987793,34.531463623046875,-1.362144112586975,0.0356491394340992
2044-10-22,,33.032711029052734,34.53169250488281,-1.6216846704483032,0.1226998120546341
2044-10-23,,32.68779373168945,34.531925201416016,-1.8782840967178345,0.03415101766586304
2044-10-24,,32.4361686706543,34.53215789794922,-2.1311185359954834,0.03512951359152794
2044-10-25,,32.18738555908203,34.532386779785156,-2.37939715385437,0.034396570175886154
2044-10-26,,31.946502685546875,34.53261947631836,-2.6223671436309814,0.03625147417187691
2044-10-27,,31.37525177001953,34.53285217285156,-2.859318971633911,-0.29827752709388733
2044-10-28,,31.479137420654297,34.5330810546875,-3.089592933654785,0.0356491394340992
2044-10-29,,31.343429565429688,34.5333137512207,-3.3125829696655273,0.1226998120546341
2044-10-30,,31.039955139160156,34.53354263305664,-3.5277388095855713,0.03415101766586304
2044-10-31,,30.834331512451172,34.533775329589844,-3.7345731258392334,0.03512951359152794
2044-11-01,,30.6357421875,34.53400421142578,-3.9326586723327637,0.034396570175886154
2044-11-02,,30.448848724365234,34.53423309326172,-4.121636867523193,0.03625147417187691
2044-11-03,,29.934974670410156,34.53446578979492,-4.30121374130249,-0.29827752709388733
2044-11-04,,30.09918212890625,34.534698486328125,-4.471164703369141,0.0356491394340992
2044-11-05,,30.02629852294922,34.53492736816406,-4.6313300132751465,0.1226998120546341
2044-11-06,,29.787689208984375,34.535160064697266,-4.781620025634766,0.03415101766586304
2044-11-07,,29.648513793945312,34.5353889465332,-4.922006607055664,0.03512951359152794
2044-11-08,,29.517486572265625,34.535621643066406,-5.0525312423706055,0.034396570175886154
2044-11-09,,29.39881134033203,34.53585433959961,-5.173293590545654,0.03625147417187691
2044-11-10,,28.953357696533203,34.53608322143555,-5.284450531005859,-0.29827752709388733
2044-11-11,,29.185745239257812,34.536312103271484,-5.3862175941467285,0.0356491394340992
2044-11-12,,29.180381774902344,34.53654479980469,-5.4788618087768555,0.1226998120546341
2044-11-13,,29.00823211669922,34.536773681640625,-5.562694072723389,0.03415101766586304
2044-11-14,,28.934066772460938,34.53700637817383,-5.638069152832031,0.03512951359152794
2044-11-15,,28.866252899169922,34.53723907470703,-5.705381393432617,0.034396570175886154
2044-11-16,,28.80866241455078,34.53746795654297,-5.765055179595947,0.03625147417187691
2044-11-17,,28.421878814697266,34.53770065307617,-5.8175435066223145,-0.29827752709388733
2044-11-18,,28.71025848388672,34.53792953491211,-5.863320827484131,0.0356491394340992
2044-11-19,,28.757984161376953,34.53816223144531,-5.9028778076171875,0.1226998120546341
2044-11-20,,28.635826110839844,34.538394927978516,-5.936716079711914,0.03415101766586304
2044-11-21,,28.608413696289062,34.53862380981445,-5.965340614318848,0.03512951359152794
2044-11-22,,28.58399200439453,34.53885269165039,-5.989259243011475,0.034396570175886154
2044-11-23,,28.566360473632812,34.539085388183594,-6.008974552154541,0.03625147417187691
2044-11-24,,28.216060638427734,34.53931427001953,-6.0249762535095215,-0.29827752709388733
2044-11-25,,28.537452697753906,34.539546966552734,-6.037741661071777,0.0356491394340992
2044-11-26,,28.61474609375,34.53977584838867,-6.047731876373291,0.1226998120546341
2044-11-27,,28.518779754638672,34.540008544921875,-6.055379390716553,0.03415101766586304
2044-11-28,,28.51427459716797,34.54024124145508,-6.061093807220459,0.03512951359152794
2044-11-29,,28.50960922241211,34.540470123291016,-6.0652570724487305,0.034396570175886154
2044-11-30,,28.50873565673828,34.54069900512695,-6.0682148933410645,0.03625147417187691
2044-12-01,,28.17237091064453,34.540931701660156,-6.070284366607666,-0.29827752709388733
2044-12-02,,28.505069732666016,34.54116439819336,-6.071742534637451,0.0356491394340992
2044-12-03,,28.591262817382812,34.5413932800293,-6.072831630706787,0.1226998120546341
2044-12-04,,28.50202178955078,34.5416259765625,-6.07375431060791,0.03415101766586304
2044-12-05,,28.502304077148438,34.54185485839844,-6.074681758880615,0.03512951359152794
2044-12-06,,28.50074005126953,34.54208755493164,-6.075740814208984,0.034396570175886154
2044-12-07,,28.501541137695312,34.54231643676758,-6.0770263671875,0.03625147417187691
2044-12-08,,28.165672302246094,34.54254913330078,-6.0785980224609375,-0.29827752709388733
2044-12-09,,28.497947692871094,34.542781829833984,-6.080480575561523,0.0356491394340992
2044-12-10,,28.58304214477539,34.54301071166992,-6.082667350769043,0.1226998120546341
2044-12-11,,28.492267608642578,34.54323959350586,-6.085124969482422,0.03415101766586304
2044-12-12,,28.490806579589844,34.54347229003906,-6.087796211242676,0.03512951359152794
2044-12-13,,28.487506866455078,34.543704986572266,-6.0905938148498535,0.034396570175886154
2044-12-14,,28.486766815185547,34.5439338684082,-6.093418598175049,0.03625147417187691
2044-12-15,,28.149734497070312,34.54416275024414,-6.096150875091553,-0.29827752709388733
2044-12-16,,28.48138427734375,34.544395446777344,-6.098660945892334,0.0356491394340992
2044-12-17,,28.56652069091797,34.54462814331055,-6.100808143615723,0.1226998120546341
2044-12-18,,28.476558685302734,34.544857025146484,-6.1024489402771,0.03415101766586304
2044-12-19,,28.47677993774414,34.54508590698242,-6.103438377380371,0.03512951359152794
2044-12-20,,28.476085662841797,34.545318603515625,-6.10363245010376,0.034396570175886154
2044-12-21,,28.47890853881836,34.54555130004883,-6.102893352508545,0.03625147417187691
2044-12-22,,28.14640998840332,34.545780181884766,-6.10109281539917,-0.29827752709388733
2044-12-23,,28.483543395996094,34.54601287841797,-6.098116397857666,0.0356491394340992
2044-12-24,,28.57508087158203,34.546241760253906,-6.093860626220703,0.1226998120546341
2044-12-25,,28.49237823486328,34.54647445678711,-6.088247776031494,0.03415101766586304
2044-12-26,,28.500621795654297,34.54670333862305,-6.081210613250732,0.03512951359152794
2044-12-27,,28.508617401123047,34.54693603515625,-6.072711944580078,0.034396570175886154
2044-12-28,,28.520687103271484,34.54716873168945,-6.062732696533203,0.03625147417187691
2044-12-29,,28.197837829589844,34.54739761352539,-6.0512824058532715,-0.29827752709388733
2044-12-30,,28.544883728027344,34.54762649536133,-6.03839111328125,0.0356491394340992
2044-12-31,,28.646438598632812,34.54785919189453,-6.02412223815918,0.1226998120546341
2045-01-01,,28.573684692382812,34.548091888427734,-6.0085577964782715,0.03415101766586304
2045-01-02,,28.59164047241211,34.54832077026367,-5.9918084144592285,0.03512951359152794
2045-01-03,,28.60894012451172,34.548553466796875,-5.974009990692139,0.034396570175886154
2045-01-04,,28.629718780517578,34.54878234863281,-5.955316066741943,0.03625147417187691
2045-01-05,,28.314830780029297,34.549015045166016,-5.935907363891602,-0.29827752709388733
2045-01-06,,28.668914794921875,34.54924392700195,-5.915979385375977,0.0356491394340992
2045-01-07,,28.77642822265625,34.54947280883789,-5.895745277404785,0.1226998120546341
2045-01-08,,28.708423614501953,34.549705505371094,-5.875436305999756,0.03415101766586304
2045-01-09,,28.729782104492188,34.5499382019043,-5.85528564453125,0.03512951359152794
2045-01-10,,28.749019622802734,34.550167083740234,-5.835542678833008,0.034396570175886154
2045-01-11,,28.77019500732422,34.55039978027344,-5.816455841064453,0.03625147417187691
2045-01-12,,28.45407485961914,34.550628662109375,-5.798278331756592,-0.29827752709388733
2045-01-13,,28.805255889892578,34.55086135864258,-5.781254768371582,0.0356491394340992
2045-01-14,,28.908161163330078,34.55109405517578,-5.76563024520874,0.1226998120546341
2045-01-15,,28.833839416503906,34.55132293701172,-5.751634120941162,0.03415101766586304
2045-01-16,,28.847198486328125,34.55155563354492,-5.7394843101501465,0.03512951359152794
2045-01-17,,28.85680389404297,34.55178451538086,-5.729378700256348,0.034396570175886154
2045-01-18,,28.86676788330078,34.5520133972168,-5.721499919891357,0.03625147417187691
2045-01-19,,28.537967681884766,34.55224609375,-5.716002941131592,-0.29827752709388733
2045-01-20,,28.875110626220703,34.5524787902832,-5.713016510009766,0.0356491394340992
2045-01-21,,28.9627685546875,34.55270767211914,-5.712640285491943,0.1226998120546341
2045-01-22,,28.872146606445312,34.552940368652344,-5.7149434089660645,0.03415101766586304
2045-01-23,,28.86833953857422,34.55316925048828,-5.719961643218994,0.03512951359152794
2045-01-24,,28.860103607177734,34.553401947021484,-5.727694511413574,0.034396570175886154
2045-01-25,,28.851776123046875,34.55363464355469,-5.738109588623047,0.03625147417187691
2045-01-26,,28.50445556640625,34.553863525390625,-5.751131057739258,-0.29827752709388733
2045-01-27,,28.823089599609375,34.55409240722656,-5.766654014587402,0.0356491394340992
2045-01-28,,28.89249038696289,34.554325103759766,-5.784531593322754,0.1226998120546341
2045-01-29,,28.784122467041016,34.55455780029297,-5.804585933685303,0.03415101766586304
2045-01-30,,28.763317108154297,34.554786682128906,-5.826600551605225,0.03512951359152794
2045-01-31,,28.73908233642578,34.555015563964844,-5.850330829620361,0.034396570175886154
2045-02-01,,28.715999603271484,34.55524826049805,-5.875499725341797,0.03625147417187691
2045-02-02,,28.355403900146484,34.55548095703125,-5.90179967880249,-0.29827752709388733
2045-02-03,,28.662456512451172,34.55570983886719,-5.928903102874756,0.0356491394340992
2045-02-04,,28.722183227539062,34.55594253540039,-5.956458568572998,0.1226998120546341
2045-02-05,,28.606224060058594,34.55617141723633,-5.984098434448242,0.03415101766586304
2045-02-06,,28.580093383789062,34.55640411376953,-6.011439800262451,0.03512951359152794
2045-02-07,,28.552936553955078,34.55663299560547,-6.038092613220215,0.034396570175886154
2045-02-08,,28.529457092285156,34.55686569213867,-6.063657283782959,0.03625147417187691
2045-02-09,,28.171079635620117,34.557098388671875,-6.087739944458008,-0.29827752709388733
2045-02-10,,28.48302459716797,34.55732727050781,-6.109949588775635,0.0356491394340992
2045-02-11,,28.55035400390625,34.55755615234375,-6.129902362823486,0.1226998120546341
2045-02-12,,28.44470977783203,34.55778884887695,-6.147230625152588,0.03415101766586304
2045-02-13,,28.431564331054688,34.558021545410156,-6.161587715148926,0.03512951359152794
2045-02-14,,28.420001983642578,34.558250427246094,-6.172645568847656,0.034396570175886154
2045-02-15,,28.414623260498047,34.55847930908203,-6.180108547210693,0.03625147417187691
2045-02-16,,28.07672119140625,34.558712005615234,-6.183714389801025,-0.29827752709388733
2045-02-17,,28.411361694335938,34.55894470214844,-6.183230876922607,0.0356491394340992
2045-02-18,,28.503398895263672,34.559173583984375,-6.178473472595215,0.1226998120546341
2045-02-19,,28.424259185791016,34.55940246582031,-6.169294357299805,0.03415101766586304
2045-02-20,,28.439167022705078,34.559635162353516,-6.155598163604736,0.03512951359152794
2045-02-21,,28.45693588256836,34.55986785888672,-6.1373291015625,0.034396570175886154
2045-02-22,,28.481857299804688,34.560096740722656,-6.114490032196045,0.03625147417187691
2045-02-23,,28.17491912841797,34.56032943725586,-6.087130069732666,-0.29827752709388733
2045-02-24,,28.54085922241211,34.5605583190918,-6.055350303649902,0.0356491394340992
2045-02-25,,28.6641845703125,34.560791015625,-6.01930570602417,0.1226998120546341
2045-02-26,,28.615970611572266,34.56101989746094,-5.979201316833496,0.03415101766586304
2045-02-27,,28.661090850830078,34.56125259399414,-5.935293197631836,0.03512951359152794
2045-02-28,,28.707996368408203,34.561485290527344,-5.887884616851807,0.034396570175886154
2045-03-01,,28.760639190673828,34.56171417236328,-5.837325572967529,0.03625147417187691
2045-03-02,,28.479656219482422,34.56194305419922,-5.7840094566345215,-0.29827752709388733
2045-03-03,,28.869457244873047,34.56217575073242,-5.728369235992432,0.0356491394340992
2045-03-04,,29.014236450195312,34.562408447265625,-5.670871257781982,0.1226998120546341
2045-03-05,,28.984771728515625,34.56263732910156,-5.6120171546936035,0.03415101766586304
2045-03-06,,29.045665740966797,34.5628662109375,-5.552331447601318,0.03512951359152794
2045-03-07,,29.10513687133789,34.5630989074707,-5.492358684539795,0.034396570175886154
2045-03-08,,29.16692352294922,34.563331604003906,-5.432659149169922,0.03625147417187691
2045-03-09,,28.891483306884766,34.563560485839844,-5.3737993240356445,-0.29827752709388733
2045-03-10,,29.28308868408203,34.56379318237305,-5.316352367401123,0.0356491394340992
2045-03-11,,29.42584228515625,34.564022064208984,-5.260882377624512,0.1226998120546341
2045-03-12,,29.390460968017578,34.56425476074219,-5.207943439483643,0.03415101766586304
2045-03-13,,29.441543579101562,34.564483642578125,-5.158071517944336,0.03512951359152794
2045-03-14,,29.487335205078125,34.56471633911133,-5.11177921295166,0.034396570175886154
2045-03-15,,29.531654357910156,34.564945220947266,-5.069543361663818,0.03625147417187691
2045-03-16,,29.235092163085938,34.56517791748047,-5.031807899475098,-0.29827752709388733
2045-03-17,,29.602088928222656,34.565406799316406,-4.998966693878174,0.0356491394340992
2045-03-18,,29.71697235107422,34.56563949584961,-4.971367359161377,0.1226998120546341
2045-03-19,,29.650718688964844,34.56587219238281,-4.949300765991211,0.03415101766586304
2045-03-20,,29.668235778808594,34.56610107421875,-4.932994365692139,0.03512951359152794
2045-03-21,,29.678115844726562,34.56633377075195,-4.92261266708374,0.034396570175886154
2045-03-22,,29.6845703125,34.56656265258789,-4.918246746063232,0.03625147417187691
2045-03-23,,29.348602294921875,34.566795349121094,-4.919915676116943,-0.29827752709388733
2045-03-24,,29.67510986328125,34.56702423095703,-4.9275641441345215,0.0356491394340992
2045-03-25,,29.7489013671875,34.567256927490234,-4.9410552978515625,0.1226998120546341
2045-03-26,,29.641464233398438,34.56748580932617,-4.9601731300354,0.03415101766586304
2045-03-27,,29.61822509765625,34.567718505859375,-4.984620571136475,0.03512951359152794
2045-03-28,,29.588321685791016,34.56794738769531,-5.014021396636963,0.034396570175886154
2045-03-29,,29.55651092529297,34.568180084228516,-5.047919750213623,0.03625147417187691
2045-03-30,,29.184356689453125,34.56840896606445,-5.085778713226318,-0.29827752709388733
2045-03-31,,29.477298736572266,34.568641662597656,-5.1269917488098145,0.0356491394340992
2045-04-01,,29.52069854736328,34.56887435913086,-5.170874118804932,0.1226998120546341
2045-04-02,,29.386577606201172,34.5691032409668,-5.216678142547607,0.03415101766586304
2045-04-03,,29.34087371826172,34.569332122802734,-5.2635908126831055,0.03512951359152794
2045-04-04,,29.29322052001953,34.56956481933594,-5.3107404708862305,0.034396570175886154
2045-04-05,,29.24884033203125,34.56979751586914,-5.357207775115967,0.03625147417187691
2045-04-06,,28.869720458984375,34.57002639770508,-5.402027130126953,-0.29827752709388733
2045-04-07,,29.161712646484375,34.57025909423828,-5.4441938400268555,0.0356491394340992
2045-04-08,,29.21051025390625,34.57048797607422,-5.4826765060424805,0.1226998120546341
2045-04-09,,29.08844757080078,34.57072067260742,-5.516422748565674,0.03415101766586304
2045-04-10,,29.06171417236328,34.57094955444336,-5.54436731338501,0.03512951359152794
2045-04-11,,29.04013442993164,34.57118225097656,-5.56544303894043,0.034396570175886154
2045-04-12,,29.029075622558594,34.5714111328125,-5.578586101531982,0.03625147417187691
2045-04-13,,28.69061279296875,34.5716438293457,-5.582752227783203,-0.29827752709388733
2045-04-14,,29.030609130859375,34.57187271118164,-5.576915740966797,0.0356491394340992
2045-04-15,,29.13471221923828,34.572105407714844,-5.560091018676758,0.1226998120546341
2045-04-16,,29.075157165527344,34.57233810424805,-5.5313310623168945,0.03415101766586304
2045-04-17,,29.11795425415039,34.572566986083984,-5.489742755889893,0.03512951359152794
2045-04-18,,29.17270278930664,34.57279586791992,-5.43449068069458,0.034396570175886154
2045-04-19,,29.244468688964844,34.573028564453125,-5.364811897277832,0.03625147417187691
2045-04-20,,28.99496841430664,34.57326126098633,-5.28001594543457,-0.29827752709388733
2045-04-21,,29.429641723632812,34.573490142822266,-5.179497718811035,0.0356491394340992
2045-04-22,,29.633678436279297,34.5737190246582,-5.062741756439209,0.1226998120546341
2045-04-23,,29.67877960205078,34.573951721191406,-4.929324150085449,0.03415101766586304
2045-04-24,,29.830387115478516,34.57418441772461,-4.778927326202393,0.03512951359152794
2045-04-25,,29.997474670410156,34.57441329956055,-4.611334323883057,0.034396570175886154
2045-04-26,,30.18445587158203,34.57464599609375,-4.426438808441162,0.03625147417187691
2045-04-27,,30.052356719970703,34.57487869262695,-4.224240779876709,-0.29827752709388733
2045-04-28,,30.605899810791016,34.57510757446289,-4.004857540130615,0.0356491394340992
2045-04-29,,30.929519653320312,34.57533645629883,-3.7685155868530273,0.1226998120546341
2045-04-30,,31.094165802001953,34.57556915283203,-3.5155534744262695,0.03415101766586304
2045-05-01,,31.364505767822266,34.575801849365234,-3.24642276763916,0.03512951359152794
2045-05-02,,31.648746490478516,34.57603073120117,-2.961682081222534,0.034396570175886154
2045-05-03,,31.950515747070312,34.57625961303711,-2.6619958877563477,0.03625147417187691
2045-05-04,,31.930084228515625,34.57649230957031,-2.3481297492980957,-0.29827752709388733
2045-05-05,,32.591426849365234,34.576725006103516,-2.020946741104126,0.0356491394340992
2045-05-06,,33.018253326416016,34.57695388793945,-1.6813985109329224,0.1226998120546341
2045-05-07,,33.28081130981445,34.57718276977539,-1.3305217027664185,0.03415101766586304
2045-05-08,,33.64311599731445,34.577415466308594,-0.9694289565086365,0.03512951359152794
2045-05-09,,34.01274108886719,34.5776481628418,-0.5993021726608276,0.034396570175886154
2045-05-10,,34.39274597167969,34.577877044677734,-0.2213822603225708,0.03625147417187691
2045-05-11,,34.44287109375,34.57810592651367,0.16303981840610504,-0.29827752709388733
2045-05-12,,35.16661834716797,34.578338623046875,0.5526309013366699,0.0356491394340992
2045-05-13,,35.64729690551758,34.57857131958008,0.946027398109436,0.1226998120546341
2045-05-14,,35.954795837402344,34.578800201416016,1.3418450355529785,0.03415101766586304
2045-05-15,,36.35285186767578,34.57903289794922,1.738688588142395,0.03512951359152794
2045-05-16,,36.74882507324219,34.57926559448242,2.1351635456085205,0.034396570175886154
2045-05-17,,37.1456298828125,34.57949447631836,2.5298850536346436,0.03625147417187691
2045-05-18,,37.20293426513672,34.5797233581543,2.92149019241333,-0.29827752709388733
2045-05-19,,37.924251556396484,34.5799560546875,3.308645725250244,0.0356491394340992
2045-05-20,,38.392948150634766,34.5801887512207,3.690060615539551,0.1226998120546341
2045-05-21,,38.67906188964844,34.58041763305664,4.064493656158447,0.03415101766586304
2045-05-22,,39.046539306640625,34.58064651489258,4.430761337280273,0.03512951359152794
2045-05-23,,39.40303039550781,34.58087921142578,4.787753582000732,0.034396570175886154
2045-05-24,,39.75178909301758,34.581111907958984,5.134427070617676,0.03625147417187691
2045-05-25,,39.752891540527344,34.58134078979492,5.469828128814697,-0.29827752709388733
2045-05-26,,40.41031265258789,34.581573486328125,5.793088436126709,0.0356491394340992
2045-05-27,,40.80794143676758,34.58180236816406,6.10343599319458,0.1226998120546341
2045-05-28,,41.01638412475586,34.582035064697266,6.400198459625244,0.03415101766586304
2045-05-29,,41.30019760131836,34.5822639465332,6.682803630828857,0.03512951359152794
2045-05-30,,41.567684173583984,34.582496643066406,6.950788974761963,0.034396570175886154
2045-05-31,,41.82277297973633,34.582725524902344,7.203794956207275,0.03625147417187691
2045-06-01,,41.726253509521484,34.58295822143555,7.441574573516846,-0.29827752709388733
2045-06-02,,42.28282165527344,34.583187103271484,7.663986682891846,0.0356491394340992
2045-06-03,,42.577117919921875,34.58341979980469,7.870997905731201,0.1226998120546341
2045-06-04,,42.680484771728516,34.58365249633789,8.06268310546875,0.03415101766586304
2045-06-05,,42.85822296142578,34.58388137817383,8.239214897155762,0.03512951359152794
2045-06-06,,43.01937484741211,34.58411407470703,8.400866508483887,0.034396570175886154
2045-06-07,,43.168601989746094,34.58434295654297,8.548005104064941,0.03625147417187691
2045-06-08,,42.967384338378906,34.58457565307617,8.6810884475708,-0.29827752709388733
2045-06-09,,43.421104431152344,34.58480453491211,8.800651550292969,0.0356491394340992
2045-06-10,,43.61504364013672,34.58503723144531,8.907307624816895,0.1226998120546341
2045-06-11,,43.621158599853516,34.58526611328125,9.001738548278809,0.03415101766586304
2045-06-12,,43.7053108215332,34.58549880981445,9.084683418273926,0.03512951359152794
2045-06-13,,43.77705764770508,34.58572769165039,9.156933784484863,0.034396570175886154
2045-06-14,,43.84153366088867,34.585960388183594,9.219322204589844,0.03625147417187691
2045-06-15,,43.560630798339844,34.58618927001953,9.27271556854248,-0.29827752709388733
2045-06-16,,43.94007110595703,34.586421966552734,9.318002700805664,0.0356491394340992
2045-06-17,,44.06544494628906,34.58665466308594,9.356090545654297,0.1226998120546341
2045-06-18,,44.0089225769043,34.586883544921875,9.38788890838623,0.03415101766586304
2045-06-19,,44.03654098510742,34.58711242675781,9.414297103881836,0.03512951359152794
2045-06-20,,44.057952880859375,34.587345123291016,9.436210632324219,0.034396570175886154
2045-06-21,,44.07832336425781,34.58757781982422,9.454496383666992,0.03625147417187691
2045-06-22,,43.759525299072266,34.587806701660156,9.469993591308594,-0.29827752709388733
2045-06-23,,44.10718536376953,34.58803939819336,9.483498573303223,0.0356491394340992
2045-06-24,,44.20673370361328,34.5882682800293,9.495765686035156,0.1226998120546341
2045-06-25,,44.13014221191406,34.5885009765625,9.507491111755371,0.03415101766586304
2045-06-26,,44.14316940307617,34.58872985839844,9.519309043884277,0.03512951359152794
2045-06-27,,44.15515899658203,34.58896255493164,9.531800270080566,0.034396570175886154
2045-06-28,,44.17090606689453,34.589195251464844,9.54546070098877,0.03625147417187691
2045-06-29,,43.851863861083984,34.58942413330078,9.560718536376953,-0.29827752709388733
2045-06-30,,44.20323181152344,34.58965301513672,9.577924728393555,0.0356491394340992
2045-07-01,,44.3099365234375,34.58988571166992,9.597350120544434,0.1226998120546341
2045-07-02,,44.24345016479492,34.590118408203125,9.619180679321289,0.03415101766586304
2045-07-03,,44.26900100708008,34.59034729003906,9.643524169921875,0.03512951359152794
2045-07-04,,44.29538345336914,34.590576171875,9.670408248901367,0.034396570175886154
2045-07-05,,44.32683181762695,34.5908088684082,9.699772834777832,0.03625147417187691
2045-07-06,,44.02425003051758,34.591041564941406,9.731487274169922,-0.29827752709388733
2045-07-07,,44.39226150512695,34.591270446777344,9.765340805053711,0.0356491394340992
2045-07-08,,44.51525115966797,34.59149932861328,9.80105209350586,0.1226998120546341
2045-07-09,,44.46416091918945,34.591732025146484,9.838274955749512,0.03415101766586304
2045-07-10,,44.503692626953125,34.59196472167969,9.876598358154297,0.03512951359152794
2045-07-11,,44.542144775390625,34.592193603515625,9.915555000305176,0.034396570175886154
2045-07-12,,44.58330535888672,34.59242630004883,9.954628944396973,0.03625147417187691
2045-07-13,,44.28763961791992,34.592655181884766,9.993258476257324,-0.29827752709388733
2045-07-14,,44.65938949584961,34.59288787841797,10.030851364135742,0.0356491394340992
2045-07-15,,44.78260040283203,34.593116760253906,10.06678295135498,0.1226998120546341
2045-07-16,,44.727909088134766,34.59334945678711,10.100408554077148,0.03415101766586304
2045-07-17,,44.75978469848633,34.59358215332031,10.131072998046875,0.03512951359152794
2045-07-18,,44.78632354736328,34.59381103515625,10.158116340637207,0.034396570175886154
2045-07-19,,44.81117630004883,34.59403991699219,10.18088436126709,0.03625147417187691
2045-07-20,,44.494728088378906,34.59427261352539,10.198731422424316,-0.29827752709388733
2045-07-21,,44.841190338134766,34.594505310058594,10.21103572845459,0.0356491394340992
2045-07-22,,44.934635162353516,34.59473419189453,10.21720027923584,0.1226998120546341
2045-07-23,,44.845787048339844,34.59496307373047,10.216670036315918,0.03415101766586304
2045-07-24,,44.83924865722656,34.59519577026367,10.208922386169434,0.03512951359152794
2045-07-25,,44.82331466674805,34.595428466796875,10.193490028381348,0.034396570175886154
2045-07-26,,44.80187225341797,34.59565734863281,10.169962882995605,0.03625147417187691
2045-07-27,,44.43559265136719,34.59588623046875,10.137980461120605,-0.29827752709388733
2045-07-28,,44.729026794433594,34.59611892700195,10.097258567810059,0.0356491394340992
2045-07-29,,44.766624450683594,34.596351623535156,10.04757308959961,0.1226998120546341
2045-07-30,,44.6195068359375,34.596580505371094,9.988774299621582,0.03415101766586304
2045-07-31,,44.552730560302734,34.5968132019043,9.920787811279297,0.03512951359152794
2045-08-01,,44.475059509277344,34.597042083740234,9.84361743927002,0.034396570175886154
2045-08-02,,44.3908576965332,34.59727478027344,9.757330894470215,0.03625147417187691
2045-08-03,,43.9613151550293,34.597503662109375,9.66208553314209,-0.29827752709388733
2045-08-04,,44.19149398803711,34.59773635864258,9.558109283447266,0.0356491394340992
2045-08-05,,44.1663703918457,34.59796905517578,9.44570255279541,0.1226998120546341
2045-08-06,,43.95759201049805,34.59819793701172,9.32524299621582,0.03415101766586304
2045-08-07,,43.830718994140625,34.598426818847656,9.197161674499512,0.03512951359152794
2045-08-08,,43.69502639770508,34.59865951538086,9.061968803405762,0.034396570175886154
2045-08-09,,43.55536651611328,34.59889221191406,8.920226097106934,0.03625147417187691
2045-08-10,,43.07339096069336,34.59912109375,8.77254867553711,-0.29827752709388733
2045-08-11,,43.25460433959961,34.5993537902832,8.619600296020508,0.0356491394340992
2045-08-12,,43.18437194824219,34.59958267211914,8.462087631225586,0.1226998120546341
2045-08-13,,42.934715270996094,34.599815368652344,8.300749778747559,0.03415101766586304
2045-08-14,,42.771522521972656,34.60004425048828,8.136350631713867,0.03512951359152794
2045-08-15,,42.604347229003906,34.60027313232422,7.969677925109863,0.034396570175886154
2045-08-16,,42.43828582763672,34.60050582885742,7.80152702331543,0.03625147417187691
2045-08-17,,41.935157775878906,34.600738525390625,7.632696151733398,-0.29827752709388733
2045-08-18,,42.10060119628906,34.60096740722656,7.463983058929443,0.0356491394340992
2045-08-19,,42.02006912231445,34.601200103759766,7.296169757843018,0.1226998120546341
2045-08-20,,41.76559829711914,34.6014289855957,7.1300177574157715,0.03415101766586304
2045-08-21,,41.60305404663086,34.601661682128906,6.966262340545654,0.03512951359152794
2045-08-22,,41.44188690185547,34.60189437866211,6.805596828460693,0.034396570175886154
2045-08-23,,41.28705596923828,34.60212326049805,6.648679733276367,0.03625147417187691
2045-08-24,,40.800193786621094,34.60235595703125,6.496116638183594,-0.29827752709388733
2045-08-25,,40.986690521240234,34.60258483886719,6.348455429077148,0.0356491394340992
2045-08-26,,40.93170166015625,34.602813720703125,6.206185340881348,0.1226998120546341
2045-08-27,,40.70692443847656,34.60304641723633,6.069726943969727,0.03415101766586304
2045-08-28,,40.57783889770508,34.60327911376953,5.939431190490723,0.03512951359152794
2045-08-29,,40.4534797668457,34.60350799560547,5.815575122833252,0.034396570175886154
2045-08-30,,40.338348388671875,34.60374069213867,5.6983561515808105,0.03625147417187691
2045-08-31,,39.89358901977539,34.60396957397461,5.587896823883057,-0.29827752709388733
2045-09-01,,40.124080657958984,34.60420227050781,5.484232425689697,0.0356491394340992
2045-09-02,,40.11445617675781,34.604434967041016,5.387321472167969,0.1226998120546341
2045-09-03,,39.935855865478516,34.60466384887695,5.297040939331055,0.03415101766586304
2045-09-04,,39.853206634521484,34.60489273071289,5.2131853103637695,0.03512951359152794
2045-09-05,,39.77499771118164,34.605125427246094,5.135474681854248,0.034396570175886154
2045-09-06,,39.70515823364258,34.6053581237793,5.063551425933838,0.03625147417187691
2045-09-07,,39.30429458618164,34.605587005615234,4.996984958648682,-0.29827752709388733
2045-09-08,,39.57674789428711,34.60581588745117,4.935280799865723,0.0356491394340992
2045-09-09,,39.60662841796875,34.606048583984375,4.877878665924072,0.1226998120546341
2045-09-10,,39.4645881652832,34.60628128051758,4.824159622192383,0.03415101766586304
2045-09-11,,39.41510009765625,34.606510162353516,4.773458003997803,0.03512951359152794
2045-09-12,,39.36619567871094,34.60674285888672,4.725059509277344,0.034396570175886154
2045-09-13,,39.32143783569336,34.606971740722656,4.678214073181152,0.03625147417187691
2045-09-14,,38.94106674194336,34.60720443725586,4.632138729095459,-0.29827752709388733
2045-09-15,,39.2291145324707,34.6074333190918,4.586030960083008,0.0356491394340992
2045-09-16,,39.26943588256836,34.607666015625,4.539071559906006,0.1226998120546341
2045-09-17,,39.132484436035156,34.6078987121582,4.490435600280762,0.03415101766586304
2045-09-18,,39.082557678222656,34.60812759399414,4.439298629760742,0.03512951359152794
2045-09-19,,39.0275993347168,34.60835647583008,4.384846210479736,0.034396570175886154
2045-09-20,,38.97111892700195,34.60858917236328,4.326281547546387,0.03625147417187691
2045-09-21,,38.5733757019043,34.608821868896484,4.2628326416015625,-0.29827752709388733
2045-09-22,,38.838462829589844,34.60905075073242,4.19376277923584,0.0356491394340992
2045-09-23,,38.85034942626953,34.60927963256836,4.11837100982666,0.1226998120546341
2045-09-24,,38.67967224121094,34.60951232910156,4.036008358001709,0.03415101766586304
2045-09-25,,38.59095001220703,34.609745025634766,3.946075677871704,0.03512951359152794
2045-09-26,,38.492408752441406,34.6099739074707,3.848036766052246,0.034396570175886154
2045-09-27,,38.38787078857422,34.61020278930664,3.74141526222229,0.03625147417187691
2045-09-28,,37.93796920776367,34.610435485839844,3.625810384750366,-0.29827752709388733
2045-09-29,,38.1472053527832,34.61066818237305,3.500890016555786,0.0356491394340992
2045-09-30,,38.099998474121094,34.610897064208984,3.3664000034332275,0.1226998120546341
2045-10-01,,37.86744689941406,34.61112976074219,3.2221670150756836,0.03415101766586304
2045-10-02,,37.7145881652832,34.611358642578125,3.0680978298187256,0.03512951359152794
2045-10-03,,37.550167083740234,34.61159133911133,2.9041812419891357,0.034396570175886154
2045-10-04,,37.378562927246094,34.611820220947266,2.7304890155792236,0.03625147417187691
2045-10-05,,36.8609504699707,34.61205291748047,2.5471746921539307,-0.29827752709388733
2045-10-06,,37.00240707397461,34.61228561401367,2.35447359085083,0.0356491394340992
2045-10-07,,36.88791275024414,34.61251449584961,2.1526975631713867,0.1226998120546341
2045-10-08,,36.589134216308594,34.61274337768555,1.9422370195388794,0.03415101766586304
2045-10-09,,36.37165832519531,34.61297607421875,1.7235523462295532,0.03512951359152794
2045-10-10,,36.144779205322266,34.61320877075195,1.4971755743026733,0.034396570175886154
2045-10-11,,35.913387298583984,34.61343765258789,1.263700008392334,0.03625147417187691
2045-10-12,,35.339168548583984,34.61366653442383,1.0237783193588257,-0.29827752709388733
2045-10-13,,35.42766571044922,34.61389923095703,0.7781167030334473,0.0356491394340992
2045-10-14,,35.26429748535156,34.614131927490234,0.5274669528007507,0.1226998120546341
2045-10-15,,34.9211311340332,34.61436080932617,0.27262166142463684,0.03415101766586304
2045-10-16,,34.66413116455078,34.614593505859375,0.01440637931227684,0.03512951359152794
2045-10-17,,34.40289306640625,34.61482238769531,-0.24632684886455536,0.034396570175886154
2045-10-18,,34.14259719848633,34.615055084228516,-0.5087073445320129,0.03625147417187691
2045-10-19,,33.5451545715332,34.61528396606445,-0.7718527913093567,-0.29827752709388733
2045-10-20,,33.61628723144531,34.615516662597656,-1.0348775386810303,0.0356491394340992
2045-10-21,,33.44154739379883,34.615745544433594,-1.2968978881835938,0.1226998120546341
2045-10-22,,33.09308624267578,34.6159782409668,-1.5570424795150757,0.03415101766586304
2045-10-23,,32.836883544921875,34.616207122802734,-1.814455509185791,0.03512951359152794
2045-10-24,,32.5825309753418,34.61643981933594,-2.0683064460754395,0.034396570175886154
2045-10-25,,32.33512496948242,34.61667251586914,-2.3177967071533203,0.03625147417187691
2045-10-26,,31.75646209716797,34.61690139770508,-2.562161684036255,-0.29827752709388733
2045-10-27,,31.852100372314453,34.61713409423828,-2.8006818294525146,0.0356491394340992
2045-10-28,,31.707378387451172,34.61736297607422,-3.0326850414276123,0.1226998120546341
2045-10-29,,31.394195556640625,34.61759567260742,-3.2575490474700928,0.03415101766586304
2045-10-30,,31.178241729736328,34.61782455444336,-3.474712610244751,0.03512951359152794
2045-10-31,,30.96878433227539,34.61805725097656,-3.683668851852417,0.034396570175886154
2045-11-01,,30.77056121826172,34.6182861328125,-3.8839783668518066,0.03625147417187691
2045-11-02,,30.244976043701172,34.6185188293457,-4.075263500213623,-0.29827752709388733
2045-11-03,,30.39718246459961,34.61874771118164,-4.2572150230407715,0.0356491394340992
2045-11-04,,30.312091827392578,34.618980407714844,-4.42958927154541,0.1226998120546341
2045-11-05,,30.06114959716797,34.61920928955078,-4.592212677001953,0.03415101766586304
2045-11-06,,29.909595489501953,34.619441986083984,-4.744975566864014,0.03512951359152794
2045-11-07,,29.766231536865234,34.61967468261719,-4.887837886810303,0.034396570175886154
2045-11-08,,29.635334014892578,34.619903564453125,-5.020820617675781,0.03625147417187691
2045-11-09,,29.177845001220703,34.62013244628906,-5.1440110206604,-0.29827752709388733
2045-11-10,,29.39846420288086,34.620365142822266,-5.257550239562988,0.0356491394340992
2045-11-11,,29.38165283203125,34.62059783935547,-5.361642837524414,0.1226998120546341
2045-11-12,,29.198440551757812,34.620826721191406,-5.456539630889893,0.03415101766586304
2045-11-13,,29.1136474609375,34.62105941772461,-5.54254150390625,0.03512951359152794
2045-11-14,,29.035686492919922,34.62128829956055,-5.619996070861816,0.034396570175886154
2045-11-15,,28.968486785888672,34.62152099609375,-5.689285755157471,0.03625147417187691
2045-11-16,,28.572647094726562,34.62174987792969,-5.750827789306641,-0.29827752709388733
2045-11-17,,28.852561950683594,34.62198257446289,-5.805068492889404,0.0356491394340992
2045-11-18,,28.892433166503906,34.622215270996094,-5.852479457855225,0.1226998120546341
2045-11-19,,28.763050079345703,34.62244415283203,-5.893544673919678,0.03415101766586304
2045-11-20,,28.72903823852539,34.62267303466797,-5.928764343261719,0.03512951359152794
2045-11-21,,28.698657989501953,34.62290573120117,-5.958644866943359,0.034396570175886154
2045-11-22,,28.67569351196289,34.623138427734375,-5.983694076538086,0.03625147417187691
2045-11-23,,28.3206787109375,34.62336730957031,-6.00441312789917,-0.29827752709388733
2045-11-24,,28.63794708251953,34.62359619140625,-6.021297931671143,0.0356491394340992
2045-11-25,,28.71169662475586,34.62382888793945,-6.034830570220947,0.1226998120546341
2045-11-26,,28.61273956298828,34.624061584472656,-6.045472145080566,0.03415101766586304
2045-11-27,,28.605754852294922,34.624290466308594,-6.0536651611328125,0.03512951359152794
2045-11-28,,28.59909439086914,34.62451934814453,-6.0598249435424805,0.034396570175886154
2045-11-29,,28.596660614013672,34.624752044677734,-6.064343452453613,0.03625147417187691
2045-11-30,,28.259136199951172,34.62498474121094,-6.067571640014648,-0.29827752709388733
2045-12-01,,28.591026306152344,34.625213623046875,-6.069835662841797,0.0356491394340992
2045-12-02,,28.67672348022461,34.62544631958008,-6.0714216232299805,0.1226998120546341
2045-12-03,,28.58724594116211,34.62567901611328,-6.072582244873047,0.03415101766586304
2045-12-04,,28.587509155273438,34.62590789794922,-6.0735297203063965,0.03512951359152794
2045-12-05,,28.586090087890625,34.626136779785156,-6.074442386627197,0.034396570175886154
2045-12-06,,28.587162017822266,34.62636947631836,-6.075457572937012,0.03625147417187691
2045-12-07,,28.251644134521484,34.62660217285156,-6.0766801834106445,-0.29827752709388733
2045-12-08,,28.584304809570312,34.6268310546875,-6.0781755447387695,0.0356491394340992
2045-12-09,,28.669780731201172,34.62705993652344,-6.07997989654541,0.1226998120546341
2045-12-10,,28.579349517822266,34.62729263305664,-6.082093715667725,0.03415101766586304
2045-12-11,,28.578163146972656,34.627525329589844,-6.084488868713379,0.03512951359152794
2045-12-12,,28.57503890991211,34.62775421142578,-6.0871124267578125,0.034396570175886154
2045-12-13,,28.57434844970703,34.62798309326172,-6.089888095855713,0.03625147417187691
2045-12-14,,28.237224578857422,34.62821578979492,-6.092716693878174,-0.29827752709388733
2045-12-15,,28.56861114501953,34.628448486328125,-6.095484256744385,0.0356491394340992
2045-12-16,,28.653316497802734,34.62867736816406,-6.098062515258789,0.1226998120546341
2045-12-17,,28.562744140625,34.62890625,-6.100314140319824,0.03415101766586304
2045-12-18,,28.562175750732422,34.6291389465332,-6.102094650268555,0.03512951359152794
2045-12-19,,28.560508728027344,34.629371643066406,-6.103260040283203,0.034396570175886154
2045-12-20,,28.56218719482422,34.629600524902344,-6.103665351867676,0.03625147417187691
2045-12-21,,28.228382110595703,34.62983322143555,-6.103172302246094,-0.29827752709388733
2045-12-22,,28.564064025878906,34.63006591796875,-6.101648807525635,0.0356491394340992
2045-12-23,,28.65401840209961,34.63029479980469,-6.098975658416748,0.1226998120546341
2045-12-24,,28.569625854492188,34.630523681640625,-6.095048904418945,0.03415101766586304
2045-12-25,,28.57610321044922,34.63075637817383,-6.089782238006592,0.03512951359152794
2045-12-26,,28.582279205322266,34.63098907470703,-6.08310604095459,0.034396570175886154
2045-12-27,,28.59249496459961,34.63121795654297,-6.074975490570068,0.03625147417187691
2045-12-28,,28.267807006835938,34.631446838378906,-6.065365314483643,-0.29827752709388733
2045-12-29,,28.613048553466797,34.63167953491211,-6.054280757904053,0.0356491394340992
2045-12-30,,28.71286392211914,34.63191223144531,-6.041746616363525,0.1226998120546341
2045-12-31,,28.638477325439453,34.63214111328125,-6.027814865112305,0.03415101766586304
2046-01-01,,28.654937744140625,34.63237380981445,-6.0125651359558105,0.03512951359152794
2046-01-02,,28.670902252197266,34.63260269165039,-5.996099948883057,0.034396570175886154
2046-01-03,,28.690536499023438,34.632835388183594,-5.978549003601074,0.03625147417187691
2046-01-04,,28.374725341796875,34.63306427001953,-5.960063457489014,-0.29827752709388733
2046-01-05,,28.728130340576172,34.633296966552734,-5.9408159255981445,0.0356491394340992
2046-01-06,,28.835227966308594,34.63352584838867,-5.920998573303223,0.1226998120546341
2046-01-07,,28.76708984375,34.633758544921875,-5.900821208953857,0.03415101766586304
2046-01-08,,28.78860855102539,34.63398742675781,-5.880507469177246,0.03512951359152794
2046-01-09,,28.80832290649414,34.634220123291016,-5.860294818878174,0.034396570175886154
2046-01-10,,28.830276489257812,34.63445281982422,-5.840426445007324,0.03625147417187691
2046-01-11,,28.51525115966797,34.634681701660156,-5.821152210235596,-0.29827752709388733
2046-01-12,,28.867839813232422,34.63491439819336,-5.8027238845825195,0.0356491394340992
2046-01-13,,28.972454071044922,34.6351432800293,-5.7853899002075195,0.1226998120546341
2046-01-14,,28.900131225585938,34.6353759765625,-5.769392490386963,0.03415101766586304
2046-01-15,,28.915767669677734,34.63560485839844,-5.754968166351318,0.03512951359152794
2046-01-16,,28.927898406982422,34.63583755493164,-5.742337703704834,0.034396570175886154
2046-01-17,,28.940616607666016,34.63606643676758,-5.73170280456543,0.03625147417187691
2046-01-18,,28.614768981933594,34.63629913330078,-5.723251819610596,-0.29827752709388733
2046-01-19,,28.955032348632812,34.63652801513672,-5.717145919799805,0.0356491394340992
2046-01-20,,29.045940399169922,34.63676071166992,-5.713521480560303,0.1226998120546341
2046-01-21,,28.958656311035156,34.63698959350586,-5.712485313415527,0.03415101766586304
2046-01-22,,28.958236694335938,34.63722229003906,-5.714113712310791,0.03512951359152794
2046-01-23,,28.953399658203125,34.637454986572266,-5.7184529304504395,0.034396570175886154
2046-01-24,,28.948429107666016,34.6376838684082,-5.725508689880371,0.03625147417187691
2046-01-25,,28.604381561279297,34.63791275024414,-5.735257148742676,-0.29827752709388733
2046-01-26,,28.926158905029297,34.638145446777344,-5.747636318206787,0.0356491394340992
2046-01-27,,28.998531341552734,34.63837814331055,-5.762545108795166,0.1226998120546341
2046-01-28,,28.89291000366211,34.638607025146484,-5.779850006103516,0.03415101766586304
2046-01-29,,28.874588012695312,34.63883972167969,-5.799378871917725,0.03512951359152794
2046-01-30,,28.8525390625,34.639068603515625,-5.820925712585449,0.034396570175886154
2046-01-31,,28.831298828125,34.63930130004883,-5.844252586364746,0.03625147417187691
2046-02-01,,28.472164154052734,34.639530181884766,-5.869089126586914,-0.29827752709388733
2046-02-02,,28.7802734375,34.63976287841797,-5.895136833190918,0.0356491394340992
2046-02-03,,28.840621948242188,34.63999557495117,-5.922071933746338,0.1226998120546341
2046-02-04,,28.72482681274414,34.64022445678711,-5.94954776763916,0.03415101766586304
2046-02-05,,28.698383331298828,34.64045333862305,-5.977202415466309,0.03512951359152794
2046-02-06,,28.670425415039062,34.64068603515625,-6.004654407501221,0.034396570175886154
2046-02-07,,28.645652770996094,34.64091873168945,-6.031516075134277,0.03625147417187691
2046-02-08,,28.285480499267578,34.64114761352539,-6.057390213012695,-0.29827752709388733
2046-02-09,,28.59514617919922,34.64137649536133,-6.08188009262085,0.0356491394340992
2046-02-10,,28.659713745117188,34.64160919189453,-6.104593753814697,0.1226998120546341
2046-02-11,,28.550846099853516,34.641841888427734,-6.125145435333252,0.03415101766586304
2046-02-12,,28.534038543701172,34.64207077026367,-6.143163204193115,0.03512951359152794
2046-02-13,,28.518402099609375,34.64229965209961,-6.158294200897217,0.034396570175886154
2046-02-14,,28.50857925415039,34.64253234863281,-6.170206546783447,0.03625147417187691
2046-02-15,,28.165891647338867,34.642765045166016,-6.178594589233398,-0.29827752709388733
2046-02-16,,28.49545669555664,34.64299392700195,-6.183187961578369,0.0356491394340992
2046-02-17,,28.58218002319336,34.643226623535156,-6.183745384216309,0.1226998120546341
2046-02-18,,28.497535705566406,34.643455505371094,-6.180071830749512,0.03415101766586304
2046-02-19,,28.50680923461914,34.6436882019043,-6.172009468078613,0.03512951359152794
2046-02-20,,28.51886749267578,34.643917083740234,-6.159448623657227,0.034396570175886154
2046-02-21,,28.538074493408203,34.64414978027344,-6.142326354980469,0.03625147417187691
2046-02-22,,28.225475311279297,34.64438247680664,-6.120626926422119,-0.29827752709388733
2046-02-23,,28.585872650146484,34.64461135864258,-6.094388484954834,0.0356491394340992
2046-02-24,,28.703838348388672,34.644840240478516,-6.06370210647583,0.1226998120546341
2046-02-25,,28.650516510009766,34.64507293701172,-6.0287065505981445,0.03415101766586304
2046-02-26,,28.690837860107422,34.64530563354492,-5.98959493637085,0.03512951359152794
2046-02-27,,28.733318328857422,34.64553451538086,-5.946610927581787,0.034396570175886154
2046-02-28,,28.781970977783203,34.6457633972168,-5.9000468254089355,0.03625147417187691
2046-03-01,,28.497478485107422,34.64599609375,-5.850240230560303,-0.29827752709388733
2046-03-02,,28.88430404663086,34.6462287902832,-5.797573566436768,0.0356491394340992
2046-03-03,,29.026687622070312,34.64645767211914,-5.742471218109131,0.1226998120546341
2046-03-04,,28.995445251464844,34.64668655395508,-5.685393333435059,0.03415101766586304
2046-03-05,,29.055221557617188,34.64691925048828,-5.626830101013184,0.03512951359152794
2046-03-06,,29.114246368408203,34.647151947021484,-5.567302227020264,0.034396570175886154
2046-03-07,,29.176284790039062,34.64738082885742,-5.507347583770752,0.03625147417187691
2046-03-08,,28.901809692382812,34.647613525390625,-5.447526931762695,-0.29827752709388733
2046-03-09,,29.295089721679688,34.64784240722656,-5.388403415679932,0.0356491394340992
2046-03-10,,29.440223693847656,34.648075103759766,-5.330550670623779,0.1226998120546341
2046-03-11,,29.407920837402344,34.6483039855957,-5.274534225463867,0.03415101766586304
2046-03-12,,29.462757110595703,34.648536682128906,-5.220911502838135,0.03512951359152794
2046-03-13,,29.512939453125,34.64876937866211,-5.170224666595459,0.034396570175886154
2046-03-14,,29.562259674072266,34.64899826049805,-5.12299108505249,0.03625147417187691
2046-03-15,,29.271251678466797,34.649227142333984,-5.079697132110596,-0.29827752709388733
2046-03-16,,29.64431381225586,34.64945983886719,-5.040797233581543,0.0356491394340992
2046-03-17,,29.76569366455078,34.64969253540039,-5.0066986083984375,0.1226998120546341
2046-03-18,,29.706314086914062,34.64992141723633,-4.97775936126709,0.03415101766586304
2046-03-19,,29.730998992919922,34.65015411376953,-4.954285144805908,0.03512951359152794
2046-03-20,,29.74825668334961,34.65038299560547,-4.936522006988525,0.034396570175886154
2046-03-21,,29.762218475341797,34.65061569213867,-4.924646377563477,0.03625147417187691
2046-03-22,,29.433795928955078,34.65084457397461,-4.918771743774414,-0.29827752709388733
2046-03-23,,29.767791748046875,34.65107727050781,-4.918935298919678,0.0356491394340992
2046-03-24,,29.848907470703125,34.65130615234375,-4.925097942352295,0.1226998120546341
2046-03-25,,29.74854278564453,34.65153884887695,-4.937145233154297,0.03415101766586304
2046-03-26,,29.732017517089844,34.65176773071289,-4.954881191253662,0.03512951359152794
2046-03-27,,29.708370208740234,34.652000427246094,-4.978027820587158,0.034396570175886154
2046-03-28,,29.6822509765625,34.65222930908203,-5.00623083114624,0.03625147417187691
2046-03-29,,29.31513214111328,34.652462005615234,-5.039051532745361,-0.29827752709388733
2046-03-30,,29.612369537353516,34.65269470214844,-5.075974464416504,0.0356491394340992
2046-03-31,,29.65921401977539,34.652923583984375,-5.116410732269287,0.1226998120546341
2046-04-01,,29.527610778808594,34.65315628051758,-5.159692764282227,0.03415101766586304
2046-04-02,,29.48342514038086,34.653385162353516,-5.205090522766113,0.03512951359152794
2046-04-03,,29.43621063232422,34.65361785888672,-5.251804828643799,0.034396570175886154
2046-04-04,,29.391117095947266,34.653846740722656,-5.298980236053467,0.03625147417187691
2046-04-05,,29.010093688964844,34.65407943725586,-5.345707893371582,-0.29827752709388733
2046-04-06,,29.298927307128906,34.6543083190918,-5.391031265258789,0.0356491394340992
2046-04-07,,29.343284606933594,34.654541015625,-5.433956623077393,0.1226998120546341
2046-04-08,,29.21546173095703,34.65476989746094,-5.473458290100098,0.03415101766586304
2046-04-09,,29.181644439697266,34.65500259399414,-5.508488178253174,0.03512951359152794
2046-04-10,,29.15164566040039,34.655235290527344,-5.537984371185303,0.034396570175886154
2046-04-11,,29.130840301513672,34.65546417236328,-5.560876369476318,0.03625147417187691
2046-04-12,,28.781314849853516,34.65569305419922,-5.576100826263428,-0.29827752709388733
2046-04-13,,29.108966827392578,34.65592575073242,-5.582608699798584,0.0356491394340992
2046-04-14,,29.19948959350586,34.656158447265625,-5.579367160797119,0.1226998120546341
2046-04-15,,29.12515640258789,34.65638732910156,-5.565380096435547,0.03415101766586304
2046-04-16,,29.152057647705078,34.6566162109375,-5.539689064025879,0.03512951359152794
2046-04-17,,29.189857482910156,34.6568489074707,-5.501388072967529,0.034396570175886154
2046-04-18,,29.24370574951172,34.657081604003906,-5.449626922607422,0.03625147417187691
2046-04-19,,28.97541046142578,34.657310485839844,-5.383622646331787,-0.29827752709388733
2046-04-20,,29.390525817871094,34.65754318237305,-5.302667140960693,0.0356491394340992
2046-04-21,,29.574344635009766,34.657772064208984,-5.2061309814453125,0.1226998120546341
2046-04-22,,29.598678588867188,34.65800476074219,-5.09347677230835,0.03415101766586304
2046-04-23,,29.729106903076172,34.658233642578125,-4.964259147644043,0.03512951359152794
2046-04-24,,29.87472915649414,34.65846633911133,-4.818131923675537,0.034396570175886154
2046-04-25,,30.040096282958984,34.65869903564453,-4.654852390289307,0.03625147417187691
2046-04-26,,29.886363983154297,34.65892791748047,-4.4742865562438965,-0.29827752709388733
2046-04-27,,30.418399810791016,34.659156799316406,-4.276407718658447,0.0356491394340992
2046-04-28,,30.720783233642578,34.65938949584961,-4.061304092407227,0.1226998120546341
2046-04-29,,30.86459732055664,34.65962219238281,-3.829174041748047,0.03415101766586304
2046-04-30,,31.11465072631836,34.65985107421875,-3.580329179763794,0.03512951359152794
2046-05-01,,31.379287719726562,34.66007995605469,-3.3151919841766357,0.034396570175886154
2046-05-02,,31.662269592285156,34.66031265258789,-3.0342960357666016,0.03625147417187691
2046-05-03,,31.62398910522461,34.660545349121094,-2.7382781505584717,-0.29827752709388733
2046-05-04,,32.2685432434082,34.66077423095703,-2.427880048751831,0.0356491394340992
2046-05-05,,32.67976379394531,34.66100311279297,-2.103940010070801,0.1226998120546341
2046-05-06,,32.92799758911133,34.66123580932617,-1.7673895359039307,0.03415101766586304
2046-05-07,,33.2773551940918,34.661468505859375,-1.419243335723877,0.03512951359152794
2046-05-08,,33.635498046875,34.66169738769531,-1.0605965852737427,0.034396570175886154
2046-05-09,,34.00556564331055,34.661930084228516,-0.6926134824752808,0.03625147417187691
2046-05-10,,34.047359466552734,34.66215896606445,-0.3165230453014374,-0.29827752709388733
2046-05-11,,34.76443862915039,34.662391662597656,0.06639692187309265,0.0356491394340992
2046-05-12,,35.240142822265625,34.662620544433594,0.4548226296901703,0.1226998120546341
2046-05-13,,35.544403076171875,34.6628532409668,0.84739750623703,0.03415101766586304
2046-05-14,,35.94095230102539,34.6630859375,1.2427401542663574,0.03512951359152794
2046-05-15,,36.3371696472168,34.66331481933594,1.6394578218460083,0.034396570175886154
2046-05-16,,36.7359504699707,34.663543701171875,2.0361552238464355,0.03625147417187691
2046-05-17,,36.79694366455078,34.66377639770508,2.431443214416504,-0.29827752709388733
2046-05-18,,37.52360916137695,34.66400909423828,2.823953866958618,0.0356491394340992
2046-05-19,,37.99928283691406,34.66423797607422,3.2123451232910156,0.1226998120546341
2046-05-20,,38.2939338684082,34.664466857910156,3.595313787460327,0.03415101766586304
2046-05-21,,38.67143630981445,34.66469955444336,3.9716055393218994,0.03512951359152794
2046-05-22,,39.03934860229492,34.66493225097656,4.340022087097168,0.034396570175886154
2046-05-23,,39.40084457397461,34.6651611328125,4.699433326721191,0.03625147417187691
2046-05-24,,39.4158935546875,34.6653938293457,5.0487799644470215,-0.29827752709388733
2046-05-25,,40.088356018066406,34.66562271118164,5.387083530426025,0.0356491394340992
2046-05-26,,40.502010345458984,34.665855407714844,5.713454723358154,0.1226998120546341
2046-05-27,,40.72733688354492,34.66608428955078,6.027099132537842,0.03415101766586304
2046-05-28,,41.02876281738281,34.666316986083984,6.3273138999938965,0.03512951359152794
2046-05-29,,41.314449310302734,34.66654586791992,6.61350679397583,0.034396570175886154
2046-05-30,,41.58821487426758,34.666778564453125,6.885184288024902,0.03625147417187691
2046-05-31,,41.51069259643555,34.66700744628906,7.14196252822876,-0.29827752709388733
2046-06-01,,42.086456298828125,34.667240142822266,7.383565425872803,0.0356491394340992
2046-06-02,,42.39999771118164,34.66747283935547,7.609827518463135,0.1226998120546341
2046-06-03,,42.52253723144531,34.667701721191406,7.820687294006348,0.03415101766586304
2046-06-04,,42.71925354003906,34.66793441772461,8.016190528869629,0.03512951359152794
2046-06-05,,42.8990478515625,34.66816329956055,8.196488380432129,0.034396570175886154
2046-06-06,,43.06647872924805,34.66839599609375,8.36182975769043,0.03625147417187691
2046-06-07,,42.882904052734375,34.66862487792969,8.512558937072754,-0.29827752709388733
2046-06-08,,43.353614807128906,34.66885757446289,8.649107933044434,0.0356491394340992
2046-06-09,,43.56378173828125,34.66908645629883,8.771994590759277,0.1226998120546341
2046-06-10,,43.58528518676758,34.66931915283203,8.881817817687988,0.03415101766586304
2046-06-11,,43.68391799926758,34.66954803466797,8.979238510131836,0.03512951359152794
2046-06-12,,43.76915740966797,34.66978073120117,9.064981460571289,0.034396570175886154
2046-06-13,,43.846092224121094,34.67000961303711,9.1398286819458,0.03625147417187691
2046-06-14,,43.576568603515625,34.67024230957031,9.20460319519043,-0.29827752709388733
2046-06-15,,43.96628189086914,34.670475006103516,9.260161399841309,0.0356491394340992
2046-06-16,,44.10079574584961,34.67070388793945,9.307392120361328,0.1226998120546341
2046-06-17,,44.05228042602539,34.67093276977539,9.34719467163086,0.03415101766586304
2046-06-18,,44.08677291870117,34.671165466308594,9.380477905273438,0.03512951359152794
2046-06-19,,44.11394500732422,34.6713981628418,9.408150672912598,0.034396570175886154
2046-06-20,,44.13898468017578,34.671627044677734,9.431106567382812,0.03625147417187691
2046-06-21,,43.82380294799805,34.67185974121094,9.450220108032227,-0.29827752709388733
2046-06-22,,44.174072265625,34.672088623046875,9.466337203979492,0.0356491394340992
2046-06-23,,44.27528762817383,34.67232131958008,9.480267524719238,0.1226998120546341
2046-06-24,,44.19947814941406,34.672550201416016,9.492775917053223,0.03415101766586304
2046-06-25,,44.212486267089844,34.67278289794922,9.504573822021484,0.03512951359152794
2046-06-26,,44.223724365234375,34.67301559448242,9.516312599182129,0.034396570175886154
2046-06-27,,44.23808288574219,34.67324447631836,9.528587341308594,0.03625147417187691
2046-06-28,,43.91710662841797,34.6734733581543,9.541910171508789,-0.29827752709388733
2046-06-29,,44.26608657836914,34.6737060546875,9.556733131408691,0.0356491394340992
2046-06-30,,44.37006378173828,34.6739387512207,9.57342529296875,0.1226998120546341
2046-07-01,,44.300594329833984,34.67416763305664,9.59227466583252,0.03415101766586304
2046-07-02,,44.32301712036133,34.67439651489258,9.613489151000977,0.03512951359152794
2046-07-03,,44.346229553222656,34.67462921142578,9.637201309204102,0.034396570175886154
2046-07-04,,44.37456130981445,34.674861907958984,9.66344928741455,0.03625147417187691
2046-07-05,,44.06901931762695,34.67509078979492,9.692204475402832,-0.29827752709388733
2046-07-06,,44.43431854248047,34.67531967163086,9.723347663879395,0.0356491394340992
2046-07-07,,44.55494689941406,34.67555236816406,9.75669002532959,0.1226998120546341
2046-07-08,,44.50190353393555,34.675785064697266,9.79196834564209,0.03415101766586304
2046-07-09,,44.53999328613281,34.6760139465332,9.828847885131836,0.03512951359152794
2046-07-10,,44.57758331298828,34.676246643066406,9.866939544677734,0.034396570175886154
2046-07-11,,44.61851119995117,34.67647933959961,9.905783653259277,0.03625147417187691
2046-07-12,,44.323307037353516,34.67670822143555,9.944878578186035,-0.29827752709388733
2046-07-13,,44.69626235961914,34.676937103271484,9.983673095703125,0.0356491394340992
2046-07-14,,44.82145309448242,34.67716979980469,10.021584510803223,0.1226998120546341
2046-07-15,,44.7695426940918,34.67740249633789,10.057989120483398,0.03415101766586304
2046-07-16,,44.805015563964844,34.67763137817383,10.092253684997559,0.03512951359152794
2046-07-17,,44.83597946166992,34.677860260009766,10.1237211227417,0.034396570175886154
2046-07-18,,44.8660774230957,34.67809295654297,10.151731491088867,0.03625147417187691
2046-07-19,,44.5556755065918,34.67832565307617,10.175626754760742,-0.29827752709388733
2046-07-20,,44.90896987915039,34.67855453491211,10.194765090942383,0.0356491394340992
2046-07-21,,45.0099983215332,34.67878723144531,10.208511352539062,0.1226998120546341
2046-07-22,,44.929439544677734,34.67901611328125,10.216267585754395,0.03415101766586304
2046-07-23,,44.93183898925781,34.67924880981445,10.217459678649902,0.03512951359152794
2046-07-24,,44.925437927246094,34.67947769165039,10.211562156677246,0.034396570175886154
2046-07-25,,44.9140510559082,34.67970657348633,10.198091506958008,0.03625147417187691
2046-07-26,,44.55828857421875,34.67993927001953,10.176624298095703,-0.29827752709388733
2046-07-27,,44.862606048583984,34.680171966552734,10.1467866897583,0.0356491394340992
2046-07-28,,44.911373138427734,34.68040084838867,10.108272552490234,0.1226998120546341
2046-07-29,,44.77562713623047,34.680633544921875,10.060843467712402,0.03415101766586304
2046-07-30,,44.7203254699707,34.68086624145508,10.00433349609375,0.03512951359152794
2046-07-31,,44.65414047241211,34.681095123291016,9.938650131225586,0.034396570175886154
2046-08-01,,44.58134460449219,34.68132781982422,9.863767623901367,0.03625147417187691
2046-08-02,,44.163028717041016,34.681556701660156,9.779746055603027,-0.29827752709388733
2046-08-03,,44.40415954589844,34.68178939819336,9.686723709106445,0.0356491394340992
2046-08-04,,44.389625549316406,34.6820182800293,9.584905624389648,0.1226998120546341
2046-08-05,,44.190975189208984,34.682247161865234,9.474575996398926,0.03415101766586304
2046-08-06,,44.073699951171875,34.68247985839844,9.356088638305664,0.03512951359152794
2046-08-07,,43.94697570800781,34.68271255493164,9.229867935180664,0.034396570175886154
2046-08-08,,43.81559753417969,34.68294143676758,9.096403121948242,0.03625147417187691
2046-08-09,,43.34114074707031,34.68317413330078,8.956243515014648,-0.29827752709388733
2046-08-10,,43.5290412902832,34.68340301513672,8.809988975524902,0.0356491394340992
2046-08-11,,43.464630126953125,34.68363571166992,8.658293724060059,0.1226998120546341
2046-08-12,,43.21987533569336,34.683868408203125,8.50185489654541,0.03415101766586304
2046-08-13,,43.060630798339844,34.68409729003906,8.341401100158691,0.03512951359152794
2046-08-14,,42.896419525146484,34.684326171875,8.177695274353027,0.034396570175886154
2046-08-15,,42.73232650756836,34.6845588684082,8.011515617370605,0.03625147417187691
2046-08-16,,42.23017120361328,34.68478775024414,7.843660354614258,-0.29827752709388733
2046-08-17,,42.395591735839844,34.685020446777344,7.674922943115234,0.0356491394340992
2046-08-18,,42.314056396484375,34.68525314331055,7.506107330322266,0.1226998120546341
2046-08-19,,42.0576286315918,34.685482025146484,7.337996006011963,0.03415101766586304
2046-08-20,,41.89220428466797,34.68571472167969,7.171358585357666,0.03512951359152794
2046-08-21,,41.72727966308594,34.685943603515625,7.006937026977539,0.034396570175886154
2046-08-22,,41.56786346435547,34.68617630004883,6.8454365730285645,0.03625147417187691
2046-08-23,,41.07565689086914,34.68640899658203,6.687525272369385,-0.29827752709388733
2046-08-24,,41.256103515625,34.68663787841797,6.53381872177124,0.0356491394340992
2046-08-25,,41.19445037841797,34.686866760253906,6.384883403778076,0.1226998120546341
2046-08-26,,40.96247100830078,34.68709945678711,6.241222858428955,0.03415101766586304
2046-08-27,,40.82573318481445,34.68732833862305,6.103275775909424,0.03512951359152794
2046-08-28,,40.6933708190918,34.68756103515625,5.971411228179932,0.034396570175886154
2046-08-29,,40.56996536254883,34.68778991699219,5.84592342376709,0.03625147417187691
2046-08-30,,40.11677551269531,34.68802261352539,5.727031230926514,-0.29827752709388733
2046-08-31,,40.338775634765625,34.688255310058594,5.614873886108398,0.0356491394340992
2046-09-01,,40.32069778442383,34.68848419189453,5.509511947631836,0.1226998120546341
2046-09-02,,40.1337890625,34.68871307373047,5.410921573638916,0.03415101766586304
2046-09-03,,40.04307556152344,34.68894577026367,5.318999290466309,0.03512951359152794
2046-09-04,,39.95713424682617,34.689178466796875,5.233561038970947,0.034396570175886154
2046-09-05,,39.8800048828125,34.68940734863281,5.15434455871582,0.03625147417187691
2046-09-06,,39.472373962402344,34.689640045166016,5.081011772155762,-0.29827752709388733
2046-09-07,,39.73866653442383,34.68986892700195,5.013150691986084,0.0356491394340992
2046-09-08,,39.76308059692383,34.690101623535156,4.950279712677002,0.1226998120546341
2046-09-09,,39.61634063720703,34.690330505371094,4.891857624053955,0.03415101766586304
2046-09-10,,39.56296920776367,34.6905632019043,4.837279796600342,0.03512951359152794
2046-09-11,,39.51108169555664,34.6907958984375,4.785889148712158,0.034396570175886154
2046-09-12,,39.46426010131836,34.69102478027344,4.736983299255371,0.03625147417187691
2046-09-13,,39.08279800415039,34.691253662109375,4.689821720123291,-0.29827752709388733
2046-09-14,,39.370765686035156,34.69148635864258,4.643628120422363,0.0356491394340992
2046-09-15,,39.41202163696289,34.69171905517578,4.597604751586914,0.1226998120546341
2046-09-16,,39.277034759521484,34.69194793701172,4.550936698913574,0.03415101766586304
2046-09-17,,39.230106353759766,34.692176818847656,4.5027971267700195,0.03512951359152794
2046-09-18,,39.179168701171875,34.69240951538086,4.452362060546875,0.034396570175886154
2046-09-19,,39.127708435058594,34.69264221191406,4.398813724517822,0.03625147417187691
2046-09-20,,38.73594665527344,34.69287109375,4.341350555419922,-0.29827752709388733
2046-09-21,,39.0079460144043,34.69309997558594,4.279194355010986,0.0356491394340992
2046-09-22,,39.02762985229492,34.69333267211914,4.2115960121154785,0.1226998120546341
2046-09-23,,38.865562438964844,34.693565368652344,4.137847900390625,0.03415101766586304
2046-09-24,,38.78620910644531,34.69379425048828,4.057286262512207,0.03512951359152794
2046-09-25,,38.697723388671875,34.694026947021484,3.969298839569092,0.034396570175886154
2046-09-26,,38.603843688964844,34.69425582885742,3.873333215713501,0.03625147417187691
2046-09-27,,38.16510772705078,34.694488525390625,3.7688989639282227,-0.29827752709388733
2046-09-28,,38.38594055175781,34.69471740722656,3.6555731296539307,0.0356491394340992
2046-09-29,,38.35065841674805,34.694950103759766,3.533007860183716,0.1226998120546341
2046-09-30,,38.1302604675293,34.69518280029297,3.400930166244507,0.03415101766586304
2046-10-01,,37.98968505859375,34.695411682128906,3.2591450214385986,0.03512951359152794
2046-10-02,,37.83757781982422,34.695640563964844,3.107538938522339,0.034396570175886154
2046-10-03,,37.67820739746094,34.69587326049805,2.9460809230804443,0.03625147417187691
2046-10-04,,37.17264938354492,34.69610595703125,2.7748215198516846,-0.29827752709388733
2046-10-05,,37.32587814331055,34.69633483886719,2.5938937664031982,0.0356491394340992
2046-10-06,,37.2227783203125,34.69656753540039,2.403513193130493,0.1226998120546341
2046-10-07,,36.93492126464844,34.69679641723633,2.2039718627929688,0.03415101766586304
2046-10-08,,36.72779846191406,34.69702911376953,1.9956421852111816,0.03512951359152794
2046-10-09,,36.5106201171875,34.69725799560547,1.7789669036865234,0.034396570175886154
2046-10-10,,36.28820037841797,34.697486877441406,1.5544596910476685,0.03625147417187691
2046-10-11,,35.722145080566406,34.69771957397461,1.3226996660232544,-0.29827752709388733
2046-10-12,,35.81792449951172,34.69795227050781,1.0843254327774048,0.0356491394340992
2046-10-13,,35.660911560058594,34.69818115234375,0.8400300145149231,0.1226998120546341
2046-10-14,,35.3231201171875,34.69841384887695,0.5905541777610779,0.03415101766586304
2046-10-15,,35.070457458496094,34.69864273071289,0.3366814851760864,0.03512951359152794
2046-10-16,,34.812503814697266,34.698875427246094,0.07922972738742828,0.034396570175886154
2046-10-17,,34.55440139770508,34.6991081237793,-0.18095466494560242,0.03625147417187691
2046-10-18,,33.95805358886719,34.699337005615234,-0.44300559163093567,-0.29827752709388733
2046-10-19,,34.0291748046875,34.69956970214844,-0.7060431838035583,0.0356491394340992
2046-10-20,,33.85331726074219,34.699798583984375,-0.9691811203956604,0.1226998120546341
2046-10-21,,33.502647399902344,34.70002746582031,-1.2315349578857422,0.03415101766586304
2046-10-22,,33.243160247802734,34.700260162353516,-1.4922294616699219,0.03512951359152794
2046-10-23,,32.98448181152344,34.70049285888672,-1.7504048347473145,0.034396570175886154
2046-10-24,,32.73175048828125,34.700721740722656,-2.0052223205566406,0.03625147417187691
2046-10-25,,32.14680099487305,34.70095443725586,-2.255875587463379,-0.29827752709388733
2046-10-26,,32.23524475097656,34.7011833190918,-2.5015907287597656,0.0356491394340992
2046-10-27,,32.08247756958008,34.701416015625,-2.7416374683380127,0.1226998120546341
2046-10-28,,31.760467529296875,34.7016487121582,-2.975330352783203,0.03415101766586304
2046-10-29,,31.53497314453125,34.70187759399414,-3.2020344734191895,0.03512951359152794
2046-10-30,,31.315330505371094,34.70210647583008,-3.421172618865967,0.034396570175886154
2046-10-31,,31.106365203857422,34.70233917236328,-3.6322247982025146,0.03625147417187691
2046-11-01,,30.569557189941406,34.70256805419922,-3.834733247756958,-0.29827752709388733
2046-11-02,,30.71014404296875,34.70280075073242,-4.028306007385254,0.0356491394340992
2046-11-03,,30.613113403320312,34.70302963256836,-4.212615966796875,0.1226998120546341
2046-11-04,,30.35000991821289,34.70326232910156,-4.387404441833496,0.03415101766586304
2046-11-05,,30.186145782470703,34.703495025634766,-4.552477836608887,0.03512951359152794
2046-11-06,,30.030406951904297,34.7037239074707,-4.707712173461914,0.034396570175886154
2046-11-07,,29.887157440185547,34.703956604003906,-4.853048801422119,0.03625147417187691
2046-11-08,,29.41741180419922,34.704185485839844,-4.988497257232666,-0.29827752709388733
2046-11-09,,29.62594223022461,34.70441818237305,-5.114123821258545,0.0356491394340992
2046-11-10,,29.597286224365234,34.704647064208984,-5.230061054229736,0.1226998120546341
2046-11-11,,29.402538299560547,34.70487976074219,-5.336492538452148,0.03415101766586304
2046-11-12,,29.30657958984375,34.70511245727539,-5.433662414550781,0.03512951359152794
2046-11-13,,29.217880249023438,34.70534133911133,-5.521856784820557,0.034396570175886154
2046-11-14,,29.14040756225586,34.705570220947266,-5.601414203643799,0.03625147417187691
2046-11-15,,28.734817504882812,34.70580291748047,-5.672706127166748,-0.29827752709388733
2046-11-16,,29.005538940429688,34.70603561401367,-5.73614501953125,0.0356491394340992
2046-11-17,,29.03679656982422,34.70626449584961,-5.792167663574219,0.1226998120546341
2046-11-18,,28.89940643310547,34.70649337768555,-5.841240406036377,0.03415101766586304
2046-11-19,,28.858009338378906,34.70672607421875,-5.883846282958984,0.03512951359152794
2046-11-20,,28.820873260498047,34.70695877075195,-5.920479774475098,0.034396570175886154
2046-11-21,,28.791793823242188,34.70718765258789,-5.951647758483887,0.03625147417187691
2046-11-22,,28.431285858154297,34.70741653442383,-5.9778571128845215,-0.29827752709388733
2046-11-23,,28.74368667602539,34.70764923095703,-5.999611854553223,0.0356491394340992
2046-11-24,,28.81317138671875,34.707881927490234,-6.017409324645996,0.1226998120546341
2046-11-25,,28.710529327392578,34.70811080932617,-6.031734943389893,0.03415101766586304
2046-11-26,,28.70041275024414,34.708343505859375,-6.043056964874268,0.03512951359152794
2046-11-27,,28.691150665283203,34.70857238769531,-6.051822662353516,0.034396570175886154
2046-11-28,,28.686603546142578,34.708805084228516,-6.0584540367126465,0.03625147417187691
2046-11-29,,28.347412109375,34.70903396606445,-6.0633463859558105,-0.29827752709388733
2046-11-30,,28.678050994873047,34.709266662597656,-6.066865921020508,0.0356491394340992
2046-12-01,,28.762855529785156,34.70949935913086,-6.0693440437316895,0.1226998120546341
2046-12-02,,28.672805786132812,34.7097282409668,-6.07107400894165,0.03415101766586304
2046-12-03,,28.672767639160156,34.709957122802734,-6.072319030761719,0.03512951359152794
2046-12-04,,28.671283721923828,34.71018981933594,-6.073302268981934,0.034396570175886154
2046-12-05,,28.672466278076172,34.71042251586914,-6.0742082595825195,0.03625147417187691
2046-12-06,,28.33718490600586,34.71065139770508,-6.075188159942627,-0.29827752709388733
2046-12-07,,28.670181274414062,34.710880279541016,-6.076352119445801,0.0356491394340992
2046-12-08,,28.756038665771484,34.71111297607422,-6.077774524688721,0.1226998120546341
2046-12-09,,28.665996551513672,34.71134567260742,-6.079500198364258,0.03415101766586304
2046-12-10,,28.66516876220703,34.71157455444336,-6.081536769866943,0.03512951359152794
2046-12-11,,28.662338256835938,34.71180725097656,-6.083865642547607,0.034396570175886154
2046-12-12,,28.661849975585938,34.7120361328125,-6.086440086364746,0.03625147417187691
2046-12-13,,28.324806213378906,34.7122688293457,-6.08918571472168,-0.29827752709388733
2046-12-14,,28.65613555908203,34.71249771118164,-6.092010498046875,0.0356491394340992
2046-12-15,,28.74062728881836,34.712730407714844,-6.094804763793945,0.1226998120546341
2046-12-16,,28.649669647216797,34.71295928955078,-6.097443580627441,0.03415101766586304
2046-12-17,,28.64853286743164,34.713191986083984,-6.099789619445801,0.03512951359152794
2046-12-18,,28.646114349365234,34.71342086791992,-6.1017022132873535,0.034396570175886154
2046-12-19,,28.646869659423828,34.713653564453125,-6.1030354499816895,0.03625147417187691
2046-12-20,,28.311962127685547,34.71388626098633,-6.103643894195557,-0.29827752709388733
2046-12-21,,28.646377563476562,34.714115142822266,-6.103387355804443,0.0356491394340992
2046-12-22,,28.734912872314453,34.71434783935547,-6.102132320404053,0.1226998120546341
2046-12-23,,28.648971557617188,34.714576721191406,-6.099757671356201,0.03415101766586304
2046-12-24,,28.65378189086914,34.71480941772461,-6.096153736114502,0.03512951359152794
2046-12-25,,28.658206939697266,34.71503829956055,-6.0912299156188965,0.034396570175886154
2046-12-26,,28.666614532470703,34.71527099609375,-6.084909439086914,0.03625147417187691
2046-12-27,,28.340076446533203,34.71549987792969,-6.077145576477051,-0.29827752709388733
2046-12-28,,28.6834716796875,34.71573257446289,-6.067907810211182,0.0356491394340992
2046-12-29,,28.781471252441406,34.71596145629883,-6.057189464569092,0.1226998120546341
2046-12-30,,28.70532989501953,34.71619415283203,-6.045012950897217,0.03415101766586304
2046-12-31,,28.720130920410156,34.71642303466797,-6.031424522399902,0.03512951359152794
2047-01-01,,28.734554290771484,34.71665573120117,-6.016495704650879,0.034396570175886154
2047-01-02,,28.752811431884766,34.71688461303711,-6.000324249267578,0.03625147417187691
2047-01-03,,28.435810089111328,34.71711730957031,-5.983031749725342,-0.29827752709388733
2047-01-04,,28.78823471069336,34.71734619140625,-5.96476411819458,0.0356491394340992
2047-01-05,,28.894588470458984,34.71757888793945,-5.945689678192139,0.1226998120546341
2047-01-06,,28.825965881347656,34.717811584472656,-5.925995349884033,0.03415101766586304
2047-01-07,,28.84728240966797,34.718040466308594,-5.905886650085449,0.03512951359152794
2047-01-08,,28.867080688476562,34.7182731628418,-5.885585784912109,0.034396570175886154
2047-01-09,,28.889427185058594,34.718502044677734,-5.865324974060059,0.03625147417187691
2047-01-10,,28.57510757446289,34.71873474121094,-5.8453474044799805,-0.29827752709388733
2047-01-11,,28.9287109375,34.718963623046875,-5.825902462005615,0.0356491394340992
2047-01-12,,29.034656524658203,34.71919631958008,-5.8072381019592285,0.1226998120546341
2047-01-13,,28.963966369628906,34.719425201416016,-5.789608001708984,0.03415101766586304
2047-01-14,,28.98153305053711,34.71965789794922,-5.773253917694092,0.03512951359152794
2047-01-15,,28.995868682861328,34.719886779785156,-5.758415222167969,0.034396570175886154
2047-01-16,,29.01105499267578,34.72011947631836,-5.745315074920654,0.03625147417187691
2047-01-17,,28.687911987304688,34.72035217285156,-5.734163284301758,-0.29827752709388733
2047-01-18,,29.031078338623047,34.7205810546875,-5.725151538848877,0.0356491394340992
2047-01-19,,29.125064849853516,34.72080993652344,-5.71844482421875,0.1226998120546341
2047-01-20,,29.041004180908203,34.72104263305664,-5.714188098907471,0.03415101766586304
2047-01-21,,29.043907165527344,34.721275329589844,-5.712496757507324,0.03512951359152794
2047-01-22,,29.04244613647461,34.72150421142578,-5.713453769683838,0.034396570175886154
2047-01-23,,29.040874481201172,34.72173309326172,-5.7171125411987305,0.03625147417187691
2047-01-24,,28.7001953125,34.72196578979492,-5.7234907150268555,-0.29827752709388733
2047-01-25,,29.02527618408203,34.722198486328125,-5.732571125030518,0.0356491394340992
2047-01-26,,29.100830078125,34.72242736816406,-5.74429988861084,0.1226998120546341
2047-01-27,,28.99822235107422,34.722660064697266,-5.7585883140563965,0.03415101766586304
2047-01-28,,28.982711791992188,34.72289276123047,-5.7753071784973145,0.03512951359152794
2047-01-29,,28.963218688964844,34.723121643066406,-5.794300079345703,0.034396570175886154
2047-01-30,,28.94424057006836,34.723350524902344,-5.815362930297852,0.03625147417187691
2047-01-31,,28.5870361328125,34.72358322143555,-5.838268280029297,-0.29827752709388733
2047-02-01,,28.896709442138672,34.72381591796875,-5.862752914428711,0.0356491394340992
2047-02-02,,28.95821762084961,34.72404479980469,-5.8885273933410645,0.1226998120546341
2047-02-03,,28.843154907226562,34.724273681640625,-5.915272235870361,0.03415101766586304
2047-02-04,,28.81698989868164,34.72450637817383,-5.9426469802856445,0.03512951359152794
2047-02-05,,28.788841247558594,34.72473907470703,-5.970292091369629,0.034396570175886154
2047-02-06,,28.763389587402344,34.72496795654297,-5.99783182144165,0.03625147417187691
2047-02-07,,28.402042388916016,34.725196838378906,-6.024877071380615,-0.29827752709388733
2047-02-08,,28.710044860839844,34.72542953491211,-6.0510358810424805,0.0356491394340992
2047-02-09,,28.77245330810547,34.72566223144531,-6.075908660888672,0.1226998120546341
2047-02-10,,28.660938262939453,34.72589111328125,-6.099102973937988,0.03415101766586304
2047-02-11,,28.64101791381836,34.72611999511719,-6.1202311515808105,0.03512951359152794
2047-02-12,,28.62183380126953,34.72635269165039,-6.138916969299316,0.034396570175886154
2047-02-13,,28.608036041259766,34.726585388183594,-6.154801368713379,0.03625147417187691
2047-02-14,,28.260990142822266,34.72681427001953,-6.16754674911499,-0.29827752709388733
2047-02-15,,28.58584976196289,34.727046966552734,-6.176843643188477,0.0356491394340992
2047-02-16,,28.66756820678711,34.72727966308594,-6.182408332824707,0.1226998120546341
2047-02-17,,28.57766342163086,34.727508544921875,-6.183995723724365,0.03415101766586304
2047-02-18,,28.581470489501953,34.72773742675781,-6.181396961212158,0.03512951359152794
2047-02-19,,28.587921142578125,34.727970123291016,-6.174444198608398,0.034396570175886154
2047-02-20,,28.601436614990234,34.72820281982422,-6.163015365600586,0.03625147417187691
2047-02-21,,28.283119201660156,34.728431701660156,-6.147036552429199,-0.29827752709388733
2047-02-22,,28.637828826904297,34.728660583496094,-6.1264801025390625,0.0356491394340992
2047-02-23,,28.750225067138672,34.7288932800293,-6.101370334625244,0.1226998120546341
2047-02-24,,28.691490173339844,34.7291259765625,-6.071783542633057,0.03415101766586304
2047-02-25,,28.726634979248047,34.72935485839844,-6.037848949432373,0.03512951359152794
2047-02-26,,28.764236450195312,34.72958755493164,-5.999746799468994,0.034396570175886154
2047-02-27,,28.808364868164062,34.72981643676758,-5.957705497741699,0.03625147417187691
2047-02-28,,28.519763946533203,34.73004913330078,-5.912005424499512,-0.29827752709388733
2047-03-01,,28.9029541015625,34.73027801513672,-5.862975120544434,0.0356491394340992
2047-03-02,,29.042224884033203,34.73051071166992,-5.810986042022705,0.1226998120546341
2047-03-03,,29.008441925048828,34.73073959350586,-5.7564520835876465,0.03415101766586304
2047-03-04,,29.066280364990234,34.73097229003906,-5.699822425842285,0.03512951359152794
2047-03-05,,29.12401580810547,34.731201171875,-5.641582489013672,0.034396570175886154
2047-03-06,,29.185440063476562,34.7314338684082,-5.582245349884033,0.03625147417187691
2047-03-07,,28.911041259765625,34.731666564941406,-5.522346496582031,-0.29827752709388733
2047-03-08,,29.305103302001953,34.731895446777344,-5.46243953704834,0.0356491394340992
2047-03-09,,29.451740264892578,34.73212814331055,-5.403088569641113,0.1226998120546341
2047-03-10,,29.421646118164062,34.732357025146484,-5.344864368438721,0.03415101766586304
2047-03-11,,29.479381561279297,34.73258972167969,-5.28833532333374,0.03512951359152794
2047-03-12,,29.533153533935547,34.732818603515625,-5.234062194824219,0.034396570175886154
2047-03-13,,29.586711883544922,34.73305130004883,-5.182591915130615,0.03625147417187691
2047-03-14,,29.300556182861328,34.733280181884766,-5.1344475746154785,-0.29827752709388733
2047-03-15,,29.679035186767578,34.73351287841797,-5.090125560760498,0.0356491394340992
2047-03-16,,29.806354522705078,34.733741760253906,-5.050087928771973,0.1226998120546341
2047-03-17,,29.753372192382812,34.73397445678711,-5.014752388000488,0.03415101766586304
2047-03-18,,29.78484344482422,34.73420333862305,-4.984492778778076,0.03512951359152794
2047-03-19,,29.8092041015625,34.73443603515625,-4.959627151489258,0.034396570175886154
2047-03-20,,29.83050537109375,34.73466873168945,-4.940415859222412,0.03625147417187691
2047-03-21,,29.509563446044922,34.73489761352539,-4.927055835723877,-0.29827752709388733
2047-03-22,,29.85110092163086,34.73512649536133,-4.919674396514893,0.0356491394340992
2047-03-23,,29.939727783203125,34.73535919189453,-4.918328762054443,0.1226998120546341
2047-03-24,,29.84674072265625,34.735591888427734,-4.923000335693359,0.03415101766586304
2047-03-25,,29.837360382080078,34.73582077026367,-4.933590888977051,0.03512951359152794
2047-03-26,,29.82052230834961,34.736053466796875,-4.94992733001709,0.034396570175886154
2047-03-27,,29.80078125,34.73628234863281,-4.971752643585205,0.03625147417187691
2047-03-28,,29.43950653076172,34.736515045166016,-4.998729228973389,-0.29827752709388733
2047-03-29,,29.741954803466797,34.73674392700195,-5.030440330505371,0.0356491394340992
2047-03-30,,29.793285369873047,34.736976623535156,-5.066390514373779,0.1226998120546341
2047-03-31,,29.66535186767578,34.73720932006836,-5.106007099151611,0.03415101766586304
2047-04-01,,29.623924255371094,34.7374382019043,-5.148644924163818,0.03512951359152794
2047-04-02,,29.578479766845703,34.737667083740234,-5.19358491897583,0.034396570175886154
2047-04-03,,29.534099578857422,34.73789978027344,-5.240048885345459,0.03625147417187691
2047-04-04,,29.152660369873047,34.73813247680664,-5.2871928215026855,-0.29827752709388733
2047-04-05,,29.439891815185547,34.73836135864258,-5.3341193199157715,0.0356491394340992
2047-04-06,,29.481407165527344,34.738590240478516,-5.379885673522949,0.1226998120546341
2047-04-07,,29.349468231201172,34.73882293701172,-5.423505783081055,0.03415101766586304
2047-04-08,,29.310222625732422,34.73905563354492,-5.46396017074585,0.03512951359152794
2047-04-09,,29.27347183227539,34.73928451538086,-5.500207901000977,0.034396570175886154
2047-04-10,,29.244579315185547,34.7395133972168,-5.531186580657959,0.03625147417187691
2047-04-11,,28.885639190673828,34.73974609375,-5.555831432342529,-0.29827752709388733
2047-04-12,,29.202556610107422,34.7399787902832,-5.573071002960205,0.0356491394340992
2047-04-13,,29.281051635742188,34.74020767211914,-5.581855297088623,0.1226998120546341
2047-04-14,,29.193443298339844,34.740440368652344,-5.581146240234375,0.03415101766586304
2047-04-15,,29.20586395263672,34.74066925048828,-5.569937229156494,0.03512951359152794
2047-04-16,,29.228038787841797,34.740901947021484,-5.54725980758667,0.034396570175886154
2047-04-17,,29.26519012451172,34.74113082885742,-5.51219367980957,0.03625147417187691
2047-04-18,,28.979209899902344,34.741363525390625,-5.463873386383057,-0.29827752709388733
2047-04-19,,29.375743865966797,34.74159622192383,-5.401500225067139,0.0356491394340992
2047-04-20,,29.540180206298828,34.741825103759766,-5.324343681335449,0.1226998120546341
2047-04-21,,29.544448852539062,34.7420539855957,-5.231756687164307,0.03415101766586304
2047-04-22,,29.654239654541016,34.742286682128906,-5.123178005218506,0.03512951359152794
2047-04-23,,29.778778076171875,34.74251937866211,-4.998137474060059,0.034396570175886154
2047-04-24,,29.92273712158203,34.74274826049805,-4.856264114379883,0.03625147417187691
2047-04-25,,29.74740982055664,34.742977142333984,-4.697289943695068,-0.29827752709388733
2047-04-26,,30.25780487060547,34.74320983886719,-4.521052360534668,0.0356491394340992
2047-04-27,,30.53864288330078,34.74344253540039,-4.327497959136963,0.1226998120546341
2047-04-28,,30.661136627197266,34.74367141723633,-4.1166863441467285,0.03415101766586304
2047-04-29,,30.890243530273438,34.743900299072266,-3.8887875080108643,0.03512951359152794
2047-04-30,,31.134445190429688,34.74413299560547,-3.6440858840942383,0.034396570175886154
2047-05-01,,31.397640228271484,34.74436569213867,-3.382976531982422,0.03625147417187691
2047-05-02,,31.340351104736328,34.74459457397461,-3.105964183807373,-0.29827752709388733
2047-05-03,,31.966815948486328,34.74482727050781,-2.8136608600616455,0.0356491394340992
2047-05-04,,32.3609733581543,34.74505615234375,-2.5067834854125977,0.1226998120546341
2047-05-05,,32.593292236328125,34.74528884887695,-2.186145544052124,0.03415101766586304
2047-05-06,,32.92799377441406,34.74551773071289,-1.8526549339294434,0.03512951359152794
2047-05-07,,33.2728385925293,34.745750427246094,-1.5073084831237793,0.034396570175886154
2047-05-08,,33.63105392456055,34.7459831237793,-1.1511799097061157,0.03625147417187691
2047-05-09,,33.662513732910156,34.746212005615234,-0.7854189872741699,-0.29827752709388733
2047-05-10,,34.370853424072266,34.74644088745117,-0.41123655438423157,0.0356491394340992
2047-05-11,,34.839473724365234,34.746673583984375,-0.02990095131099224,0.1226998120546341
2047-05-12,,35.13833236694336,34.74690628051758,0.35727405548095703,0.03415101766586304
2047-05-13,,35.53120422363281,34.747135162353516,0.748940110206604,0.03512951359152794
2047-05-14,,35.92548370361328,34.74736785888672,1.1437208652496338,0.034396570175886154
2047-05-15,,36.324073791503906,34.747596740722656,1.5402257442474365,0.03625147417187691
2047-05-16,,36.38661193847656,34.74782943725586,1.9370585680007935,-0.29827752709388733
2047-05-17,,37.11653518676758,34.7480583190918,2.332828998565674,0.0356491394340992
2047-05-18,,37.59714889526367,34.748287200927734,2.726161241531372,0.1226998120546341
2047-05-19,,37.89837646484375,34.74851989746094,3.1157050132751465,0.03415101766586304
2047-05-20,,38.28403091430664,34.74875259399414,3.5001487731933594,0.03512951359152794
2047-05-21,,38.66160202026367,34.74898147583008,3.8782248497009277,0.034396570175886154
2047-05-22,,39.03418731689453,34.74921417236328,4.248719692230225,0.03625147417187691
2047-05-23,,39.06165313720703,34.74944305419922,4.610484600067139,-0.29827752709388733
2047-05-24,,39.747764587402344,34.74967575073242,4.962441444396973,0.0356491394340992
2047-05-25,,40.17620086669922,34.749908447265625,5.303593158721924,0.1226998120546341
2047-05-26,,40.41731643676758,34.75013732910156,5.633026599884033,0.03415101766586304
2047-05-27,,40.73542022705078,34.750370025634766,5.94992208480835,0.03512951359152794
2047-05-28,,41.03854751586914,34.7505989074707,6.253554344177246,0.034396570175886154
2047-05-29,,41.33038330078125,34.75082778930664,6.543302059173584,0.03625147417187691
2047-05-30,,41.27143096923828,34.751060485839844,6.8186492919921875,-0.29827752709388733
2047-05-31,,41.86612319946289,34.75129318237305,7.079181671142578,0.0356491394340992
2047-06-01,,42.198822021484375,34.751522064208984,7.324598789215088,0.1226998120546341
2047-06-02,,42.34061050415039,34.75175476074219,7.5547051429748535,0.03415101766586304
2047-06-03,,42.5565299987793,34.751983642578125,7.769415378570557,0.03512951359152794
2047-06-04,,42.7553596496582,34.75221633911133,7.968747138977051,0.034396570175886154
2047-06-05,,42.9415283203125,34.75244903564453,8.152828216552734,0.03625147417187691
2047-06-06,,42.77627944946289,34.75267791748047,8.321878433227539,-0.29827752709388733
2047-06-07,,43.2647819519043,34.752906799316406,8.476223945617676,0.0356491394340992
2047-06-08,,43.49211120605469,34.75313949584961,8.61627197265625,0.1226998120546341
2047-06-09,,43.5300407409668,34.75336837768555,8.742522239685059,0.03415101766586304
2047-06-10,,43.644283294677734,34.75360107421875,8.855552673339844,0.03512951359152794
2047-06-11,,43.74423599243164,34.75382995605469,8.95600700378418,0.034396570175886154
2047-06-12,,43.83491516113281,34.75406265258789,9.044598579406738,0.03625147417187691
2047-06-13,,43.57810974121094,34.754295349121094,9.12209415435791,-0.29827752709388733
2047-06-14,,43.9794807434082,34.75452423095703,9.18930721282959,0.0356491394340992
2047-06-15,,44.124542236328125,34.754756927490234,9.247088432312012,0.1226998120546341
2047-06-16,,44.085453033447266,34.75498580932617,9.296316146850586,0.03415101766586304
2047-06-17,,44.128238677978516,34.755218505859375,9.337890625,0.03512951359152794
2047-06-18,,44.16256332397461,34.75544738769531,9.372718811035156,0.034396570175886154
2047-06-19,,44.19363784790039,34.755680084228516,9.40170955657959,0.03625147417187691
2047-06-20,,43.883392333984375,34.75590896606445,9.425760269165039,-0.29827752709388733
2047-06-21,,44.237545013427734,34.756141662597656,9.445754051208496,0.0356491394340992
2047-06-22,,44.34161376953125,34.756370544433594,9.462542533874512,0.1226998120546341
2047-06-23,,44.2677001953125,34.7566032409668,9.476946830749512,0.03415101766586304
2047-06-24,,44.281707763671875,34.7568359375,9.48974323272705,0.03512951359152794
2047-06-25,,44.29311752319336,34.75706481933594,9.501653671264648,0.034396570175886154
2047-06-26,,44.3068962097168,34.757293701171875,9.513350486755371,0.03625147417187691
2047-06-27,,43.98468780517578,34.75752639770508,9.525439262390137,-0.29827752709388733
2047-06-28,,44.33186340332031,34.75775909423828,9.538455963134766,0.0356491394340992
2047-06-29,,44.433555603027344,34.75798797607422,9.552865982055664,0.1226998120546341
2047-06-30,,44.36143112182617,34.758216857910156,9.569058418273926,0.03415101766586304
2047-07-01,,44.38092803955078,34.75844955444336,9.587347030639648,0.03512951359152794
2047-07-02,,44.40103530883789,34.75868225097656,9.607956886291504,0.034396570175886154
2047-07-03,,44.42619705200195,34.7589111328125,9.631034851074219,0.03625147417187691
2047-07-04,,44.117515563964844,34.7591438293457,9.656651496887207,-0.29827752709388733
2047-07-05,,44.47981262207031,34.75937271118164,9.684786796569824,0.0356491394340992
2047-07-06,,44.597652435302734,34.759605407714844,9.715348243713379,0.1226998120546341
2047-07-07,,44.54214859008789,34.75983428955078,9.748162269592285,0.03415101766586304
2047-07-08,,44.578182220458984,34.760066986083984,9.782983779907227,0.03512951359152794
2047-07-09,,44.61419677734375,34.76029968261719,9.819500923156738,0.034396570175886154
2047-07-10,,44.65410614013672,34.760528564453125,9.85732650756836,0.03625147417187691
2047-07-11,,44.3585090637207,34.76075744628906,9.896026611328125,-0.29827752709388733
2047-07-12,,44.73175048828125,34.760990142822266,9.935111045837402,0.0356491394340992
2047-07-13,,44.85795593261719,34.76122283935547,9.974037170410156,0.1226998120546341
2047-07-14,,44.80782699584961,34.761451721191406,10.012223243713379,0.03415101766586304
2047-07-15,,44.84587478637695,34.761680603027344,10.049064636230469,0.03512951359152794
2047-07-16,,44.88023376464844,34.76191329956055,10.08392333984375,0.034396570175886154
2047-07-17,,44.914546966552734,34.76214599609375,10.1161527633667,0.03625147417187691
2047-07-18,,44.609188079833984,34.76237487792969,10.145090103149414,-0.29827752709388733
2047-07-19,,44.96833038330078,34.76260757446289,10.170075416564941,0.0356491394340992
2047-07-20,,45.07600021362305,34.76283645629883,10.190460205078125,0.1226998120546341
2047-07-21,,45.00283432006836,34.76306915283203,10.20561408996582,0.03415101766586304
2047-07-22,,45.01335144042969,34.76329803466797,10.214920043945312,0.03512951359152794
2047-07-23,,45.0157356262207,34.76353073120117,10.217805862426758,0.034396570175886154
2047-07-24,,45.01374053955078,34.76375961303711,10.213727951049805,0.03625147417187691
2047-07-25,,44.667911529541016,34.76399230957031,10.202195167541504,-0.29827752709388733
2047-07-26,,44.98263168334961,34.76422119140625,10.182761192321777,0.0356491394340992
2047-07-27,,45.04220199584961,34.76445388793945,10.155049324035645,0.1226998120546341
2047-07-28,,44.917564392089844,34.764686584472656,10.118727684020996,0.03415101766586304
2047-07-29,,44.873592376708984,34.764915466308594,10.073546409606934,0.03512951359152794
2047-07-30,,44.81886672973633,34.7651481628418,10.019319534301758,0.034396570175886154
2047-07-31,,44.75756072998047,34.765377044677734,9.955930709838867,0.03625147417187691
2047-08-01,,44.35068130493164,34.76560974121094,9.88334846496582,-0.29827752709388733
2047-08-02,,44.603092193603516,34.765838623046875,9.801604270935059,0.0356491394340992
2047-08-03,,44.599586486816406,34.76607131958008,9.710813522338867,0.1226998120546341
2047-08-04,,44.411624908447266,34.766300201416016,9.61117172241211,0.03415101766586304
2047-08-05,,44.304603576660156,34.76653289794922,9.502939224243164,0.03512951359152794
2047-08-06,,44.1876106262207,34.766761779785156,9.386452674865723,0.034396570175886154
2047-08-07,,44.065372467041016,34.76699447631836,9.262124061584473,0.03625147417187691
2047-08-08,,43.599369049072266,34.7672233581543,9.130420684814453,-0.29827752709388733
2047-08-09,,43.79498291015625,34.7674560546875,8.991878509521484,0.0356491394340992
2047-08-10,,43.73747634887695,34.7676887512207,8.847088813781738,0.1226998120546341
2047-08-11,,43.49876022338867,34.76791763305664,8.696691513061523,0.03415101766586304
2047-08-12,,43.34465026855469,34.76814651489258,8.541370391845703,0.03512951359152794
2047-08-13,,43.18462371826172,34.76837921142578,8.38184928894043,0.034396570175886154
2047-08-14,,43.023746490478516,34.768611907958984,8.218884468078613,0.03625147417187691
2047-08-15,,42.5238151550293,34.76884078979492,8.053248405456543,-0.29827752709388733
2047-08-16,,42.69045639038086,34.769073486328125,7.885735988616943,0.0356491394340992
2047-08-17,,42.60914611816406,34.76930236816406,7.717145919799805,0.1226998120546341
2047-08-18,,42.351959228515625,34.769535064697266,7.548275947570801,0.03415101766586304
2047-08-19,,42.184810638427734,34.7697639465332,7.379915714263916,0.03512951359152794
2047-08-20,,42.01723098754883,34.769996643066406,7.212839603424072,0.034396570175886154
2047-08-21,,41.85427474975586,34.77022933959961,7.047795295715332,0.03625147417187691
2047-08-22,,41.35768127441406,34.77045822143555,6.885499954223633,-0.29827752709388733
2047-08-23,,41.53296661376953,34.770687103271484,6.726631164550781,0.0356491394340992
2047-08-24,,41.46543884277344,34.77091979980469,6.571818828582764,0.1226998120546341
2047-08-25,,41.22694396972656,34.77115249633789,6.421641826629639,0.03415101766586304
2047-08-26,,41.0831298828125,34.77138137817383,6.276618480682373,0.03512951359152794
2047-08-27,,40.943214416503906,34.771610260009766,6.137206554412842,0.034396570175886154
2047-08-28,,40.811885833740234,34.77184295654297,6.003790378570557,0.03625147417187691
2047-08-29,,40.35047912597656,34.77207565307617,5.876683712005615,-0.29827752709388733
2047-08-30,,40.56407928466797,34.77230453491211,5.756126403808594,0.0356491394340992
2047-08-31,,40.537513732910156,34.77253341674805,5.642277717590332,0.1226998120546341
2047-09-01,,40.34213638305664,34.77276611328125,5.535215377807617,0.03415101766586304
2047-09-02,,40.24306869506836,34.77299880981445,5.434938430786133,0.03512951359152794
2047-09-03,,40.14898681640625,34.77322769165039,5.341363430023193,0.034396570175886154
2047-09-04,,40.06403732299805,34.773460388183594,5.2543253898620605,0.03625147417187691
2047-09-05,,39.64899826049805,34.7736930847168,5.173583030700684,-0.29827752709388733
2047-09-06,,39.908382415771484,34.773921966552734,5.098814010620117,0.0356491394340992
2047-09-07,,39.92647933959961,34.77415084838867,5.029627799987793,0.1226998120546341
2047-09-08,,39.77409362792969,34.774383544921875,4.965559482574463,0.03415101766586304
2047-09-09,,39.715824127197266,34.77461624145508,4.906078815460205,0.03512951359152794
2047-09-10,,39.65983963012695,34.774845123291016,4.8505988121032715,0.034396570175886154
2047-09-11,,39.60980224609375,34.77507400512695,4.79847526550293,0.03625147417187691
2047-09-12,,39.22604751586914,34.775306701660156,4.749016761779785,-0.29827752709388733
2047-09-13,,39.51267623901367,34.77553939819336,4.70149040222168,0.0356491394340992
2047-09-14,,39.55359649658203,34.7757682800293,4.655129432678223,0.1226998120546341
2047-09-15,,39.41929244995117,34.775997161865234,4.609139919281006,0.03415101766586304
2047-09-16,,39.37406921386719,34.77622985839844,4.562708854675293,0.03512951359152794
2047-09-17,,39.325870513916016,34.77646255493164,4.5150146484375,0.034396570175886154
2047-09-18,,39.27817153930664,34.77669143676758,4.465230464935303,0.03625147417187691
2047-09-19,,38.89118194580078,34.776920318603516,4.412537097930908,-0.29827752709388733
2047-09-20,,39.16893005371094,34.77715301513672,4.35612678527832,0.0356491394340992
2047-09-21,,39.1953010559082,34.77738571166992,4.2952141761779785,0.1226998120546341
2047-09-22,,39.040809631347656,34.77761459350586,4.2290449142456055,0.03415101766586304
2047-09-23,,38.96987533569336,34.77784729003906,4.156898498535156,0.03512951359152794
2047-09-24,,38.89057540893555,34.778079986572266,4.078100204467773,0.034396570175886154
2047-09-25,,38.806583404541016,34.7783088684082,3.992023468017578,0.03625147417187691
2047-09-26,,38.378360748291016,34.77853775024414,3.8981006145477295,-0.29827752709388733
2047-09-27,,38.61024475097656,34.778770446777344,3.795825242996216,0.0356491394340992
2047-09-28,,38.58646011352539,34.77900314331055,3.6847586631774902,0.1226998120546341
2047-09-29,,38.37791442871094,34.779232025146484,3.5645320415496826,0.03415101766586304
2047-09-30,,38.24944305419922,34.77946090698242,3.4348537921905518,0.03512951359152794
2047-10-01,,38.10960006713867,34.779693603515625,3.295509099960327,0.034396570175886154
2047-10-02,,37.96253967285156,34.77992630004883,3.146364450454712,0.03625147417187691
2047-10-03,,37.46924591064453,34.780155181884766,2.9873673915863037,-0.29827752709388733
2047-10-04,,37.634586334228516,34.78038787841797,2.818549394607544,0.0356491394340992
2047-10-05,,37.543338775634766,34.780616760253906,2.640022039413452,0.1226998120546341
2047-10-06,,37.2669792175293,34.78084945678711,2.451979875564575,0.03415101766586304
2047-10-07,,37.07090377807617,34.78107833862305,2.254697322845459,0.03512951359152794
2047-10-08,,36.86423110961914,34.78131103515625,2.048525094985962,0.034396570175886154
2047-10-09,,36.65168380737305,34.78153991699219,1.8338907957077026,0.03625147417187691
2047-10-10,,36.094783782958984,34.78177261352539,1.6112900972366333,-0.29827752709388733
2047-10-11,,36.198936462402344,34.78200149536133,1.3812859058380127,0.0356491394340992
2047-10-12,,36.0494384765625,34.78223419189453,1.144501805305481,0.1226998120546341
2047-10-13,,35.71823501586914,34.782466888427734,0.9016194343566895,0.03415101766586304
2047-10-14,,35.47119140625,34.78269577026367,0.6533665060997009,0.03512951359152794
2047-10-15,,35.21784210205078,34.782928466796875,0.40051770210266113,0.034396570175886154
2047-10-16,,34.963294982910156,34.78315734863281,0.143882617354393,0.03625147417187691
2047-10-17,,34.36941146850586,34.783390045166016,-0.11569971591234207,-0.29827752709388733
2047-10-18,,34.44190216064453,34.78361892700195,-0.37736594676971436,0.0356491394340992
2047-10-19,,34.26631164550781,34.783851623535156,-0.6402396559715271,0.1226998120546341
2047-10-20,,33.914798736572266,34.784080505371094,-0.9034363031387329,0.03415101766586304
2047-10-21,,33.65337371826172,34.7843132019043,-1.166068196296692,0.03512951359152794
2047-10-22,,33.39167785644531,34.784542083740234,-1.4272592067718506,0.034396570175886154
2047-10-23,,33.134883880615234,34.78477478027344,-1.686143398284912,0.03625147417187691
2047-10-24,,32.54484939575195,34.785003662109375,-1.9418772459030151,-0.29827752709388733
2047-10-25,,32.62723922729492,34.78523635864258,-2.1936452388763428,0.0356491394340992
2047-10-26,,32.46750259399414,34.78546905517578,-2.4406659603118896,0.1226998120546341
2047-10-27,,32.13765335083008,34.78569793701172,-2.6821959018707275,0.03415101766586304
2047-10-28,,31.903518676757812,34.785926818847656,-2.9175381660461426,0.03512951359152794
2047-10-29,,31.674510955810547,34.78615951538086,-3.1460464000701904,0.034396570175886154
2047-10-30,,31.455516815185547,34.78639221191406,-3.36712646484375,0.03625147417187691
2047-10-31,,30.908096313476562,34.78662109375,-3.5802459716796875,-0.29827752709388733
2047-11-01,,31.03757095336914,34.7868537902832,-3.7849295139312744,0.0356491394340992
2047-11-02,,30.929012298583984,34.78708267211914,-3.9807698726654053,0.1226998120546341
2047-11-03,,30.65404510498047,34.787315368652344,-4.167422294616699,0.03415101766586304
2047-11-04,,30.47806167602539,34.78754425048828,-4.344611644744873,0.03512951359152794
2047-11-05,,30.310043334960938,34.787776947021484,-4.512127876281738,0.034396570175886154
2047-11-06,,30.15442657470703,34.78800964355469,-4.669830799102783,0.03625147417187691
2047-11-07,,29.672317504882812,34.788238525390625,-4.817644119262695,-0.29827752709388733
2047-11-08,,29.86855697631836,34.78846740722656,-4.955559253692627,0.0356491394340992
2047-11-09,,29.82776641845703,34.788700103759766,-5.083632469177246,0.1226998120546341
2047-11-10,,29.621105194091797,34.78893280029297,-5.201975345611572,0.03415101766586304
2047-11-11,,29.513526916503906,34.789161682128906,-5.310763359069824,0.03512951359152794
2047-11-12,,29.41356658935547,34.789390563964844,-5.410221576690674,0.034396570175886154
2047-11-13,,29.325241088867188,34.78962326049805,-5.500632286071777,0.03625147417187691
2047-11-14,,28.909263610839844,34.78985595703125,-5.582314491271973,-0.29827752709388733
2047-11-15,,29.17009735107422,34.79008483886719,-5.655636310577393,0.0356491394340992
2047-11-16,,29.1920166015625,34.790313720703125,-5.720997333526611,0.1226998120546341
2047-11-17,,29.045867919921875,34.79054641723633,-5.77883243560791,0.03415101766586304
2047-11-18,,28.99631118774414,34.79077911376953,-5.829597473144531,0.03512951359152794
2047-11-19,,28.95163345336914,34.79100799560547,-5.873773574829102,0.034396570175886154
2047-11-20,,28.915634155273438,34.79124069213867,-5.9118547439575195,0.03625147417187691
2047-11-21,,28.54885482788086,34.79146957397461,-5.944340705871582,-0.29827752709388733
2047-11-22,,28.855609893798828,34.79170227050781,-5.971741199493408,0.0356491394340992
2047-11-23,,28.920066833496094,34.79193115234375,-5.994563579559326,0.1226998120546341
2047-11-24,,28.813007354736328,34.79216384887695,-6.013305187225342,0.03415101766586304
2047-11-25,,28.799072265625,34.792396545410156,-6.028454303741455,0.03512951359152794
2047-11-26,,28.786537170410156,34.792625427246094,-6.040482997894287,0.034396570175886154
2047-11-27,,28.779258728027344,34.79285430908203,-6.04984712600708,0.03625147417187691
2047-11-28,,28.437835693359375,34.793087005615234,-6.056974411010742,-0.29827752709388733
2047-11-29,,28.766700744628906,34.79331970214844,-6.062265396118164,0.0356491394340992
2047-11-30,,28.85015106201172,34.793548583984375,-6.066096782684326,0.1226998120546341
2047-12-01,,28.759124755859375,34.79377746582031,-6.06880521774292,0.03415101766586304
2047-12-02,,28.758445739746094,34.794010162353516,-6.07069730758667,0.03512951359152794
2047-12-03,,28.756595611572266,34.79424285888672,-6.072040557861328,0.034396570175886154
2047-12-04,,28.75765609741211,34.794471740722656,-6.073070049285889,0.03625147417187691
2047-12-05,,28.422443389892578,34.794700622558594,-6.073980331420898,-0.29827752709388733
2047-12-06,,28.755653381347656,34.7949333190918,-6.074930191040039,0.0356491394340992
2047-12-07,,28.841827392578125,34.795166015625,-6.076038360595703,0.1226998120546341
2047-12-08,,28.752155303955078,34.79539489746094,-6.077390670776367,0.03415101766586304
2047-12-09,,28.751720428466797,34.79562759399414,-6.079039573669434,0.03512951359152794
2047-12-10,,28.749256134033203,34.79585647583008,-6.080999374389648,0.034396570175886154
2047-12-11,,28.749080657958984,34.79608917236328,-6.083257675170898,0.03625147417187691
2047-12-12,,28.41226577758789,34.79631805419922,-6.085775852203369,-0.29827752709388733
2047-12-13,,28.74371337890625,34.79655075073242,-6.088487148284912,0.0356491394340992
2047-12-14,,28.82817840576172,34.796783447265625,-6.091302394866943,0.1226998120546341
2047-12-15,,28.737049102783203,34.79701232910156,-6.094115257263184,0.03415101766586304
2047-12-16,,28.735565185546875,34.7972412109375,-6.096805095672607,0.03512951359152794
2047-12-17,,28.73263168334961,34.7974739074707,-6.09923791885376,0.034396570175886154
2047-12-18,,28.732685089111328,34.797706604003906,-6.101272106170654,0.03625147417187691
2047-12-19,,28.396892547607422,34.797935485839844,-6.102763652801514,-0.29827752709388733
2047-12-20,,28.730247497558594,34.79816818237305,-6.103568077087402,0.0356491394340992
2047-12-21,,28.81755828857422,34.798397064208984,-6.103539943695068,0.1226998120546341
2047-12-22,,28.73023223876953,34.79862976074219,-6.102546691894531,0.03415101766586304
2047-12-23,,28.73352813720703,34.798858642578125,-6.100462913513184,0.03512951359152794
2047-12-24,,28.736312866210938,34.79909133911133,-6.097175121307373,0.034396570175886154
2047-12-25,,28.742984771728516,34.799320220947266,-6.092588901519775,0.03625147417187691
2047-12-26,,28.414649963378906,34.79955291748047,-6.086623668670654,-0.29827752709388733
2047-12-27,,28.756206512451172,34.799781799316406,-6.079224109649658,0.0356491394340992
2047-12-28,,28.852359771728516,34.80001449584961,-6.0703558921813965,0.1226998120546341
2047-12-29,,28.774391174316406,34.80024337768555,-6.060006141662598,0.03415101766586304
2047-12-30,,28.78741455078125,34.80047607421875,-6.048190593719482,0.03512951359152794
2047-12-31,,28.800151824951172,34.80070877075195,-6.034951210021973,0.034396570175886154
2048-01-01,,28.81684112548828,34.80093765258789,-6.020349502563477,0.03625147417187691
2048-01-02,,28.4984130859375,34.801170349121094,-6.004477024078369,-0.29827752709388733
2048-01-03,,28.849594116210938,34.80139923095703,-5.987452030181885,0.0356491394340992
2048-01-04,,28.954917907714844,34.801631927490234,-5.9694132804870605,0.1226998120546341
2048-01-05,,28.88549041748047,34.80186080932617,-5.950523376464844,0.03415101766586304
2048-01-06,,28.90625762939453,34.802093505859375,-5.930965423583984,0.03512951359152794
2048-01-07,,28.925777435302734,34.80232238769531,-5.910940647125244,0.034396570175886154
2048-01-08,,28.948139190673828,34.802555084228516,-5.890666484832764,0.03625147417187691
2048-01-09,,28.634136199951172,34.80278396606445,-5.870372772216797,-0.29827752709388733
2048-01-10,,28.988361358642578,34.803016662597656,-5.850302219390869,0.0356491394340992
2048-01-11,,29.09524917602539,34.80324935913086,-5.8306989669799805,0.1226998120546341
2048-01-12,,29.025814056396484,34.8034782409668,-5.811816215515137,0.03415101766586304
2048-01-13,,29.044933319091797,34.803707122802734,-5.7939043045043945,0.03512951359152794
2048-01-14,,29.061126708984375,34.80393981933594,-5.777209281921387,0.034396570175886154
2048-01-15,,29.078453063964844,34.80417251586914,-5.761969566345215,0.03625147417187691
2048-01-16,,28.757709503173828,34.80440139770508,-5.748414993286133,-0.29827752709388733
2048-01-17,,29.10352325439453,34.804630279541016,-5.736758708953857,0.0356491394340992
2048-01-18,,29.200366973876953,34.80486297607422,-5.727194786071777,0.1226998120546341
2048-01-19,,29.119346618652344,34.80509567260742,-5.719897747039795,0.03415101766586304
2048-01-20,,29.125438690185547,34.80532455444336,-5.715015888214111,0.03512951359152794
2048-01-21,,29.127277374267578,34.80555725097656,-5.712674617767334,0.034396570175886154
2048-01-22,,29.129077911376953,34.8057861328125,-5.712963104248047,0.03625147417187691
2048-01-23,,28.791797637939453,34.8060188293457,-5.7159423828125,-0.29827752709388733
2048-01-24,,29.120258331298828,34.80624771118164,-5.721640586853027,0.0356491394340992
2048-01-25,,29.19913101196289,34.806480407714844,-5.730049133300781,0.1226998120546341
2048-01-26,,29.09973907470703,34.80671310424805,-5.741123676300049,0.03415101766586304
2048-01-27,,29.08728790283203,34.806941986083984,-5.754782199859619,0.03512951359152794
2048-01-28,,29.070659637451172,34.80717086791992,-5.770908832550049,0.034396570175886154
2048-01-29,,29.054306030273438,34.807403564453125,-5.789348125457764,0.03625147417187691
2048-01-30,,28.699443817138672,34.80763626098633,-5.809915065765381,-0.29827752709388733
2048-01-31,,29.011131286621094,34.807865142822266,-5.832382678985596,0.0356491394340992
2048-02-01,,29.074295043945312,34.8080940246582,-5.856500148773193,0.1226998120546341
2048-02-02,,28.960498809814453,34.808326721191406,-5.8819804191589355,0.03415101766586304
2048-02-03,,28.93517303466797,34.80855941772461,-5.908514022827148,0.03512951359152794
2048-02-04,,28.907421112060547,34.80878829956055,-5.935763835906982,0.034396570175886154
2048-02-05,,28.88189697265625,34.809017181396484,-5.963375568389893,0.03625147417187691
2048-02-06,,28.519996643066406,34.80924987792969,-5.990978240966797,-0.29827752709388733
2048-02-07,,28.826946258544922,34.80948257446289,-6.01818323135376,0.0356491394340992
2048-02-08,,28.88780975341797,34.80971145629883,-6.044600486755371,0.1226998120546341
2048-02-09,,28.774261474609375,34.80994415283203,-6.069833755493164,0.03415101766586304
2048-02-10,,28.75182342529297,34.81017303466797,-6.0934834480285645,0.03512951359152794
2048-02-11,,28.729637145996094,34.81040573120117,-6.115163326263428,0.034396570175886154
2048-02-12,,28.712390899658203,34.81063461303711,-6.134494304656982,0.03625147417187691
2048-02-13,,28.36147689819336,34.81086730957031,-6.1511125564575195,-0.29827752709388733
2048-02-14,,28.68207550048828,34.811100006103516,-6.164672374725342,0.0356491394340992
2048-02-15,,28.759170532226562,34.81132888793945,-6.174858570098877,0.1226998120546341
2048-02-16,,28.664329528808594,34.81155776977539,-6.181380271911621,0.03415101766586304
2048-02-17,,28.66293716430664,34.811790466308594,-6.183983325958252,0.03512951359152794
2048-02-18,,28.663970947265625,34.8120231628418,-6.182448387145996,0.034396570175886154
2048-02-19,,28.671905517578125,34.812252044677734,-6.176598072052002,0.03625147417187691
2048-02-20,,28.34790802001953,34.81248092651367,-6.166297435760498,-0.29827752709388733
2048-02-21,,28.696903228759766,34.812713623046875,-6.15146017074585,0.0356491394340992
2048-02-22,,28.80359649658203,34.81294631958008,-6.132046699523926,0.1226998120546341
2048-02-23,,28.739253997802734,34.813175201416016,-6.1080708503723145,0.03415101766586304
2048-02-24,,28.768943786621094,34.81340789794922,-6.079594612121582,0.03512951359152794
2048-02-25,,28.801300048828125,34.813636779785156,-6.046732425689697,0.034396570175886154
2048-02-26,,28.840469360351562,34.81386947631836,-6.009650707244873,0.03625147417187691
2048-02-27,,28.547252655029297,34.8140983581543,-5.968570232391357,-0.29827752709388733
2048-02-28,,28.926223754882812,34.8143310546875,-5.9237565994262695,0.0356491394340992
2048-02-29,,29.061737060546875,34.81455993652344,-5.875524520874023,0.1226998120546341
2048-03-01,,29.024703979492188,34.81479263305664,-5.824238300323486,0.03415101766586304
2048-03-02,,29.079853057861328,34.81502151489258,-5.770299911499023,0.03512951359152794
2048-03-03,,29.135501861572266,34.81525421142578,-5.714148998260498,0.034396570175886154
2048-03-04,,29.195472717285156,34.815486907958984,-5.656264781951904,0.03625147417187691
2048-03-05,,28.920284271240234,34.81571578979492,-5.597153663635254,-0.29827752709388733
2048-03-06,,29.314254760742188,34.815948486328125,-5.537343502044678,0.0356491394340992
2048-03-07,,29.46149444580078,34.81617736816406,-5.4773850440979,0.1226998120546341
2048-03-08,,29.432720184326172,34.816410064697266,-5.41784143447876,0.03415101766586304
2048-03-09,,29.49248504638672,34.8166389465332,-5.35928201675415,0.03512951359152794
2048-03-10,,29.548988342285156,34.816871643066406,-5.3022780418396,0.034396570175886154
2048-03-11,,29.60596466064453,34.817100524902344,-5.247389316558838,0.03625147417187691
2048-03-12,,29.32388687133789,34.81733322143555,-5.195167541503906,-0.29827752709388733
2048-03-13,,29.707069396972656,34.817562103271484,-5.146143913269043,0.0356491394340992
2048-03-14,,29.839672088623047,34.81779479980469,-5.100822448730469,0.1226998120546341
2048-03-15,,29.792503356933594,34.818023681640625,-5.059671878814697,0.03415101766586304
2048-03-16,,29.83026123046875,34.81825637817383,-5.0231242179870605,0.03512951359152794
2048-03-17,,29.86132049560547,34.81848907470703,-4.99156379699707,0.034396570175886154
2048-03-18,,29.8896484375,34.81871795654297,-4.965322494506836,0.03625147417187691
2048-03-19,,29.575992584228516,34.818946838378906,-4.944677352905273,-0.29827752709388733
2048-03-20,,29.92498779296875,34.81917953491211,-4.929839134216309,0.0356491394340992
2048-03-21,,30.021156311035156,34.81941223144531,-4.92095422744751,0.1226998120546341
2048-03-22,,29.93569564819336,34.81964111328125,-4.918098449707031,0.03415101766586304
2048-03-23,,29.933731079101562,34.81987380981445,-4.921272277832031,0.03512951359152794
2048-03-24,,29.924102783203125,34.82010269165039,-4.93039608001709,0.034396570175886154
2048-03-25,,29.911270141601562,34.820335388183594,-4.945318222045898,0.03625147417187691
2048-03-26,,29.556488037109375,34.82056427001953,-4.965798854827881,-0.29827752709388733
2048-03-27,,29.86492156982422,34.820796966552734,-4.991523265838623,0.0356491394340992
2048-03-28,,29.921634674072266,34.82102966308594,-5.022093772888184,0.1226998120546341
2048-03-29,,29.79837417602539,34.821258544921875,-5.057035446166992,0.03415101766586304
2048-03-30,,29.760826110839844,34.82148742675781,-5.0957932472229,0.03512951359152794
2048-03-31,,29.71837615966797,34.821720123291016,-5.137739658355713,0.034396570175886154
2048-04-01,,29.676025390625,34.82195281982422,-5.182176113128662,0.03625147417187691
2048-04-02,,29.295570373535156,34.822181701660156,-5.228335380554199,-0.29827752709388733
2048-04-03,,29.582672119140625,34.822410583496094,-5.275390625,0.0356491394340992
2048-04-04,,29.622882843017578,34.8226432800293,-5.3224592208862305,0.1226998120546341
2048-04-05,,29.488418579101562,34.8228759765625,-5.368606090545654,0.03415101766586304
2048-04-06,,29.445377349853516,34.82310485839844,-5.4128570556640625,0.03512951359152794
2048-04-07,,29.40353012084961,34.823333740234375,-5.454200267791748,0.034396570175886154
2048-04-08,,29.368221282958984,34.82356643676758,-5.491598129272461,0.03625147417187691
2048-04-09,,29.00152587890625,34.82379913330078,-5.523994445800781,-0.29827752709388733
2048-04-10,,29.309356689453125,34.82402801513672,-5.55032205581665,0.0356491394340992
2048-04-11,,29.377445220947266,34.82426071166992,-5.569513320922852,0.1226998120546341
2048-04-12,,29.278133392333984,34.824493408203125,-5.580509662628174,0.03415101766586304
2048-04-13,,29.277584075927734,34.82472229003906,-5.582268714904785,0.03512951359152794
2048-04-14,,29.285572052001953,34.824951171875,-5.573776721954346,0.034396570175886154
2048-04-15,,29.30738067626953,34.8251838684082,-5.554055690765381,0.03625147417187691
2048-04-16,,29.004966735839844,34.825416564941406,-5.522170066833496,-0.29827752709388733
2048-04-17,,29.384052276611328,34.825645446777344,-5.477241039276123,0.0356491394340992
2048-04-18,,29.53012466430664,34.82587432861328,-5.418450832366943,0.1226998120546341
2048-04-19,,29.51520538330078,34.826107025146484,-5.34505558013916,0.03415101766586304
2048-04-20,,29.605083465576172,34.82633972167969,-5.256382465362549,0.03512951359152794
2048-04-21,,29.709117889404297,34.826568603515625,-5.151849269866943,0.034396570175886154
2048-04-22,,29.832088470458984,34.82679748535156,-5.030961990356445,0.03625147417187691
2048-04-23,,29.635425567626953,34.827030181884766,-4.893326759338379,-0.29827752709388733
2048-04-24,,30.124263763427734,34.82726287841797,-4.7386474609375,0.0356491394340992
2048-04-25,,30.38345718383789,34.827491760253906,-4.566734790802002,0.1226998120546341
2048-04-26,,30.484363555908203,34.827720642089844,-4.377508640289307,0.03415101766586304
2048-04-27,,30.69208526611328,34.82795333862305,-4.170999526977539,0.03512951359152794
2048-04-28,,30.91522979736328,34.82818603515625,-3.9473509788513184,0.034396570175886154
2048-04-29,,31.157852172851562,34.82841491699219,-3.706817150115967,0.03625147417187691
2048-04-30,,31.080604553222656,34.82864761352539,-3.4497666358947754,-0.29827752709388733
2048-05-01,,31.687850952148438,34.828880310058594,-3.1766767501831055,0.0356491394340992
2048-05-02,,32.06367492675781,34.82910919189453,-2.8881332874298096,0.1226998120546341
2048-05-03,,32.278663635253906,34.829341888427734,-2.5848264694213867,0.03415101766586304
2048-05-04,,32.59715270996094,34.82957077026367,-2.2675464153289795,0.03512951359152794
2048-05-05,,32.92701721191406,34.829803466796875,-1.9371795654296875,0.034396570175886154
2048-05-06,,33.271583557128906,34.83003234863281,-1.5946991443634033,0.03625147417187691
2048-05-07,,33.29082489013672,34.83026123046875,-1.2411611080169678,-0.29827752709388733
2048-05-08,,33.98844528198242,34.83049392700195,-0.8776968717575073,0.0356491394340992
2048-05-09,,34.44792175292969,34.830726623535156,-0.5055034160614014,0.1226998120546341
2048-05-10,,34.73927307128906,34.830955505371094,-0.12583471834659576,0.03415101766586304
2048-05-11,,35.12632369995117,34.8311882019043,0.2600058317184448,0.03512951359152794
2048-05-12,,35.5164909362793,34.831417083740234,0.6506776213645935,0.034396570175886154
2048-05-13,,35.9127082824707,34.83164978027344,1.0448089838027954,0.03625147417187691
2048-05-14,,35.97461700439453,34.83188247680664,1.4410139322280884,-0.29827752709388733
2048-05-15,,36.705657958984375,34.83211135864258,1.8378958702087402,0.0356491394340992
2048-05-16,,37.18910217285156,34.832340240478516,2.2340614795684814,0.1226998120546341
2048-05-17,,37.49485397338867,34.83257293701172,2.6281309127807617,0.03415101766586304
2048-05-18,,37.88667678833008,34.832801818847656,3.018747568130493,0.03512951359152794
2048-05-19,,38.27201843261719,34.83303451538086,3.4045867919921875,0.034396570175886154
2048-05-20,,38.65388870239258,34.83326721191406,3.7843706607818604,0.03625147417187691
2048-05-21,,38.69208908081055,34.83349609375,4.1568708419799805,-0.29827752709388733
2048-05-22,,39.39030075073242,34.8337287902832,4.5209221839904785,0.0356491394340992
2048-05-23,,39.83208465576172,34.83395767211914,4.87542724609375,0.1226998120546341
2048-05-24,,40.087711334228516,34.834190368652344,5.219369411468506,0.03415101766586304
2048-05-25,,40.421363830566406,34.83442306518555,5.551812648773193,0.03512951359152794
2048-05-26,,40.740962982177734,34.834651947021484,5.871915340423584,0.034396570175886154
2048-05-27,,41.05005645751953,34.83488082885742,6.178925037384033,0.03625147417187691
2048-05-28,,41.009033203125,34.835113525390625,6.47219705581665,-0.29827752709388733
2048-05-29,,41.62217712402344,34.83534240722656,6.751187324523926,0.0356491394340992
2048-05-30,,41.973731994628906,34.835575103759766,7.015456199645996,0.1226998120546341
2048-05-31,,42.1346321105957,34.8358039855957,7.264674663543701,0.03415101766586304
2048-06-01,,42.36978530883789,34.836036682128906,7.498620986938477,0.03512951359152794
2048-06-02,,42.58784866333008,34.83626937866211,7.717182159423828,0.034396570175886154
2048-06-03,,42.7931022644043,34.83649826049805,7.920350551605225,0.03625147417187691
2048-06-04,,42.64667892456055,34.836727142333984,8.108227729797363,-0.29827752709388733
2048-06-05,,43.15361785888672,34.83695983886719,8.281009674072266,0.0356491394340992
2048-06-06,,43.398887634277344,34.83719253540039,8.438994407653809,0.1226998120546341
2048-06-07,,43.45414733886719,34.83742141723633,8.582573890686035,0.03415101766586304
2048-06-08,,43.58500671386719,34.83765411376953,8.712224960327148,0.03512951359152794
2048-06-09,,43.70077896118164,34.83788299560547,8.828499794006348,0.034396570175886154
2048-06-10,,43.806400299072266,34.83811569213867,8.932032585144043,0.03625147417187691
2048-06-11,,43.56359100341797,34.83834457397461,9.02352237701416,-0.29827752709388733
2048-06-12,,43.977943420410156,34.83857727050781,9.103716850280762,0.0356491394340992
2048-06-13,,44.13492965698242,34.838809967041016,9.173421859741211,0.1226998120546341
2048-06-14,,44.10667037963867,34.83903884887695,9.233479499816895,0.03415101766586304
2048-06-15,,44.159156799316406,34.83926773071289,9.284761428833008,0.03512951359152794
2048-06-16,,44.202064514160156,34.839500427246094,9.328165054321289,0.034396570175886154
2048-06-17,,44.240577697753906,34.8397331237793,9.364594459533691,0.03625147417187691
2048-06-18,,43.9366455078125,34.839962005615234,9.394960403442383,-0.29827752709388733
2048-06-19,,44.29600524902344,34.84019088745117,9.420162200927734,0.0356491394340992
2048-06-20,,44.404212951660156,34.840423583984375,9.441088676452637,0.1226998120546341
2048-06-21,,44.33340835571289,34.84065628051758,9.458600997924805,0.03415101766586304
2048-06-22,,44.34954071044922,34.840885162353516,9.473527908325195,0.03512951359152794
2048-06-23,,44.36216735839844,34.84111404418945,9.486654281616211,0.034396570175886154
2048-06-24,,44.37632369995117,34.841346740722656,9.4987211227417,0.03625147417187691
2048-06-25,,44.053714752197266,34.84157943725586,9.510412216186523,-0.29827752709388733
2048-06-26,,44.39980697631836,34.8418083190918,9.52234935760498,0.0356491394340992
2048-06-27,,44.49982833862305,34.842041015625,9.535087585449219,0.1226998120546341
2048-06-28,,44.425533294677734,34.84226989746094,9.54910945892334,0.03415101766586304
2048-06-29,,44.44245529174805,34.84250259399414,9.564825057983398,0.03512951359152794
2048-06-30,,44.459693908691406,34.84273147583008,9.582564353942871,0.034396570175886154
2048-07-01,,44.48179244995117,34.84296417236328,9.602577209472656,0.03625147417187691
2048-07-02,,44.169944763183594,34.843196868896484,9.625029563903809,-0.29827752709388733
2048-07-03,,44.529083251953125,34.84342575073242,9.650008201599121,0.0356491394340992
2048-07-04,,44.64387512207031,34.84365463256836,9.677520751953125,0.1226998120546341
2048-07-05,,44.58552551269531,34.84388732910156,9.707487106323242,0.03415101766586304
2048-07-06,,44.6190071105957,34.844120025634766,9.739758491516113,0.03512951359152794
2048-07-07,,44.65285110473633,34.8443489074707,9.774106979370117,0.034396570175886154
2048-07-08,,44.691062927246094,34.844581604003906,9.81023120880127,0.03625147417187691
2048-07-09,,44.39430618286133,34.844810485839844,9.847769737243652,-0.29827752709388733
2048-07-10,,44.76698684692383,34.84504318237305,9.886295318603516,0.0356491394340992
2048-07-11,,44.893306732177734,34.845272064208984,9.925333023071289,0.1226998120546341
2048-07-12,,44.8440055847168,34.84550094604492,9.964350700378418,0.03415101766586304
2048-07-13,,44.883644104003906,34.845733642578125,10.002779006958008,0.03512951359152794
2048-07-14,,44.920379638671875,34.84596633911133,10.040014266967773,0.034396570175886154
2048-07-15,,44.957881927490234,34.846195220947266,10.075432777404785,0.03625147417187691
2048-07-16,,44.656532287597656,34.84642791748047,10.108379364013672,-0.29827752709388733
2048-07-17,,45.020511627197266,34.846656799316406,10.138199806213379,0.0356491394340992
2048-07-18,,45.13382339477539,34.84688949584961,10.16423511505127,0.1226998120546341
2048-07-19,,45.06710433959961,34.84712219238281,10.185831069946289,0.03415101766586304
2048-07-20,,45.08483123779297,34.84735107421875,10.202350616455078,0.03512951359152794
2048-07-21,,45.09515380859375,34.84758377075195,10.213174819946289,0.034396570175886154
2048-07-22,,45.10177993774414,34.84781265258789,10.217716217041016,0.03625147417187691
2048-07-23,,44.765193939208984,34.84804153442383,10.215426445007324,-0.29827752709388733
2048-07-24,,45.089725494384766,34.84827423095703,10.205801963806152,0.0356491394340992
2048-07-25,,45.15958786010742,34.848506927490234,10.188383102416992,0.1226998120546341
2048-07-26,,45.045658111572266,34.84873580932617,10.162771224975586,0.03415101766586304
2048-07-27,,45.012725830078125,34.848968505859375,10.128628730773926,0.03512951359152794
2048-07-28,,44.96928024291992,34.84919738769531,10.085683822631836,0.034396570175886154
2048-07-29,,44.91941452026367,34.849430084228516,10.033731460571289,0.03625147417187691
2048-07-30,,44.524024963378906,34.84966278076172,9.972640991210938,-0.29827752709388733
2048-07-31,,44.78789520263672,34.849891662597656,9.902355194091797,0.0356491394340992
2048-08-01,,44.79571533203125,34.850120544433594,9.822891235351562,0.1226998120546341
2048-08-02,,44.61885452270508,34.8503532409668,9.734349250793457,0.03415101766586304
2048-08-03,,44.522613525390625,34.850582122802734,9.6368989944458,0.03512951359152794
2048-08-04,,44.41600036621094,34.85081481933594,9.53078556060791,0.034396570175886154
2048-08-05,,44.30362319946289,34.851043701171875,9.416327476501465,0.03625147417187691
2048-08-06,,43.8469123840332,34.85127639770508,9.293915748596191,-0.29827752709388733
2048-08-07,,44.05116653442383,34.85150909423828,9.164009094238281,0.0356491394340992
2048-08-08,,44.00156021118164,34.85173797607422,9.02712345123291,0.1226998120546341
2048-08-09,,43.76995849609375,34.85197067260742,8.883838653564453,0.03415101766586304
2048-08-10,,43.622108459472656,34.85219955444336,8.73477840423584,0.03512951359152794
2048-08-11,,43.46745300292969,34.85243225097656,8.580622673034668,0.034396570175886154
2048-08-12,,43.310997009277344,34.8526611328125,8.422082901000977,0.03625147417187691
2048-08-13,,42.81452178955078,34.8528938293457,8.259906768798828,-0.29827752709388733
2048-08-14,,42.98363494873047,34.85312271118164,8.094864845275879,0.0356491394340992
2048-08-15,,42.90380096435547,34.853355407714844,7.927746772766113,0.1226998120546341
2048-08-16,,42.64708709716797,34.85358428955078,7.759349822998047,0.03415101766586304
2048-08-17,,42.47942352294922,34.853816986083984,7.590476036071777,0.03512951359152794
2048-08-18,,42.310359954833984,34.85404968261719,7.421915531158447,0.034396570175886154
2048-08-19,,42.14497756958008,34.854278564453125,7.254447937011719,0.03625147417187691
2048-08-20,,41.645057678222656,34.85450744628906,7.088827133178711,-0.29827752709388733
2048-08-21,,41.81616973876953,34.854740142822266,6.925778865814209,0.0356491394340992
2048-08-22,,41.7436637878418,34.85497283935547,6.765991687774658,0.1226998120546341
2048-08-23,,41.49946212768555,34.855201721191406,6.610108375549316,0.03415101766586304
2048-08-24,,41.34928512573242,34.855430603027344,6.45872163772583,0.03512951359152794
2048-08-25,,41.20242691040039,34.85566329956055,6.312365531921387,0.034396570175886154
2048-08-26,,41.063655853271484,34.85589599609375,6.171511173248291,0.03625147417187691
2048-08-27,,40.59441375732422,34.85612487792969,6.036563873291016,-0.29827752709388733
2048-08-28,,40.79985809326172,34.85635757446289,5.907855033874512,0.0356491394340992
2048-08-29,,40.764930725097656,34.85658645629883,5.785641670227051,0.1226998120546341
2048-08-30,,40.561073303222656,34.85681915283203,5.670104503631592,0.03415101766586304
2048-08-31,,40.453521728515625,34.85704803466797,5.561344146728516,0.03512951359152794
2048-09-01,,40.35105514526367,34.85728073120117,5.459374904632568,0.034396570175886154
2048-09-02,,40.25790023803711,34.857513427734375,5.364136695861816,0.03625147417187691
2048-09-03,,39.8349494934082,34.85774230957031,5.275484561920166,-0.29827752709388733
2048-09-04,,40.08681869506836,34.85797119140625,5.193195343017578,0.0356491394340992
2048-09-05,,40.09787368774414,34.85820388793945,5.116966724395752,0.1226998120546341
2048-09-06,,39.93901062011719,34.858436584472656,5.046425819396973,0.03415101766586304
2048-09-07,,39.87491989135742,34.858665466308594,4.981124401092529,0.03512951359152794
2048-09-08,,39.8138427734375,34.85889434814453,4.9205498695373535,0.034396570175886154
2048-09-09,,39.7595100402832,34.859127044677734,4.864128112792969,0.03625147417187691
2048-09-10,,39.372310638427734,34.85935974121094,4.811229228973389,-0.29827752709388733
2048-09-11,,39.656410217285156,34.859588623046875,4.761171340942383,0.0356491394340992
2048-09-12,,39.69575500488281,34.85982131958008,4.71323299407959,0.1226998120546341
2048-09-13,,39.560855865478516,34.860050201416016,4.666653156280518,0.03415101766586304
2048-09-14,,39.516056060791016,34.86028289794922,4.6206464767456055,0.03512951359152794
2048-09-15,,39.46931076049805,34.860511779785156,4.574403285980225,0.034396570175886154
2048-09-16,,39.42409896850586,34.86074447631836,4.527101516723633,0.03625147417187691
2048-09-17,,39.04061508178711,34.8609733581543,4.477917194366455,-0.29827752709388733
2048-09-18,,39.32288360595703,34.8612060546875,4.426027297973633,0.0356491394340992
2048-09-19,,39.35475540161133,34.86143493652344,4.3706207275390625,0.1226998120546341
2048-09-20,,39.20672607421875,34.86166763305664,4.310906410217285,0.03415101766586304
2048-09-21,,39.143150329589844,34.861900329589844,4.246120452880859,0.03512951359152794
2048-09-22,,39.072059631347656,34.86212921142578,4.175533771514893,0.034396570175886154
2048-09-23,,38.9970703125,34.86235809326172,4.098458766937256,0.03625147417187691
2048-09-24,,38.57857131958008,34.86259078979492,4.014257431030273,-0.29827752709388733
2048-09-25,,38.82081604003906,34.862823486328125,3.9223456382751465,0.0356491394340992
2048-09-26,,38.807952880859375,34.86305236816406,3.822202682495117,0.1226998120546341
2048-09-27,,38.61080551147461,34.863285064697266,3.7133705615997314,0.03415101766586304
2048-09-28,,38.494110107421875,34.8635139465332,3.5954649448394775,0.03512951359152794
2048-09-29,,38.36631393432617,34.863746643066406,3.468172311782837,0.034396570175886154
2048-09-30,,38.23148727416992,34.863975524902344,3.3312604427337646,0.03625147417187691
2048-10-01,,37.75050354003906,34.86420822143555,3.1845734119415283,-0.29827752709388733
2048-10-02,,37.92812728881836,34.864437103271484,3.0280404090881348,0.0356491394340992
2048-10-03,,37.849037170410156,34.86466979980469,2.8616695404052734,0.1226998120546341
2048-10-04,,37.5846061706543,34.864898681640625,2.6855545043945312,0.03415101766586304
2048-10-05,,37.40012741088867,34.86513137817383,2.499868869781494,0.03512951359152794
2048-10-06,,37.20462417602539,34.865360260009766,2.304866075515747,0.034396570175886154
2048-10-07,,37.002723693847656,34.86559295654297,2.1008799076080322,0.03625147417187691
2048-10-08,,36.45586395263672,34.86582565307617,1.8883168697357178,-0.29827752709388733
2048-10-09,,36.56936264038086,34.86605453491211,1.667657494544983,0.0356491394340992
2048-10-10,,36.42843246459961,34.86628723144531,1.4394478797912598,0.1226998120546341
2048-10-11,,36.10496520996094,34.86651611328125,1.2042971849441528,0.03415101766586304
2048-10-12,,35.864749908447266,34.86674880981445,0.9628724455833435,0.03512951359152794
2048-10-13,,35.61726760864258,34.86697769165039,0.7158910036087036,0.034396570175886154
2048-10-14,,35.367576599121094,34.867210388183594,0.4641169607639313,0.03625147417187691
2048-10-15,,34.77751159667969,34.86743927001953,0.20835080742835999,-0.29827752709388733
2048-10-16,,34.85274887084961,34.867671966552734,-0.05057432875037193,0.0356491394340992
2048-10-17,,34.67879867553711,34.86790084838867,-0.31180185079574585,0.1226998120546341
2048-10-18,,34.32782745361328,34.868133544921875,-0.5744566321372986,0.03415101766586304
2048-10-19,,34.06583786010742,34.86836624145508,-0.8376551866531372,0.03512951359152794
2048-10-20,,33.80248260498047,34.868595123291016,-1.1005111932754517,0.034396570175886154
2048-10-21,,33.54293441772461,34.86882400512695,-1.362144112586975,0.03625147417187691
2048-10-22,,32.949092864990234,34.869056701660156,-1.6216846704483032,-0.29827752709388733
2048-10-23,,33.02665328979492,34.86928939819336,-1.8782840967178345,0.0356491394340992
2048-10-24,,32.86109924316406,34.8695182800293,-2.1311185359954834,0.1226998120546341
2048-10-25,,32.52450180053711,34.869747161865234,-2.37939715385437,0.03415101766586304
2048-10-26,,32.28274154663086,34.86997985839844,-2.6223671436309814,0.03512951359152794
2048-10-27,,32.045291900634766,34.87021255493164,-2.859318971633911,0.034396570175886154
2048-10-28,,31.817100524902344,34.87044143676758,-3.089592933654785,0.03625147417187691
2048-10-29,,31.259811401367188,34.87067413330078,-3.3125829696655273,-0.29827752709388733
2048-10-30,,31.378814697265625,34.870906829833984,-3.5277388095855713,0.0356491394340992
2048-10-31,,31.259262084960938,34.87113571166992,-3.7345731258392334,0.1226998120546341
2048-11-01,,30.972858428955078,34.87136459350586,-3.9326586723327637,0.03415101766586304
2048-11-02,,30.78508758544922,34.87159729003906,-4.121636867523193,0.03512951359152794
2048-11-03,,30.605010986328125,34.871829986572266,-4.30121374130249,0.034396570175886154
2048-11-04,,30.437145233154297,34.8720588684082,-4.471164703369141,0.03625147417187691
2048-11-05,,29.94268035888672,34.87228775024414,-4.6313300132751465,-0.29827752709388733
2048-11-06,,30.126548767089844,34.872520446777344,-4.781620025634766,0.0356491394340992
2048-11-07,,30.073444366455078,34.87275314331055,-4.922006607055664,0.1226998120546341
2048-11-08,,29.854602813720703,34.872982025146484,-5.0525312423706055,0.03415101766586304
2048-11-09,,29.735050201416016,34.87321090698242,-5.173293590545654,0.03512951359152794
2048-11-10,,29.623390197753906,34.873443603515625,-5.284450531005859,0.034396570175886154
2048-11-11,,29.52370834350586,34.87367630004883,-5.3862175941467285,0.03625147417187691
2048-11-12,,29.09676742553711,34.873905181884766,-5.4788618087768555,-0.29827752709388733
2048-11-13,,29.347091674804688,34.8741340637207,-5.562694072723389,0.0356491394340992
2048-11-14,,29.35900115966797,34.874366760253906,-5.638069152832031,0.1226998120546341
2048-11-15,,29.203369140625,34.87459945678711,-5.705381393432617,0.03415101766586304
2048-11-16,,29.14490509033203,34.87482833862305,-5.765055179595947,0.03512951359152794
2048-11-17,,29.09191131591797,34.87506103515625,-5.8175435066223145,0.034396570175886154
2048-11-18,,29.048221588134766,34.87529373168945,-5.863320827484131,0.03625147417187691
2048-11-19,,28.674365997314453,34.87552261352539,-5.9028778076171875,-0.29827752709388733
2048-11-20,,28.974685668945312,34.87575149536133,-5.936716079711914,0.0356491394340992
2048-11-21,,29.033344268798828,34.87598419189453,-5.965340614318848,0.1226998120546341
2048-11-22,,28.92110824584961,34.876216888427734,-5.989259243011475,0.03415101766586304
2048-11-23,,28.902599334716797,34.87644577026367,-6.008974552154541,0.03512951359152794
2048-11-24,,28.886096954345703,34.87667465209961,-6.0249762535095215,0.034396570175886154
2048-11-25,,28.87541961669922,34.87690734863281,-6.037741661071777,0.03625147417187691
2048-11-26,,28.531131744384766,34.877140045166016,-6.047731876373291,-0.29827752709388733
2048-11-27,,28.85763931274414,34.87736892700195,-6.055379390716553,0.0356491394340992
2048-11-28,,28.939205169677734,34.87759780883789,-6.061093807220459,0.1226998120546341
2048-11-29,,28.846725463867188,34.877830505371094,-6.0652570724487305,0.03415101766586304
2048-11-30,,28.84497833251953,34.8780632019043,-6.0682148933410645,0.03512951359152794
2048-12-01,,28.842403411865234,34.878292083740234,-6.070284366607666,0.034396570175886154
2048-12-02,,28.843032836914062,34.87852478027344,-6.071742534637451,0.03625147417187691
2048-12-03,,28.507648468017578,34.878753662109375,-6.072831630706787,-0.29827752709388733
2048-12-04,,28.84088134765625,34.87898635864258,-6.07375431060791,0.0356491394340992
2048-12-05,,28.927234649658203,34.879215240478516,-6.074681758880615,0.1226998120546341
2048-12-06,,28.83785629272461,34.87944793701172,-6.075740814208984,0.03415101766586304
2048-12-07,,28.837783813476562,34.87968063354492,-6.0770263671875,0.03512951359152794
2048-12-08,,28.835708618164062,34.87990951538086,-6.0785980224609375,0.034396570175886154
2048-12-09,,28.83591079711914,34.88014221191406,-6.080480575561523,0.03625147417187691
2048-12-10,,28.499427795410156,34.88037109375,-6.082667350769043,-0.29827752709388733
2048-12-11,,28.831127166748047,34.8806037902832,-6.085124969482422,0.0356491394340992
2048-12-12,,28.91573715209961,34.88083267211914,-6.087796211242676,0.1226998120546341
2048-12-13,,28.824623107910156,34.881065368652344,-6.0905938148498535,0.03415101766586304
2048-12-14,,28.82300567626953,34.88129425048828,-6.093418598175049,0.03512951359152794
2048-12-15,,28.81977081298828,34.881526947021484,-6.096150875091553,0.034396570175886154
2048-12-16,,28.819347381591797,34.88175582885742,-6.098660945892334,0.03625147417187691
2048-12-17,,28.48290252685547,34.881988525390625,-6.100808143615723,-0.29827752709388733
2048-12-18,,28.815418243408203,34.88221740722656,-6.1024489402771,0.0356491394340992
2048-12-19,,28.901710510253906,34.882450103759766,-6.103438377380371,0.1226998120546341
2048-12-20,,28.813201904296875,34.88268280029297,-6.10363245010376,0.03415101766586304
2048-12-21,,28.815147399902344,34.882911682128906,-6.102893352508545,0.03512951359152794
2048-12-22,,28.816444396972656,34.883140563964844,-6.10109281539917,0.034396570175886154
2048-12-23,,28.82150650024414,34.88337326049805,-6.098116397857666,0.03625147417187691
2048-12-24,,28.491466522216797,34.88360595703125,-6.093860626220703,-0.29827752709388733
2048-12-25,,28.83123779296875,34.88383483886719,-6.088247776031494,0.0356491394340992
2048-12-26,,28.925556182861328,34.88406753540039,-6.081210613250732,0.1226998120546341
2048-12-27,,28.845733642578125,34.88429641723633,-6.072711944580078,0.03415101766586304
2048-12-28,,28.85692596435547,34.88452911376953,-6.062732696533203,0.03512951359152794
2048-12-29,,28.867874145507812,34.88475799560547,-6.0512824058532715,0.034396570175886154
2048-12-30,,28.882850646972656,34.88499069213867,-6.03839111328125,0.03625147417187691
2048-12-31,,28.562820434570312,34.885223388671875,-6.02412223815918,-0.29827752709388733
2049-01-01,,28.91254425048828,34.88545227050781,-6.0085577964782715,0.0356491394340992
2049-01-02,,29.01657485961914,34.88568115234375,-5.9918084144592285,0.1226998120546341
2049-01-03,,28.94605255126953,34.88591384887695,-5.974009990692139,0.03415101766586304
2049-01-04,,28.965957641601562,34.886146545410156,-5.955316066741943,0.03512951359152794
2049-01-05,,28.98486328125,34.886375427246094,-5.935907363891602,0.034396570175886154
2049-01-06,,29.006877899169922,34.88660430908203,-5.915979385375977,0.03625147417187691
2049-01-07,,28.692813873291016,34.886837005615234,-5.895745277404785,-0.29827752709388733
2049-01-08,,29.047283172607422,34.88706970214844,-5.875436305999756,0.0356491394340992
2049-01-09,,29.154712677001953,34.887298583984375,-5.85528564453125,0.1226998120546341
2049-01-10,,29.086135864257812,34.88752746582031,-5.835542678833008,0.03415101766586304
2049-01-11,,29.106433868408203,34.887760162353516,-5.816455841064453,0.03512951359152794
2049-01-12,,29.12411117553711,34.88799285888672,-5.798278331756592,0.034396570175886154
2049-01-13,,29.143218994140625,34.888221740722656,-5.781254768371582,0.03625147417187691
2049-01-14,,28.824542999267578,34.88845443725586,-5.76563024520874,-0.29827752709388733
2049-01-15,,29.172698974609375,34.8886833190918,-5.751634120941162,0.0356491394340992
2049-01-16,,29.27212905883789,34.888916015625,-5.7394843101501465,0.1226998120546341
2049-01-17,,29.193920135498047,34.88914489746094,-5.729378700256348,0.03415101766586304
2049-01-18,,29.203006744384766,34.88937759399414,-5.721499919891357,0.03512951359152794
2049-01-19,,29.208003997802734,34.889610290527344,-5.716002941131592,0.034396570175886154
2049-01-20,,29.21307373046875,34.88983917236328,-5.713016510009766,0.03625147417187691
2049-01-21,,28.879150390625,34.89006805419922,-5.712640285491943,-0.29827752709388733
2049-01-22,,29.21100616455078,34.89030075073242,-5.7149434089660645,0.0356491394340992
2049-01-23,,29.293270111083984,34.890533447265625,-5.719961643218994,0.1226998120546341
2049-01-24,,29.197219848632812,34.89076232910156,-5.727694511413574,0.03415101766586304
2049-01-25,,29.188011169433594,34.8909912109375,-5.738109588623047,0.03512951359152794
2049-01-26,,29.174488067626953,34.8912239074707,-5.751131057739258,0.034396570175886154
2049-01-27,,29.161052703857422,34.891456604003906,-5.766654014587402,0.03625147417187691
2049-01-28,,28.808876037597656,34.891685485839844,-5.784531593322754,-0.29827752709388733
2049-01-29,,29.12297821044922,34.89191436767578,-5.804585933685303,0.0356491394340992
2049-01-30,,29.188247680664062,34.892147064208984,-5.826600551605225,0.1226998120546341
2049-01-31,,29.07619857788086,34.89237976074219,-5.850330829620361,0.03415101766586304
2049-02-01,,29.05223846435547,34.892608642578125,-5.875499725341797,0.03512951359152794
2049-02-02,,29.025440216064453,34.89284133911133,-5.90179967880249,0.034396570175886154
2049-02-03,,29.00041961669922,34.893070220947266,-5.928903102874756,0.03625147417187691
2049-02-04,,28.638565063476562,34.89330291748047,-5.956458568572998,-0.29827752709388733
2049-02-05,,28.945083618164062,34.893531799316406,-5.984098434448242,0.0356491394340992
2049-02-06,,29.005023956298828,34.89376449584961,-6.011439800262451,0.1226998120546341
2049-02-07,,28.890052795410156,34.89399719238281,-6.038092613220215,0.03415101766586304
2049-02-08,,28.865699768066406,34.89422607421875,-6.063657283782959,0.03512951359152794
2049-02-09,,28.841114044189453,34.89445495605469,-6.087739944458008,0.034396570175886154
2049-02-10,,28.82099151611328,34.89468765258789,-6.109949588775635,0.03625147417187691
2049-02-11,,28.466739654541016,34.894920349121094,-6.129902362823486,-0.29827752709388733
2049-02-12,,28.7835693359375,34.89514923095703,-6.147230625152588,0.0356491394340992
2049-02-13,,28.856494903564453,34.895381927490234,-6.161587715148926,0.1226998120546341
2049-02-14,,28.757118225097656,34.89561080932617,-6.172645568847656,0.03415101766586304
2049-02-15,,28.75086212158203,34.895843505859375,-6.180108547210693,0.03512951359152794
2049-02-16,,28.746753692626953,34.89607238769531,-6.183714389801025,0.034396570175886154
2049-02-17,,28.749324798583984,34.89630126953125,-6.183230876922607,0.03625147417187691
2049-02-18,,28.419784545898438,34.89653396606445,-6.178473472595215,-0.29827752709388733
2049-02-19,,28.763118743896484,34.896766662597656,-6.169294357299805,0.0356491394340992
2049-02-20,,28.864097595214844,34.896995544433594,-6.155598163604736,0.1226998120546341
2049-02-21,,28.794048309326172,34.8972282409668,-6.1373291015625,0.03415101766586304
2049-02-22,,28.818099975585938,34.897457122802734,-6.114490032196045,0.03512951359152794
2049-02-23,,28.844955444335938,34.89768981933594,-6.087130069732666,0.034396570175886154
2049-02-24,,28.878822326660156,34.89792251586914,-6.055350303649902,0.03625147417187691
2049-02-25,,28.58056640625,34.89815139770508,-6.01930570602417,-0.29827752709388733
2049-02-26,,28.954830169677734,34.89838409423828,-5.979201316833496,0.0356491394340992
2049-02-27,,29.086017608642578,34.89861297607422,-5.935293197631836,0.1226998120546341
2049-02-28,,29.045108795166016,34.898841857910156,-5.887884616851807,0.03415101766586304
2049-03-01,,29.096881866455078,34.89907455444336,-5.837325572967529,0.03512951359152794
2049-03-02,,29.14969253540039,34.89930725097656,-5.7840094566345215,0.034396570175886154
2049-03-03,,29.207420349121094,34.8995361328125,-5.728369235992432,0.03625147417187691
2049-03-04,,28.930618286132812,34.8997688293457,-5.670871257781982,-0.29827752709388733
2049-03-05,,29.323631286621094,34.89999771118164,-5.6120171546936035,0.0356491394340992
2049-03-06,,29.470596313476562,34.900230407714844,-5.552331447601318,0.1226998120546341
2049-03-07,,29.44225311279297,34.90046310424805,-5.492358684539795,0.03415101766586304
2049-03-08,,29.503162384033203,34.900691986083984,-5.432659149169922,0.03512951359152794
2049-03-09,,29.561519622802734,34.90092086791992,-5.3737993240356445,0.034396570175886154
2049-03-10,,29.621051788330078,34.901153564453125,-5.316352367401123,0.03625147417187691
2049-03-11,,29.34222412109375,34.90138244628906,-5.260882377624512,-0.29827752709388733
2049-03-12,,29.729320526123047,34.901615142822266,-5.207943439483643,0.0356491394340992
2049-03-13,,29.866474151611328,34.9018440246582,-5.158071517944336,0.1226998120546341
2049-03-14,,29.824447631835938,34.902076721191406,-5.11177921295166,0.03415101766586304
2049-03-15,,29.867897033691406,34.90230941772461,-5.069543361663818,0.03512951359152794
2049-03-16,,29.905128479003906,34.90253829956055,-5.031807899475098,0.034396570175886154
2049-03-17,,29.940052032470703,34.90277099609375,-4.998966693878174,0.03625147417187691
2049-03-18,,29.633358001708984,34.90299987792969,-4.971367359161377,-0.29827752709388733
2049-03-19,,29.989578247070312,34.90323257446289,-4.949300765991211,0.0356491394340992
2049-03-20,,30.09316635131836,34.90346145629883,-4.932994365692139,0.1226998120546341
2049-03-21,,30.01523208618164,34.90369415283203,-4.92261266708374,0.03415101766586304
2049-03-22,,30.02080535888672,34.90392303466797,-4.918246746063232,0.03512951359152794
2049-03-23,,30.018634796142578,34.90415573120117,-4.919915676116943,0.034396570175886154
2049-03-24,,30.013072967529297,34.90438461303711,-4.9275641441345215,0.03625147417187691
2049-03-25,,29.665283203125,34.90461730957031,-4.9410552978515625,-0.29827752709388733
2049-03-26,,29.980323791503906,34.904850006103516,-4.9601731300354,0.0356491394340992
2049-03-27,,30.04315948486328,34.90507888793945,-4.984620571136475,0.1226998120546341
2049-03-28,,29.925437927246094,34.90530776977539,-5.014021396636963,0.03415101766586304
2049-03-29,,29.89275360107422,34.905540466308594,-5.047919750213623,0.03512951359152794
2049-03-30,,29.854389190673828,34.9057731628418,-5.085778713226318,0.034396570175886154
2049-03-31,,29.815261840820312,34.906002044677734,-5.1269917488098145,0.03625147417187691
2049-04-01,,29.43708038330078,34.90623092651367,-5.170874118804932,-0.29827752709388733
2049-04-02,,29.725433349609375,34.906463623046875,-5.216678142547607,0.0356491394340992
2049-04-03,,29.765804290771484,34.90669631958008,-5.2635908126831055,0.1226998120546341
2049-04-04,,29.63033676147461,34.906925201416016,-5.3107404708862305,0.03415101766586304
2049-04-05,,29.585079193115234,34.90715789794922,-5.357207775115967,0.03512951359152794
2049-04-06,,29.539756774902344,34.907386779785156,-5.402027130126953,0.034396570175886154
2049-04-07,,29.499675750732422,34.90761947631836,-5.4441938400268555,0.03625147417187691
2049-04-08,,29.126895904541016,34.9078483581543,-5.4826765060424805,-0.29827752709388733
2049-04-09,,29.42730712890625,34.9080810546875,-5.516422748565674,0.0356491394340992
2049-04-10,,29.486644744873047,34.9083137512207,-5.54436731338501,0.1226998120546341
2049-04-11,,29.37725067138672,34.90854263305664,-5.56544303894043,0.03415101766586304
2049-04-12,,29.365318298339844,34.90877151489258,-5.578586101531982,0.03512951359152794
2049-04-13,,29.36064910888672,34.90900421142578,-5.582752227783203,0.034396570175886154
2049-04-14,,29.368572235107422,34.909236907958984,-5.576915740966797,0.03625147417187691
2049-04-15,,29.051097869873047,34.90946578979492,-5.560091018676758,-0.29827752709388733
2049-04-16,,29.414012908935547,34.90969467163086,-5.5313310623168945,0.0356491394340992
2049-04-17,,29.542884826660156,34.90992736816406,-5.489742755889893,0.1226998120546341
2049-04-18,,29.50981903076172,34.910160064697266,-5.43449068069458,0.03415101766586304
2049-04-19,,29.580707550048828,34.9103889465332,-5.364811897277832,0.03512951359152794
2049-04-20,,29.665000915527344,34.910621643066406,-5.28001594543457,0.034396570175886154
2049-04-21,,29.767608642578125,34.910850524902344,-5.179497718811035,0.03625147417187691
2049-04-22,,29.550064086914062,34.91108322143555,-5.062741756439209,-0.29827752709388733
2049-04-23,,30.01763916015625,34.911312103271484,-4.929324150085449,0.0356491394340992
2049-04-24,,30.25531768798828,34.91154479980469,-4.778927326202393,0.1226998120546341
2049-04-25,,30.334590911865234,34.911773681640625,-4.611334323883057,0.03415101766586304
2049-04-26,,30.520694732666016,34.91200637817383,-4.426438808441162,0.03512951359152794
2049-04-27,,30.722393035888672,34.912235260009766,-4.224240779876709,0.034396570175886154
2049-04-28,,30.943862915039062,34.91246795654297,-4.004857540130615,0.03625147417187691
2049-04-29,,30.845905303955078,34.91270065307617,-3.7685155868530273,-0.29827752709388733
2049-04-30,,31.433025360107422,34.91292953491211,-3.5155534744262695,0.0356491394340992
2049-05-01,,31.78943634033203,34.91316223144531,-3.24642276763916,0.1226998120546341
2049-05-02,,31.985862731933594,34.91339111328125,-2.961682081222534,0.03415101766586304
2049-05-03,,32.28675842285156,34.91362380981445,-2.6619958877563477,0.03512951359152794
2049-05-04,,32.600120544433594,34.91385269165039,-2.3481297492980957,0.034396570175886154
2049-05-05,,32.92938995361328,34.914085388183594,-2.020946741104126,0.03625147417187691
2049-05-06,,32.93463897705078,34.91431427001953,-1.6813985109329224,-0.29827752709388733
2049-05-07,,33.61967468261719,34.914546966552734,-1.3305217027664185,0.0356491394340992
2049-05-08,,34.06804656982422,34.91477584838867,-0.9694289565086365,0.1226998120546341
2049-05-09,,34.349857330322266,34.915008544921875,-0.5993021726608276,0.03415101766586304
2049-05-10,,34.72898483276367,34.91523742675781,-0.2213822603225708,0.03512951359152794
2049-05-11,,35.11290740966797,34.915470123291016,0.16303981840610504,0.034396570175886154
2049-05-12,,35.50458526611328,34.91570281982422,0.5526309013366699,0.03625147417187691
2049-05-13,,35.563682556152344,34.915931701660156,0.946027398109436,-0.29827752709388733
2049-05-14,,36.29365539550781,34.916160583496094,1.3418450355529785,0.0356491394340992
2049-05-15,,36.77778244018555,34.9163932800293,1.738688588142395,0.1226998120546341
2049-05-16,,37.0859375,34.9166259765625,2.1351635456085205,0.03415101766586304
2049-05-17,,37.481868743896484,34.91685485839844,2.5298850536346436,0.03512951359152794
2049-05-18,,37.87297439575195,34.91708755493164,2.92149019241333,0.034396570175886154
2049-05-19,,38.262210845947266,34.91731643676758,3.308645725250244,0.03625147417187691
2049-05-20,,38.30933380126953,34.91754913330078,3.690060615539551,-0.29827752709388733
2049-05-21,,39.017921447753906,34.91777801513672,4.064493656158447,0.0356491394340992
2049-05-22,,39.47146987915039,34.91801071166992,4.430761337280273,0.1226998120546341
2049-05-23,,39.74014663696289,34.918243408203125,4.787753582000732,0.03415101766586304
2049-05-24,,40.08803176879883,34.91847229003906,5.134427070617676,0.03512951359152794
2049-05-25,,40.42292785644531,34.918701171875,5.469828128814697,0.034396570175886154
2049-05-26,,40.74827194213867,34.9189338684082,5.793088436126709,0.03625147417187691
2049-05-27,,40.72432327270508,34.919166564941406,6.10343599319458,-0.29827752709388733
2049-05-28,,41.35524368286133,34.919395446777344,6.400198459625244,0.0356491394340992
2049-05-29,,41.725128173828125,34.91962432861328,6.682803630828857,0.1226998120546341
2049-05-30,,41.9047966003418,34.919857025146484,6.950788974761963,0.03415101766586304
2049-05-31,,42.15901565551758,34.92008972167969,7.203794956207275,0.03512951359152794
2049-06-01,,42.39628982543945,34.920318603515625,7.441574573516846,0.034396570175886154
2049-06-02,,42.62078857421875,34.92054748535156,7.663986682891846,0.03625147417187691
2049-06-03,,42.49350357055664,34.920780181884766,7.870997905731201,-0.29827752709388733
2049-06-04,,43.019344329833984,34.92101287841797,8.06268310546875,0.0356491394340992
2049-06-05,,43.28315734863281,34.921241760253906,8.239214897155762,0.1226998120546341
2049-06-06,,43.35649108886719,34.92147445678711,8.400866508483887,0.03415101766586304
2049-06-07,,43.50484085083008,34.92170715332031,8.548005104064941,0.03512951359152794
2049-06-08,,43.637420654296875,34.92193603515625,8.6810884475708,0.034396570175886154
2049-06-09,,43.75906753540039,34.92216491699219,8.800651550292969,0.03625147417187691
2049-06-10,,43.531429290771484,34.92239761352539,8.907307624816895,-0.29827752709388733
2049-06-11,,43.960018157958984,34.922630310058594,9.001738548278809,0.0356491394340992
2049-06-12,,44.13024139404297,34.92285919189453,9.084683418273926,0.1226998120546341
2049-06-13,,44.114173889160156,34.92308807373047,9.156933784484863,0.03415101766586304
2049-06-14,,44.177772521972656,34.92332077026367,9.219322204589844,0.03512951359152794
2049-06-15,,44.23066711425781,34.923553466796875,9.27271556854248,0.034396570175886154
2049-06-16,,44.278038024902344,34.92378234863281,9.318002700805664,0.03625147417187691
2049-06-17,,43.98182678222656,34.92401123046875,9.356090545654297,-0.29827752709388733
2049-06-18,,44.347782135009766,34.92424392700195,9.38788890838623,0.0356491394340992
2049-06-19,,44.46147537231445,34.924476623535156,9.414297103881836,0.1226998120546341
2049-06-20,,44.39506912231445,34.924705505371094,9.436210632324219,0.03415101766586304
2049-06-21,,44.4145622253418,34.92493438720703,9.454496383666992,0.03512951359152794
2049-06-22,,44.42955780029297,34.925167083740234,9.469993591308594,0.034396570175886154
2049-06-23,,44.44514846801758,34.92539978027344,9.483498573303223,0.03625147417187691
2049-06-24,,44.12311935424805,34.925628662109375,9.495765686035156,-0.29827752709388733
2049-06-25,,44.46900177001953,34.92586135864258,9.507491111755371,0.0356491394340992
2049-06-26,,44.56809997558594,34.92609405517578,9.519309043884277,0.1226998120546341
2049-06-27,,44.49227523803711,34.92632293701172,9.531800270080566,0.03415101766586304
2049-06-28,,44.507144927978516,34.926551818847656,9.54546070098877,0.03512951359152794
2049-06-29,,44.52190017700195,34.92678451538086,9.560718536376953,0.034396570175886154
2049-06-30,,44.54119110107422,34.92701721191406,9.577924728393555,0.03625147417187691
2049-07-01,,44.226318359375,34.92724609375,9.597350120544434,-0.29827752709388733
2049-07-02,,44.582305908203125,34.92747497558594,9.619180679321289,0.0356491394340992
2049-07-03,,44.693931579589844,34.92770767211914,9.643524169921875,0.1226998120546341
2049-07-04,,44.63249969482422,34.927940368652344,9.670408248901367,0.03415101766586304
2049-07-05,,44.6630744934082,34.92816925048828,9.699772834777832,0.03512951359152794
2049-07-06,,44.69428634643555,34.928401947021484,9.731487274169922,0.034396570175886154
2049-07-07,,44.730224609375,34.92863082885742,9.765340805053711,0.03625147417187691
2049-07-08,,44.431636810302734,34.928863525390625,9.80105209350586,-0.29827752709388733
2049-07-09,,44.803016662597656,34.92909240722656,9.838274955749512,0.0356491394340992
2049-07-10,,44.92862319946289,34.929325103759766,9.876598358154297,0.1226998120546341
2049-07-11,,44.8792610168457,34.9295539855957,9.915555000305176,0.03415101766586304
2049-07-12,,44.9195442199707,34.929786682128906,9.954628944396973,0.03512951359152794
2049-07-13,,44.957672119140625,34.930015563964844,9.993258476257324,0.034396570175886154
2049-07-14,,44.997352600097656,34.93024826049805,10.030851364135742,0.03625147417187691
2049-07-15,,44.6989860534668,34.93048095703125,10.06678295135498,-0.29827752709388733
2049-07-16,,45.066768646240234,34.93070983886719,10.100408554077148,0.0356491394340992
2049-07-17,,45.184715270996094,34.93094253540039,10.131072998046875,0.1226998120546341
2049-07-18,,45.12343978881836,34.93117141723633,10.158116340637207,0.03415101766586304
2049-07-19,,45.14741897583008,34.93140411376953,10.18088436126709,0.03512951359152794
2049-07-20,,45.16476058959961,34.93163299560547,10.198731422424316,0.034396570175886154
2049-07-21,,45.17915344238281,34.93186569213867,10.21103572845459,0.03625147417187691
2049-07-22,,44.85102081298828,34.93209457397461,10.21720027923584,-0.29827752709388733
2049-07-23,,45.18464660644531,34.93232727050781,10.216670036315918,0.0356491394340992
2049-07-24,,45.26417922973633,34.93255615234375,10.208922386169434,0.1226998120546341
2049-07-25,,45.160430908203125,34.93278884887695,10.193490028381348,0.03415101766586304
2049-07-26,,45.13811111450195,34.93301773071289,10.169962882995605,0.03512951359152794
2049-07-27,,45.105628967285156,34.933250427246094,10.137980461120605,0.034396570175886154
2049-07-28,,45.066993713378906,34.9334831237793,10.097258567810059,0.03625147417187691
2049-07-29,,44.683006286621094,34.933712005615234,10.04757308959961,-0.29827752709388733
2049-07-30,,44.95836639404297,34.93394088745117,9.988774299621582,0.0356491394340992
2049-07-31,,44.9776611328125,34.934173583984375,9.920787811279297,0.1226998120546341
2049-08-01,,44.81217575073242,34.93440628051758,9.84361743927002,0.03415101766586304
2049-08-02,,44.72709655761719,34.934635162353516,9.757330894470215,0.03512951359152794
2049-08-03,,44.63134765625,34.93486785888672,9.66208553314209,0.034396570175886154
2049-08-04,,44.529457092285156,34.935096740722656,9.558109283447266,0.03625147417187691
2049-08-05,,44.0827522277832,34.93532943725586,9.44570255279541,-0.29827752709388733
2049-08-06,,44.296451568603516,34.9355583190918,9.32524299621582,0.0356491394340992
2049-08-07,,44.25564956665039,34.935791015625,9.197161674499512,0.1226998120546341
2049-08-08,,44.032142639160156,34.9360237121582,9.061968803405762,0.03415101766586304
2049-08-09,,43.89160919189453,34.93625259399414,8.920226097106934,0.03512951359152794
2049-08-10,,43.74342727661133,34.93648147583008,8.77254867553711,0.034396570175886154
2049-08-11,,43.59256362915039,34.93671417236328,8.619600296020508,0.03625147417187691
2049-08-12,,43.10075759887695,34.936946868896484,8.462087631225586,-0.29827752709388733
2049-08-13,,43.27357482910156,34.93717575073242,8.300749778747559,0.0356491394340992
2049-08-14,,43.19645690917969,34.93740463256836,8.136350631713867,0.1226998120546341
2049-08-15,,42.941463470458984,34.93763732910156,7.969677925109863,0.03415101766586304
2049-08-16,,42.7745246887207,34.937870025634766,7.80152702331543,0.03512951359152794
2049-08-17,,42.605194091796875,34.9380989074707,7.632696151733398,0.034396570175886154
2049-08-18,,42.43856430053711,34.93832778930664,7.463983058929443,0.03625147417187691
2049-08-19,,41.93645477294922,34.938560485839844,7.296169757843018,-0.29827752709388733
2049-08-20,,42.10445785522461,34.93879318237305,7.1300177574157715,0.0356491394340992
2049-08-21,,42.027984619140625,34.939022064208984,6.966262340545654,0.1226998120546341
2049-08-22,,41.77899932861328,34.93925476074219,6.805596828460693,0.03415101766586304
2049-08-23,,41.623294830322266,34.939483642578125,6.648679733276367,0.03512951359152794
2049-08-24,,41.47023010253906,34.93971633911133,6.496116638183594,0.034396570175886154
2049-08-25,,41.32465362548828,34.939945220947266,6.348455429077148,0.03625147417187691
2049-08-26,,40.84808349609375,34.94017791748047,6.206185340881348,-0.29827752709388733
2049-08-27,,41.04578399658203,34.94041061401367,6.069726943969727,0.0356491394340992
2049-08-28,,41.002769470214844,34.94063949584961,5.939431190490723,0.1226998120546341
2049-08-29,,40.79059600830078,34.94086837768555,5.815575122833252,0.03415101766586304
2049-08-30,,40.67458724975586,34.94110107421875,5.6983561515808105,0.03512951359152794
2049-08-31,,40.56362533569336,34.94133377075195,5.587896823883057,0.034396570175886154
2049-09-01,,40.4620475769043,34.94156265258789,5.484232425689697,0.03625147417187691
2049-09-02,,40.03083801269531,34.94179153442383,5.387321472167969,-0.29827752709388733
2049-09-03,,40.274715423583984,34.94202423095703,5.297040939331055,0.0356491394340992
2049-09-04,,40.278141021728516,34.942256927490234,5.2131853103637695,0.1226998120546341
2049-09-05,,40.11211013793945,34.94248580932617,5.135474681854248,0.03415101766586304
2049-09-06,,40.04139709472656,34.94271469116211,5.063551425933838,0.03512951359152794
2049-09-07,,39.97433090209961,34.94294738769531,4.996984958648682,0.034396570175886154
2049-09-08,,39.914710998535156,34.943180084228516,4.935280799865723,0.03625147417187691
2049-09-09,,39.52301025390625,34.94340896606445,4.877878665924072,-0.29827752709388733
2049-09-10,,39.80345153808594,34.943641662597656,4.824159622192383,0.0356491394340992
2049-09-11,,39.840030670166016,34.943870544433594,4.773458003997803,0.1226998120546341
2049-09-12,,39.703311920166016,34.9441032409668,4.725059509277344,0.03415101766586304
2049-09-13,,39.657676696777344,34.944332122802734,4.678214073181152,0.03512951359152794
2049-09-14,,39.61110305786133,34.94456481933594,4.632138729095459,0.034396570175886154
2049-09-15,,39.56707763671875,34.94479751586914,4.586030960083008,0.03625147417187691
2049-09-16,,39.185821533203125,34.94502639770508,4.539071559906006,-0.29827752709388733
2049-09-17,,39.47134017944336,34.945255279541016,4.490435600280762,0.0356491394340992
2049-09-18,,39.50748825073242,34.94548797607422,4.439298629760742,0.1226998120546341
2049-09-19,,39.364715576171875,34.94572067260742,4.384846210479736,0.03415101766586304
2049-09-20,,39.3073616027832,34.94594955444336,4.326281547546387,0.03512951359152794
2049-09-21,,39.243412017822266,34.94618225097656,4.2628326416015625,0.034396570175886154
2049-09-22,,39.17642593383789,34.9464111328125,4.19376277923584,0.03625147417187691
2049-09-23,,38.7667350769043,34.9466438293457,4.11837100982666,-0.29827752709388733
2049-09-24,,39.01852798461914,34.94687271118164,4.036008358001709,0.0356491394340992
2049-09-25,,39.0158805847168,34.947105407714844,3.946075677871704,0.1226998120546341
2049-09-26,,38.829524993896484,34.94733428955078,3.848036766052246,0.03415101766586304
2049-09-27,,38.72411346435547,34.947566986083984,3.74141526222229,0.03512951359152794
2049-09-28,,38.608001708984375,34.94779586791992,3.625810384750366,0.034396570175886154
2049-09-29,,38.48516845703125,34.948028564453125,3.500890016555786,0.03625147417187691
2049-09-30,,38.016380310058594,34.94825744628906,3.3664000034332275,-0.29827752709388733
2049-10-01,,38.20630645751953,34.948490142822266,3.2221670150756836,0.0356491394340992
2049-10-02,,38.13951873779297,34.94872283935547,3.0680978298187256,0.1226998120546341
2049-10-03,,37.88728332519531,34.948951721191406,2.9041812419891357,0.03415101766586304
2049-10-04,,37.71480178833008,34.94918441772461,2.7304890155792236,0.03512951359152794
2049-10-05,,37.530982971191406,34.94941329956055,2.5471746921539307,0.034396570175886154
2049-10-06,,37.340370178222656,34.94964599609375,2.35447359085083,0.03625147417187691
2049-10-07,,36.80429458618164,34.94987487792969,2.1526975631713867,-0.29827752709388733
2049-10-08,,36.9279899597168,34.95010757446289,1.9422370195388794,0.0356491394340992
2049-10-09,,36.79658889770508,34.95033645629883,1.7235523462295532,0.1226998120546341
2049-10-10,,36.481895446777344,34.95056915283203,1.4971755743026733,0.03415101766586304
2049-10-11,,36.249629974365234,34.95079803466797,1.263700008392334,0.03512951359152794
2049-10-12,,36.00920486450195,34.95103073120117,1.0237783193588257,0.034396570175886154
2049-10-13,,35.76563262939453,34.951263427734375,0.7781167030334473,0.03625147417187691
2049-10-14,,35.18068313598633,34.95149230957031,0.5274669528007507,-0.29827752709388733
2049-10-15,,35.25999069213867,34.95172119140625,0.27262166142463684,0.0356491394340992
2049-10-16,,35.08905792236328,34.95195388793945,0.01440637931227684,0.1226998120546341
2049-10-17,,34.74000930786133,34.952186584472656,-0.24632684886455536,0.03415101766586304
2049-10-18,,34.47883987426758,34.952415466308594,-0.5087073445320129,0.03512951359152794
2049-10-19,,34.21519088745117,34.95264434814453,-0.7718527913093567,0.034396570175886154
2049-10-20,,33.95425033569336,34.952877044677734,-1.0348775386810303,0.03625147417187691
2049-10-21,,33.357933044433594,34.95310974121094,-1.2968978881835938,-0.29827752709388733
2049-10-22,,33.43194580078125,34.953338623046875,-1.5570424795150757,0.0356491394340992
2049-10-23,,33.26181411743164,34.95357131958008,-1.814455509185791,0.1226998120546341
2049-10-24,,32.919647216796875,34.953800201416016,-2.0683064460754395,0.03415101766586304
2049-10-25,,32.671363830566406,34.95403289794922,-2.3177967071533203,0.03512951359152794
2049-10-26,,32.42649841308594,34.954261779785156,-2.562161684036255,0.034396570175886154
2049-10-27,,32.1900634765625,34.95449447631836,-2.8006818294525146,0.03625147417187691
2049-10-28,,31.623760223388672,34.95472717285156,-3.0326850414276123,-0.29827752709388733
2049-10-29,,31.733055114746094,34.9549560546875,-3.2575490474700928,0.0356491394340992
2049-10-30,,31.603172302246094,34.95518493652344,-3.474712610244751,0.1226998120546341
2049-10-31,,31.305896759033203,34.95541763305664,-3.683668851852417,0.03415101766586304
2049-11-01,,31.106800079345703,34.955650329589844,-3.8839783668518066,0.03512951359152794
2049-11-02,,30.91501235961914,34.95587921142578,-4.075263500213623,0.034396570175886154
2049-11-03,,30.735145568847656,34.95610809326172,-4.2572150230407715,0.03625147417187691
2049-11-04,,30.228473663330078,34.95634078979492,-4.42958927154541,-0.29827752709388733
2049-11-05,,30.400009155273438,34.956573486328125,-4.592212677001953,0.0356491394340992
2049-11-06,,30.33452606201172,34.95680236816406,-4.744975566864014,0.1226998120546341
2049-11-07,,30.103347778320312,34.95703125,-4.887837886810303,0.03415101766586304
2049-11-08,,29.971572875976562,34.9572639465332,-5.020820617675781,0.03512951359152794
2049-11-09,,29.847881317138672,34.957496643066406,-5.1440110206604,0.034396570175886154
2049-11-10,,29.736427307128906,34.957725524902344,-5.257550239562988,0.03625147417187691
2049-11-11,,29.29803466796875,34.95795822143555,-5.361642837524414,-0.29827752709388733
2049-11-12,,29.53730010986328,34.958187103271484,-5.456539630889893,0.0356491394340992
2049-11-13,,29.538578033447266,34.95841979980469,-5.54254150390625,0.1226998120546341
2049-11-14,,29.372802734375,34.958648681640625,-5.619996070861816,0.03415101766586304
2049-11-15,,29.304725646972656,34.95888137817383,-5.689285755157471,0.03512951359152794
2049-11-16,,29.242679595947266,34.95911407470703,-5.750827789306641,0.034396570175886154
2049-11-17,,29.19052505493164,34.95934295654297,-5.805068492889404,0.03625147417187691
2049-11-18,,28.808815002441406,34.959571838378906,-5.852479457855225,-0.29827752709388733
2049-11-19,,29.101909637451172,34.95980453491211,-5.893544673919678,0.0356491394340992
2049-11-20,,29.153972625732422,34.96003723144531,-5.928764343261719,0.1226998120546341
2049-11-21,,29.03577423095703,34.96026611328125,-5.958644866943359,0.03415101766586304
2049-11-22,,29.011932373046875,34.96049499511719,-5.983694076538086,0.03512951359152794
2049-11-23,,28.990711212158203,34.96072769165039,-6.00441312789917,0.034396570175886154
2049-11-24,,28.975914001464844,34.960960388183594,-6.021297931671143,0.03625147417187691
2049-11-25,,28.628082275390625,34.96118927001953,-6.034830570220947,-0.29827752709388733
2049-11-26,,28.95159912109375,34.961421966552734,-6.045472145080566,0.0356491394340992
2049-11-27,,29.030685424804688,34.96165084838867,-6.0536651611328125,0.1226998120546341
2049-11-28,,28.93621063232422,34.961883544921875,-6.0598249435424805,0.03415101766586304
2049-11-29,,28.932899475097656,34.96211242675781,-6.064343452453613,0.03512951359152794
2049-11-30,,28.92917251586914,34.962345123291016,-6.067571640014648,0.034396570175886154
2049-12-01,,28.92898941040039,34.96257400512695,-6.069835662841797,0.03625147417187691
2049-12-02,,28.59310531616211,34.962806701660156,-6.0714216232299805,-0.29827752709388733
2049-12-03,,28.926101684570312,34.963035583496094,-6.072582244873047,0.0356491394340992
2049-12-04,,29.012439727783203,34.9632682800293,-6.0735297203063965,0.1226998120546341
2049-12-05,,28.923206329345703,34.9635009765625,-6.074442386627197,0.03415101766586304
2049-12-06,,28.92340087890625,34.96372985839844,-6.075457572937012,0.03512951359152794
2049-12-07,,28.921676635742188,34.96396255493164,-6.0766801834106445,0.034396570175886154
2049-12-08,,28.92226791381836,34.96419143676758,-6.0781755447387695,0.03625147417187691
2049-12-09,,28.586166381835938,34.96442413330078,-6.07997989654541,-0.29827752709388733
2049-12-10,,28.918209075927734,34.96465301513672,-6.082093715667725,0.0356491394340992
2049-12-11,,29.003097534179688,34.96488571166992,-6.084488868713379,0.1226998120546341
2049-12-12,,28.912155151367188,34.96511459350586,-6.0871124267578125,0.03415101766586304
2049-12-13,,28.910587310791016,34.96534729003906,-6.089888095855713,0.03512951359152794
2049-12-14,,28.907257080078125,34.965576171875,-6.092716693878174,0.034396570175886154
2049-12-15,,28.906578063964844,34.9658088684082,-6.095484256744385,0.03625147417187691
2049-12-16,,28.569698333740234,34.96603775024414,-6.098062515258789,-0.29827752709388733
2049-12-17,,28.90160369873047,34.966270446777344,-6.100314140319824,0.0356491394340992
2049-12-18,,28.987106323242188,34.96650314331055,-6.102094650268555,0.1226998120546341
2049-12-19,,28.897621154785156,34.966732025146484,-6.103260040283203,0.03415101766586304
2049-12-20,,28.898426055908203,34.96696090698242,-6.103665351867676,0.03512951359152794
2049-12-21,,28.898418426513672,34.967193603515625,-6.103172302246094,0.034396570175886154
2049-12-22,,28.902027130126953,34.96742630004883,-6.101648807525635,0.03625147417187691
2049-12-23,,28.570404052734375,34.967655181884766,-6.098975658416748,-0.29827752709388733
2049-12-24,,28.908485412597656,34.96788787841797,-6.095048904418945,0.0356491394340992
2049-12-25,,29.001033782958984,34.968116760253906,-6.089782238006592,0.1226998120546341
2049-12-26,,28.919395446777344,34.96834945678711,-6.08310604095459,0.03415101766586304
2049-12-27,,28.928733825683594,34.96857833862305,-6.074975490570068,0.03512951359152794
2049-12-28,,28.93783950805664,34.96881103515625,-6.065365314483643,0.034396570175886154
2049-12-29,,28.951011657714844,34.96904373168945,-6.054280757904053,0.03625147417187691
2049-12-30,,28.629249572753906,34.96927261352539,-6.041746616363525,-0.29827752709388733
2049-12-31,,28.977336883544922,34.96950149536133,-6.027814865112305,0.0356491394340992
2050-01-01,,29.07986831665039,34.96973419189453,-6.0125651359558105,0.1226998120546341
2050-01-02,,29.008018493652344,34.969966888427734,-5.996099948883057,0.03415101766586304
2050-01-03,,29.026775360107422,34.97019577026367,-5.978549003601074,0.03512951359152794
2050-01-04,,29.044757843017578,34.97042465209961,-5.960063457489014,0.034396570175886154
2050-01-05,,29.06609344482422,34.97065734863281,-5.9408159255981445,0.03625147417187691
2050-01-06,,28.75161361694336,34.970890045166016,-5.920998573303223,-0.29827752709388733
2050-01-07,,29.10594940185547,34.97111892700195,-5.900821208953857,0.0356491394340992
2050-01-08,,29.213542938232422,34.97134780883789,-5.880507469177246,0.1226998120546341
2050-01-09,,29.14543914794922,34.971580505371094,-5.860294818878174,0.03415101766586304
2050-01-10,,29.166515350341797,34.9718132019043,-5.840426445007324,0.03512951359152794
2050-01-11,,29.185287475585938,34.972042083740234,-5.821152210235596,0.034396570175886154
2050-01-12,,29.205799102783203,34.97227478027344,-5.8027238845825195,0.03625147417187691
2050-01-13,,28.888839721679688,34.97250747680664,-5.7853899002075195,-0.29827752709388733
2050-01-14,,29.238990783691406,34.97273635864258,-5.769392490386963,0.0356491394340992
2050-01-15,,29.3406982421875,34.972965240478516,-5.754968166351318,0.1226998120546341
2050-01-16,,29.265010833740234,34.97319793701172,-5.742337703704834,0.03415101766586304
2050-01-17,,29.27685546875,34.97343063354492,-5.73170280456543,0.03512951359152794
2050-01-18,,29.284805297851562,34.97365951538086,-5.723251819610596,0.034396570175886154
2050-01-19,,29.29299545288086,34.9738883972168,-5.717145919799805,0.03625147417187691
2050-01-20,,28.962322235107422,34.97412109375,-5.713521480560303,-0.29827752709388733
2050-01-21,,29.297515869140625,34.9743537902832,-5.712485313415527,0.0356491394340992
2050-01-22,,29.38317108154297,34.97458267211914,-5.714113712310791,0.1226998120546341
2050-01-23,,29.290512084960938,34.97481155395508,-5.7184529304504395,0.03415101766586304
2050-01-24,,29.284664154052734,34.97504425048828,-5.725508689880371,0.03512951359152794
2050-01-25,,29.2744140625,34.975276947021484,-5.735257148742676,0.034396570175886154
2050-01-26,,29.264122009277344,34.97550582885742,-5.747636318206787,0.03625147417187691
2050-01-27,,28.914913177490234,34.97573471069336,-5.762545108795166,-0.29827752709388733
2050-01-28,,29.231769561767578,34.97596740722656,-5.779850006103516,0.0356491394340992
2050-01-29,,29.299518585205078,34.976200103759766,-5.799378871917725,0.1226998120546341
2050-01-30,,29.189655303955078,34.9764289855957,-5.820925712585449,0.03415101766586304
2050-01-31,,29.16754150390625,34.976661682128906,-5.844252586364746,0.03512951359152794
2050-02-01,,29.142200469970703,34.97689437866211,-5.869089126586914,0.034396570175886154
2050-02-02,,29.118236541748047,34.97712326049805,-5.895136833190918,0.03625147417187691
2050-02-03,,28.757003784179688,34.977352142333984,-5.922071933746338,-0.29827752709388733
2050-02-04,,29.06368637084961,34.97758483886719,-5.94954776763916,0.0356491394340992
2050-02-05,,29.123313903808594,34.97781753540039,-5.977202415466309,0.1226998120546341
2050-02-06,,29.00754165649414,34.97804641723633,-6.004654407501221,0.03415101766586304
2050-02-07,,28.981891632080078,34.978275299072266,-6.031516075134277,0.03512951359152794
2050-02-08,,28.955516815185547,34.97850799560547,-6.057390213012695,0.034396570175886154
2050-02-09,,28.933109283447266,34.97874069213867,-6.08188009262085,0.03625147417187691
2050-02-10,,28.576099395751953,34.97896957397461,-6.104593753814697,-0.29827752709388733
2050-02-11,,28.889705657958984,34.97920227050781,-6.125145435333252,0.0356491394340992
2050-02-12,,28.958969116210938,34.97943115234375,-6.143163204193115,0.1226998120546341
2050-02-13,,28.855518341064453,34.97966384887695,-6.158294200897217,0.03415101766586304
2050-02-14,,28.844818115234375,34.979896545410156,-6.170206546783447,0.03512951359152794
2050-02-15,,28.835926055908203,34.980125427246094,-6.178594589233398,0.034396570175886154
2050-02-16,,28.833419799804688,34.98035430908203,-6.183187961578369,0.03625147417187691
2050-02-17,,28.498565673828125,34.980587005615234,-6.183745384216309,-0.29827752709388733
2050-02-18,,28.836395263671875,34.98081588745117,-6.180071830749512,0.0356491394340992
2050-02-19,,28.931739807128906,34.981048583984375,-6.172009468078613,0.1226998120546341
2050-02-20,,28.85598373413086,34.98128128051758,-6.159448623657227,0.03415101766586304
2050-02-21,,28.874313354492188,34.981510162353516,-6.142326354980469,0.03512951359152794
2050-02-22,,28.895511627197266,34.98174285888672,-6.120626926422119,0.034396570175886154
2050-02-23,,28.92383575439453,34.981971740722656,-6.094388484954834,0.03625147417187691
2050-02-24,,28.620223999023438,34.98220443725586,-6.06370210647583,-0.29827752709388733
2050-02-25,,28.9893798828125,34.98243713378906,-6.0287065505981445,0.0356491394340992
2050-02-26,,29.115768432617188,34.982666015625,-5.98959493637085,0.1226998120546341
2050-02-27,,29.0704345703125,34.98289489746094,-5.946610927581787,0.03415101766586304
2050-02-28,,29.118209838867188,34.98312759399414,-5.9000468254089355,0.03512951359152794
2050-03-01,,29.16751480102539,34.98335647583008,-5.850240230560303,0.034396570175886154
2050-03-02,,29.222267150878906,34.98358917236328,-5.797573566436768,0.03625147417187691
2050-03-03,,28.943069458007812,34.98381805419922,-5.742471218109131,-0.29827752709388733
2050-03-04,,29.334304809570312,34.98405075073242,-5.685393333435059,0.0356491394340992
2050-03-05,,29.480152130126953,34.984283447265625,-5.626830101013184,0.1226998120546341
2050-03-06,,29.45136260986328,34.98451232910156,-5.567302227020264,0.03415101766586304
2050-03-07,,29.512523651123047,34.9847412109375,-5.507347583770752,0.03512951359152794
2050-03-08,,29.57184600830078,34.9849739074707,-5.447526931762695,0.034396570175886154
2050-03-09,,29.633052825927734,34.985206604003906,-5.388403415679932,0.03625147417187691
2050-03-10,,29.356609344482422,34.985435485839844,-5.330550670623779,-0.29827752709388733
2050-03-11,,29.746780395507812,34.98566818237305,-5.274534225463867,0.0356491394340992
2050-03-12,,29.887683868408203,34.985897064208984,-5.220911502838135,0.1226998120546341
2050-03-13,,29.850055694580078,34.98612976074219,-5.170224666595459,0.03415101766586304
2050-03-14,,29.89849853515625,34.986358642578125,-5.12299108505249,0.03512951359152794
2050-03-15,,29.941287994384766,34.98659133911133,-5.079697132110596,0.034396570175886154
2050-03-16,,29.982276916503906,34.98682403564453,-5.040797233581543,0.03625147417187691
2050-03-17,,29.68207550048828,34.98705291748047,-5.0066986083984375,-0.29827752709388733
2050-03-18,,30.04517364501953,34.987281799316406,-4.97775936126709,0.0356491394340992
2050-03-19,,30.155929565429688,34.98751449584961,-4.954285144805908,0.1226998120546341
2050-03-20,,30.085372924804688,34.98774719238281,-4.936522006988525,0.03415101766586304
2050-03-21,,30.09845733642578,34.98797607421875,-4.924646377563477,0.03512951359152794
2050-03-22,,30.103832244873047,34.98820495605469,-4.918771743774414,0.034396570175886154
2050-03-23,,30.105754852294922,34.98843765258789,-4.918935298919678,0.03625147417187691
2050-03-24,,29.76529312133789,34.988670349121094,-4.925097942352295,-0.29827752709388733
2050-03-25,,30.08740234375,34.98889923095703,-4.937145233154297,0.0356491394340992
2050-03-26,,30.15694808959961,34.98912811279297,-4.954881191253662,0.1226998120546341
2050-03-27,,30.045486450195312,34.98936080932617,-4.978027820587158,0.03415101766586304
2050-03-28,,30.018489837646484,34.989593505859375,-5.00623083114624,0.03512951359152794
2050-03-29,,29.98516845703125,34.98982238769531,-5.039051532745361,0.034396570175886154
2050-03-30,,29.950332641601562,34.990055084228516,-5.075974464416504,0.03625147417187691
2050-03-31,,29.57559585571289,34.99028396606445,-5.116410732269287,-0.29827752709388733
2050-04-01,,29.866470336914062,34.990516662597656,-5.159692764282227,0.0356491394340992
2050-04-02,,29.908355712890625,34.990745544433594,-5.205090522766113,0.1226998120546341
2050-04-03,,29.77332305908203,34.9909782409668,-5.251804828643799,0.03415101766586304
2050-04-04,,29.727359771728516,34.9912109375,-5.298980236053467,0.03512951359152794
2050-04-05,,29.680126190185547,34.99143981933594,-5.345707893371582,0.034396570175886154
2050-04-06,,29.636890411376953,34.991668701171875,-5.391031265258789,0.03625147417187691
2050-04-07,,29.259666442871094,34.99190139770508,-5.433956623077393,-0.29827752709388733
2050-04-08,,29.554325103759766,34.99213409423828,-5.473458290100098,0.0356491394340992
2050-04-09,,29.60657501220703,34.99236297607422,-5.508488178253174,0.1226998120546341
2050-04-10,,29.48876190185547,34.99259567260742,-5.537984371185303,0.03415101766586304
2050-04-11,,29.467079162597656,34.99282455444336,-5.560876369476318,0.03512951359152794
2050-04-12,,29.451351165771484,34.99305725097656,-5.576100826263428,0.034396570175886154
2050-04-13,,29.446929931640625,34.9932861328125,-5.582608699798584,0.03625147417187691
2050-04-14,,29.11587142944336,34.99351501464844,-5.579367160797119,-0.29827752709388733
2050-04-15,,29.46401596069336,34.99374771118164,-5.565380096435547,0.0356491394340992
2050-04-16,,29.57699203491211,34.993980407714844,-5.539689064025879,0.1226998120546341
2050-04-17,,29.526973724365234,34.99420928955078,-5.501388072967529,0.03415101766586304
2050-04-18,,29.579944610595703,34.994441986083984,-5.449626922607422,0.03512951359152794
2050-04-19,,29.64544677734375,34.99467086791992,-5.383622646331787,0.034396570175886154
2050-04-20,,29.72848892211914,34.994903564453125,-5.302667140960693,0.03625147417187691
2050-04-21,,29.490726470947266,34.99513626098633,-5.2061309814453125,-0.29827752709388733
2050-04-22,,29.937538146972656,34.995365142822266,-5.09347677230835,0.0356491394340992
2050-04-23,,30.154037475585938,34.99559783935547,-4.964259147644043,0.1226998120546341
2050-04-24,,30.21184539794922,34.995826721191406,-4.818131923675537,0.03415101766586304
2050-04-25,,30.37633514404297,34.996055603027344,-4.654852390289307,0.03512951359152794
2050-04-26,,30.556400299072266,34.99628829956055,-4.4742865562438965,0.034396570175886154
2050-04-27,,30.756362915039062,34.99652099609375,-4.276407718658447,0.03625147417187691
2050-04-28,,30.637168884277344,34.99674987792969,-4.061304092407227,-0.29827752709388733
2050-04-29,,31.20345687866211,34.99698257446289,-3.829174041748047,0.0356491394340992
2050-04-30,,31.53958511352539,34.99721145629883,-3.580329179763794,0.1226998120546341
2050-05-01,,31.71640396118164,34.99744415283203,-3.3151919841766357,0.03415101766586304
2050-05-02,,31.99850845336914,34.997676849365234,-3.0342960357666016,0.03512951359152794
2050-05-03,,32.29402160644531,34.99790573120117,-2.7382781505584717,0.034396570175886154
2050-05-04,,32.60650634765625,34.99813461303711,-2.427880048751831,0.03625147417187691
2050-05-05,,32.59614944458008,34.99836730957031,-2.103940010070801,-0.29827752709388733
2050-05-06,,33.2668571472168,34.99859619140625,-1.7673895359039307,0.0356491394340992
2050-05-07,,33.70228576660156,34.99882888793945,-1.419243335723877,0.1226998120546341
2050-05-08,,33.97261428833008,34.99905776977539,-1.0605965852737427,0.03415101766586304
2050-05-09,,34.34180450439453,34.999290466308594,-0.6926134824752808,0.03512951359152794
2050-05-10,,34.7173957824707,34.9995231628418,-0.3165230453014374,0.034396570175886154
2050-05-11,,35.10240173339844,34.999752044677734,0.06639692187309265,0.03625147417187691
2050-05-12,,35.15652847290039,34.99998474121094,0.4548226296901703,-0.29827752709388733
2050-05-13,,35.883262634277344,35.000213623046875,0.84739750623703,0.0356491394340992
2050-05-14,,36.36588668823242,35.00044631958008,1.2427401542663574,0.1226998120546341
2050-05-15,,36.674285888671875,35.000675201416016,1.6394578218460083,0.03415101766586304
2050-05-16,,37.07218933105469,35.00090789794922,2.0361552238464355,0.03512951359152794
2050-05-17,,37.466976165771484,35.001136779785156,2.431443214416504,0.034396570175886154
2050-05-18,,37.861576080322266,35.00136947631836,2.823953866958618,0.03625147417187691
2050-05-19,,37.91566848754883,35.0015983581543,3.2123451232910156,-0.29827752709388733
2050-05-20,,38.63279342651367,35.0018310546875,3.595313787460327,0.0356491394340992
2050-05-21,,39.09636688232422,35.0020637512207,3.9716055393218994,0.1226998120546341
2050-05-22,,39.37646484375,35.00229263305664,4.340022087097168,0.03415101766586304
2050-05-23,,39.73708724975586,35.00252151489258,4.699433326721191,0.03512951359152794
2050-05-24,,40.085933685302734,35.00275421142578,5.0487799644470215,0.034396570175886154
2050-05-25,,40.42632293701172,35.002986907958984,5.387083530426025,0.03625147417187691
2050-05-26,,40.41839599609375,35.00321578979492,5.713454723358154,-0.29827752709388733
2050-05-27,,41.06619644165039,35.00344467163086,6.027099132537842,0.0356491394340992
2050-05-28,,41.45368957519531,35.00367736816406,6.3273138999938965,0.1226998120546341
2050-05-29,,41.65156555175781,35.003910064697266,6.61350679397583,0.03415101766586304
2050-05-30,,41.92445373535156,35.0041389465332,6.885184288024902,0.03512951359152794
2050-05-31,,42.180728912353516,35.004371643066406,7.14196252822876,0.034396570175886154
2050-06-01,,42.42441940307617,35.004600524902344,7.383565425872803,0.03625147417187691
2050-06-02,,42.316383361816406,35.00483322143555,7.609827518463135,-0.29827752709388733
2050-06-03,,42.86139678955078,35.005062103271484,7.820687294006348,0.0356491394340992
2050-06-04,,43.144187927246094,35.00529479980469,8.016190528869629,0.1226998120546341
2050-06-05,,43.23616409301758,35.00552749633789,8.196488380432129,0.03415101766586304
2050-06-06,,43.40271759033203,35.00575637817383,8.36182975769043,0.03512951359152794
2050-06-07,,43.552940368652344,35.005985260009766,8.512558937072754,0.034396570175886154
2050-06-08,,43.69157409667969,35.00621795654297,8.649107933044434,0.03625147417187691
2050-06-09,,43.480167388916016,35.00645065307617,8.771994590759277,-0.29827752709388733
2050-06-10,,43.92414855957031,35.00667953491211,8.881817817687988,0.0356491394340992
2050-06-11,,44.108848571777344,35.00690841674805,8.979238510131836,0.1226998120546341
2050-06-12,,44.10627365112305,35.00714111328125,9.064981460571289,0.03415101766586304
2050-06-13,,44.18233108520508,35.00737380981445,9.1398286819458,0.03512951359152794
2050-06-14,,44.246604919433594,35.00760269165039,9.20460319519043,0.034396570175886154
2050-06-15,,44.30424880981445,35.00783157348633,9.260161399841309,0.03625147417187691
2050-06-16,,44.017181396484375,35.00806427001953,9.307392120361328,-0.29827752709388733
2050-06-17,,44.39113998413086,35.008296966552734,9.34719467163086,0.0356491394340992
2050-06-18,,44.51170349121094,35.00852584838867,9.380477905273438,0.1226998120546341
2050-06-19,,44.4510612487793,35.008758544921875,9.408150672912598,0.03415101766586304
2050-06-20,,44.47522735595703,35.00898742675781,9.431106567382812,0.03512951359152794
2050-06-21,,44.49383544921875,35.009220123291016,9.450220108032227,0.034396570175886154
2050-06-22,,44.51203918457031,35.00944900512695,9.466337203979492,0.03625147417187691
2050-06-23,,44.191673278808594,35.009681701660156,9.480267524719238,-0.29827752709388733
2050-06-24,,44.53833770751953,35.00991439819336,9.492775917053223,0.0356491394340992
2050-06-25,,44.63741683959961,35.0101432800293,9.504573822021484,0.1226998120546341
2050-06-26,,44.56083679199219,35.010372161865234,9.516312599182129,0.03415101766586304
2050-06-27,,44.57432174682617,35.01060485839844,9.528587341308594,0.03512951359152794
2050-06-28,,44.5871467590332,35.01083755493164,9.541910171508789,0.034396570175886154
2050-06-29,,44.60405349731445,35.01106643676758,9.556733131408691,0.03625147417187691
2050-06-30,,44.28644561767578,35.01129913330078,9.57342529296875,-0.29827752709388733
2050-07-01,,44.63945388793945,35.01152801513672,9.59227466583252,0.0356491394340992
2050-07-02,,44.747947692871094,35.01176071166992,9.613489151000977,0.1226998120546341
2050-07-03,,44.68334197998047,35.01198959350586,9.637201309204102,0.03415101766586304
2050-07-04,,44.7108039855957,35.01222229003906,9.66344928741455,0.03512951359152794
2050-07-05,,44.73905563354492,35.012451171875,9.692204475402832,0.034396570175886154
2050-07-06,,44.772281646728516,35.0126838684082,9.723347663879395,0.03625147417187691
2050-07-07,,44.4713249206543,35.01291275024414,9.75669002532959,-0.29827752709388733
2050-07-08,,44.84076690673828,35.013145446777344,9.79196834564209,0.0356491394340992
2050-07-09,,44.96492385864258,35.01337432861328,9.828847885131836,0.1226998120546341
2050-07-10,,44.91469955444336,35.013607025146484,9.866939544677734,0.03415101766586304
2050-07-11,,44.95475387573242,35.01383972167969,9.905783653259277,0.03512951359152794
2050-07-12,,44.99334716796875,35.014068603515625,9.944878578186035,0.034396570175886154
2050-07-13,,45.03422164916992,35.01430130004883,9.983673095703125,0.03625147417187691
2050-07-14,,44.73783874511719,35.014530181884766,10.021584510803223,-0.29827752709388733
2050-07-15,,45.108402252197266,35.01476287841797,10.057989120483398,0.0356491394340992
2050-07-16,,45.22994613647461,35.014991760253906,10.092253684997559,0.1226998120546341
2050-07-17,,45.173095703125,35.01522445678711,10.1237211227417,0.03415101766586304
2050-07-18,,45.20231628417969,35.01545333862305,10.151731491088867,0.03512951359152794
2050-07-19,,45.225711822509766,35.01568603515625,10.175626754760742,0.034396570175886154
2050-07-20,,45.24693298339844,35.01591491699219,10.194765090942383,0.03625147417187691
2050-07-21,,44.9263801574707,35.01614761352539,10.208511352539062,-0.29827752709388733
2050-07-22,,45.26829528808594,35.016380310058594,10.216267585754395,0.0356491394340992
2050-07-23,,45.35676956176758,35.01660919189453,10.217459678649902,0.1226998120546341
2050-07-24,,45.26255416870117,35.01683807373047,10.211562156677246,0.03415101766586304
2050-07-25,,45.25028991699219,35.01707077026367,10.198091506958008,0.03512951359152794
2050-07-26,,45.22832489013672,35.017303466796875,10.176624298095703,0.034396570175886154
2050-07-27,,45.20056915283203,35.01753234863281,10.1467866897583,0.03625147417187691
2050-07-28,,44.8277587890625,35.01776123046875,10.108272552490234,-0.29827752709388733
2050-07-29,,45.11448669433594,35.01799392700195,10.060843467712402,0.0356491394340992
2050-07-30,,45.145259857177734,35.018226623535156,10.00433349609375,0.1226998120546341
2050-07-31,,44.99125671386719,35.018455505371094,9.938650131225586,0.03415101766586304
2050-08-01,,44.91758346557617,35.0186882019043,9.863767623901367,0.03512951359152794
2050-08-02,,44.83306121826172,35.0189208984375,9.779746055603027,0.034396570175886154
2050-08-03,,44.74212646484375,35.01914978027344,9.686723709106445,0.03625147417187691
2050-08-04,,44.306007385253906,35.019378662109375,9.584905624389648,-0.29827752709388733
2050-08-05,,44.52983474731445,35.01961135864258,9.474575996398926,0.0356491394340992
2050-08-06,,44.49863052368164,35.01984405517578,9.356088638305664,0.1226998120546341
2050-08-07,,44.28409194946289,35.02007293701172,9.229867935180664,0.03415101766586304
2050-08-08,,44.15183639526367,35.020301818847656,9.096403121948242,0.03512951359152794
2050-08-09,,44.011173248291016,35.02053451538086,8.956243515014648,0.034396570175886154
2050-08-10,,43.86700439453125,35.02076721191406,8.809988975524902,0.03625147417187691
2050-08-11,,43.381011962890625,35.02099609375,8.658293724060059,-0.29827752709388733
2050-08-12,,43.55873107910156,35.02122497558594,8.50185489654541,0.0356491394340992
2050-08-13,,43.48556137084961,35.02145767211914,8.341401100158691,0.1226998120546341
2050-08-14,,43.23353576660156,35.021690368652344,8.177695274353027,0.03415101766586304
2050-08-15,,43.068565368652344,35.02191925048828,8.011515617370605,0.03512951359152794
2050-08-16,,42.90020751953125,35.02214813232422,7.843660354614258,0.034396570175886154
2050-08-17,,42.733558654785156,35.02238082885742,7.674922943115234,0.03625147417187691
2050-08-18,,42.23044204711914,35.022613525390625,7.506107330322266,-0.29827752709388733
2050-08-19,,42.396488189697266,35.02284240722656,7.337996006011963,0.0356491394340992
2050-08-20,,42.317134857177734,35.023075103759766,7.171358585357666,0.1226998120546341
2050-08-21,,42.064395904541016,35.02330780029297,7.006937026977539,0.03415101766586304
2050-08-22,,41.90410232543945,35.023536682128906,6.8454365730285645,0.03512951359152794
2050-08-23,,41.745689392089844,35.023765563964844,6.687525272369385,0.034396570175886154
2050-08-24,,41.59407043457031,35.02399826049805,6.53381872177124,0.03625147417187691
2050-08-25,,41.110836029052734,35.02423095703125,6.384883403778076,-0.29827752709388733
2050-08-26,,41.30133056640625,35.02445983886719,6.241222858428955,0.0356491394340992
2050-08-27,,41.250667572021484,35.024688720703125,6.103275775909424,0.1226998120546341
2050-08-28,,41.030487060546875,35.02492141723633,5.971411228179932,0.03415101766586304
2050-08-29,,40.90620422363281,35.02515411376953,5.84592342376709,0.03512951359152794
2050-08-30,,40.78681182861328,35.02538299560547,5.727031230926514,0.034396570175886154
2050-08-31,,40.67673873901367,35.025611877441406,5.614873886108398,0.03625147417187691
2050-09-01,,40.23707962036133,35.02584457397461,5.509511947631836,-0.29827752709388733
2050-09-02,,40.47264862060547,35.02607727050781,5.410921573638916,0.0356491394340992
2050-09-03,,40.4680061340332,35.02630615234375,5.318999290466309,0.1226998120546341
2050-09-04,,40.29425048828125,35.02653884887695,5.233561038970947,0.03415101766586304
2050-09-05,,40.216243743896484,35.02676773071289,5.15434455871582,0.03512951359152794
2050-09-06,,40.14240646362305,35.027000427246094,5.081011772155762,0.034396570175886154
2050-09-07,,40.07663345336914,35.02722930908203,5.013150691986084,0.03625147417187691
2050-09-08,,39.679466247558594,35.027462005615234,4.950279712677002,-0.29827752709388733
2050-09-09,,39.9552001953125,35.02769470214844,4.891857624053955,0.0356491394340992
2050-09-10,,39.9879035949707,35.027923583984375,4.837279796600342,0.1226998120546341
2050-09-11,,39.84819412231445,35.02815246582031,4.785889148712158,0.03415101766586304
2050-09-12,,39.800498962402344,35.028385162353516,4.736983299255371,0.03512951359152794
2050-09-13,,39.75283432006836,35.02861785888672,4.689821720123291,0.034396570175886154
2050-09-14,,39.70872497558594,35.028846740722656,4.643628120422363,0.03625147417187691
2050-09-15,,39.328407287597656,35.02907943725586,4.597604751586914,-0.29827752709388733
2050-09-16,,39.61589431762695,35.0293083190918,4.550936698913574,0.0356491394340992
2050-09-17,,39.65503692626953,35.029541015625,4.5027971267700195,0.1226998120546341
2050-09-18,,39.51628112792969,35.02976989746094,4.452362060546875,0.03415101766586304
2050-09-19,,39.46394348144531,35.03000259399414,4.398813724517822,0.03512951359152794
2050-09-20,,39.40597915649414,35.03023147583008,4.341350555419922,0.034396570175886154
2050-09-21,,39.345909118652344,35.03046417236328,4.279194355010986,0.03625147417187691
2050-09-22,,38.94401168823242,35.03069305419922,4.2115960121154785,-0.29827752709388733
2050-09-23,,39.20442199707031,35.03092575073242,4.137847900390625,0.0356491394340992
2050-09-24,,39.21113967895508,35.03115463256836,4.057286262512207,0.1226998120546341
2050-09-25,,39.03483581542969,35.03138732910156,3.969298839569092,0.03415101766586304
2050-09-26,,38.94008255004883,35.031620025634766,3.873333215713501,0.03512951359152794
2050-09-27,,38.83514404296875,35.0318489074707,3.7688989639282227,0.034396570175886154
2050-09-28,,38.72390365600586,35.032081604003906,3.6555731296539307,0.03625147417187691
2050-09-29,,38.26704025268555,35.032310485839844,3.533007860183716,-0.29827752709388733
2050-09-30,,38.46912384033203,35.03254318237305,3.400930166244507,0.0356491394340992
2050-10-01,,38.41461944580078,35.032772064208984,3.2591450214385986,0.1226998120546341
2050-10-02,,38.1746940612793,35.03300476074219,3.107538938522339,0.03415101766586304
2050-10-03,,38.01444625854492,35.03323745727539,2.9460809230804443,0.03512951359152794
2050-10-04,,37.84268569946289,35.03346633911133,2.7748215198516846,0.034396570175886154
2050-10-05,,37.663841247558594,35.033695220947266,2.5938937664031982,0.03625147417187691
2050-10-06,,37.139163970947266,35.03392791748047,2.403513193130493,-0.29827752709388733
2050-10-07,,37.27377700805664,35.034156799316406,2.2039718627929688,0.0356491394340992
2050-10-08,,37.152732849121094,35.03438949584961,1.9956421852111816,0.1226998120546341
2050-10-09,,36.84773635864258,35.03461837768555,1.7789669036865234,0.03415101766586304
2050-10-10,,36.62443923950195,35.03485107421875,1.5544596910476685,0.03512951359152794
2050-10-11,,36.39217758178711,35.03508377075195,1.3226996660232544,0.034396570175886154
2050-10-12,,36.15589141845703,35.03531265258789,1.0843254327774048,0.03625147417187691
2050-10-13,,35.577293395996094,35.03554153442383,0.8400300145149231,-0.29827752709388733
2050-10-14,,35.66197967529297,35.03577423095703,0.5905541777610779,0.0356491394340992
2050-10-15,,35.49538803100586,35.036006927490234,0.3366814851760864,0.1226998120546341
2050-10-16,,35.14961624145508,35.03623580932617,0.07922972738742828,0.03415101766586304
2050-10-17,,34.89064025878906,35.036468505859375,-0.18095466494560242,0.03512951359152794
2050-10-18,,34.62808609008789,35.03669738769531,-0.44300559163093567,0.034396570175886154
2050-10-19,,34.36713790893555,35.036930084228516,-0.7060431838035583,0.03625147417187691
2050-10-20,,33.76969909667969,35.03715896606445,-0.9691811203956604,-0.29827752709388733
2050-10-21,,33.84150695800781,35.037391662597656,-1.2315349578857422,0.0356491394340992
2050-10-22,,33.668094635009766,35.03762435913086,-1.4922294616699219,0.1226998120546341
2050-10-23,,33.321598052978516,35.0378532409668,-1.7504048347473145,0.03415101766586304
2050-10-24,,33.0679931640625,35.038082122802734,-2.0052223205566406,0.03512951359152794
2050-10-25,,32.816837310791016,35.03831481933594,-2.255875587463379,0.034396570175886154
2050-10-26,,32.573204040527344,35.03854751586914,-2.5015907287597656,0.03625147417187691
2050-10-27,,31.998863220214844,35.03877639770508,-2.7416374683380127,-0.29827752709388733
2050-10-28,,32.099327087402344,35.039005279541016,-2.975330352783203,0.0356491394340992
2050-10-29,,31.95989990234375,35.03923797607422,-3.2020344734191895,0.1226998120546341
2050-10-30,,31.652446746826172,35.03947067260742,-3.421172618865967,0.03415101766586304
2050-10-31,,31.442604064941406,35.03969955444336,-3.6322247982025146,0.03512951359152794
2050-11-01,,31.239593505859375,35.0399284362793,-3.834733247756958,0.034396570175886154
2050-11-02,,31.048107147216797,35.0401611328125,-4.028306007385254,0.03625147417187691
